{
"type": "FeatureCollection",
"name": "trees",
"crs": { "type": "name", "properties": { "name": "urn:ogc:def:crs:OGC:1.3:CRS84" } },
"features": [
{ "type": "Feature", "properties": { "JYUSYU": "スギ", "JYUKO": 3.1, "CHOKKEI": 5.7, "TANBOKUZAISEKI": 0.005, "JUKANCHORITSU": 65, "KEIJOHI": 54, "SHURYOHISU": 0, "DATANENDO": 2023, "UNIQUENO": 61139170, "ADDDATE": "2024-03-29", "ADDTENANT": "17000F", "ADDUSER": "kikaku", "EDITDATE": "2024-03-29", "EDITTENANT": null, "EDITUSER": null, "X": -35000.749999999098, "Y": 66029.25 }, "geometry": { "type": "Point", "coordinates": [ 136.775480596329999, 36.594465818031694 ] } },
{ "type": "Feature", "properties": { "JYUSYU": "スギ", "JYUKO": 13.6, "CHOKKEI": 28.1, "TANBOKUZAISEKI": 0.379, "JUKANCHORITSU": 91, "KEIJOHI": 48, "SHURYOHISU": 0, "DATANENDO": 2023, "UNIQUENO": 61139171, "ADDDATE": "2024-03-29", "ADDTENANT": "17000F", "ADDUSER": "kikaku", "EDITDATE": "2024-03-29", "EDITTENANT": null, "EDITUSER": null, "X": -35005.249999999098, "Y": 66028.75 }, "geometry": { "type": "Point", "coordinates": [ 136.775430325865472, 36.594461146888555 ] } },
{ "type": "Feature", "properties": { "JYUSYU": "スギ", "JYUKO": 22.4, "CHOKKEI": 30.8, "TANBOKUZAISEKI": 0.739, "JUKANCHORITSU": 25, "KEIJOHI": 73, "SHURYOHISU": 0, "DATANENDO": 2023, "UNIQUENO": 61139174, "ADDDATE": "2024-03-29", "ADDTENANT": "17000F", "ADDUSER": "kikaku", "EDITDATE": "2024-03-29", "EDITTENANT": null, "EDITUSER": null, "X": -35015.249999999098, "Y": 66028.250000001906 }, "geometry": { "type": "Point", "coordinates": [ 136.775318585933348, 36.594456273907646 ] } },
{ "type": "Feature", "properties": { "JYUSYU": "スギ", "JYUKO": 25.6, "CHOKKEI": 49.0, "TANBOKUZAISEKI": 1.971, "JUKANCHORITSU": 39, "KEIJOHI": 52, "SHURYOHISU": 0, "DATANENDO": 2023, "UNIQUENO": 61139177, "ADDDATE": "2024-03-29", "ADDTENANT": "17000F", "ADDUSER": "kikaku", "EDITDATE": "2024-03-29", "EDITTENANT": null, "EDITUSER": null, "X": -35021.25, "Y": 66027.25 }, "geometry": { "type": "Point", "coordinates": [ 136.775251573843093, 36.594447041577688 ] } },
{ "type": "Feature", "properties": { "JYUSYU": "スギ", "JYUKO": 13.2, "CHOKKEI": 17.4, "TANBOKUZAISEKI": 0.153, "JUKANCHORITSU": 46, "KEIJOHI": 76, "SHURYOHISU": 0, "DATANENDO": 2023, "UNIQUENO": 61139178, "ADDDATE": "2024-03-29", "ADDTENANT": "17000F", "ADDUSER": "kikaku", "EDITDATE": "2024-03-29", "EDITTENANT": null, "EDITUSER": null, "X": -35004.25, "Y": 66027.25 }, "geometry": { "type": "Point", "coordinates": [ 136.77544157037633, 36.594447665378773 ] } },
{ "type": "Feature", "properties": { "JYUSYU": "スギ", "JYUKO": 22.3, "CHOKKEI": 30.3, "TANBOKUZAISEKI": 0.712, "JUKANCHORITSU": 13, "KEIJOHI": 74, "SHURYOHISU": 0, "DATANENDO": 2023, "UNIQUENO": 61139181, "ADDDATE": "2024-03-29", "ADDTENANT": "17000F", "ADDUSER": "kikaku", "EDITDATE": "2024-03-29", "EDITTENANT": null, "EDITUSER": null, "X": -35017.25, "Y": 66026.249999998094 }, "geometry": { "type": "Point", "coordinates": [ 136.775296324420822, 36.594438176251387 ] } },
{ "type": "Feature", "properties": { "JYUSYU": "スギ", "JYUKO": 13.6, "CHOKKEI": 25.6, "TANBOKUZAISEKI": 0.318, "JUKANCHORITSU": 71, "KEIJOHI": 53, "SHURYOHISU": 0, "DATANENDO": 2023, "UNIQUENO": 61139182, "ADDDATE": "2024-03-29", "ADDTENANT": "17000F", "ADDUSER": "kikaku", "EDITDATE": "2024-03-29", "EDITTENANT": null, "EDITUSER": null, "X": -35001.75, "Y": 66026.249999998094 }, "geometry": { "type": "Point", "coordinates": [ 136.775469556534944, 36.594438744958225 ] } },
{ "type": "Feature", "properties": { "JYUSYU": "スギ", "JYUKO": 27.8, "CHOKKEI": 50.5, "TANBOKUZAISEKI": 2.252, "JUKANCHORITSU": 64, "KEIJOHI": 55, "SHURYOHISU": 0, "DATANENDO": 2023, "UNIQUENO": 61139183, "ADDDATE": "2024-03-29", "ADDTENANT": "17000F", "ADDUSER": "kikaku", "EDITDATE": "2024-03-29", "EDITTENANT": null, "EDITUSER": null, "X": -35012.249999999098, "Y": 66025.75 }, "geometry": { "type": "Point", "coordinates": [ 136.775352228499997, 36.59443385366756 ] } },
{ "type": "Feature", "properties": { "JYUSYU": "スギ", "JYUKO": 21.5, "CHOKKEI": 30.6, "TANBOKUZAISEKI": 0.7, "JUKANCHORITSU": 34, "KEIJOHI": 70, "SHURYOHISU": 0, "DATANENDO": 2023, "UNIQUENO": 61139184, "ADDDATE": "2024-03-29", "ADDTENANT": "17000F", "ADDUSER": "kikaku", "EDITDATE": "2024-03-29", "EDITTENANT": null, "EDITUSER": null, "X": -35008.249999999098, "Y": 66024.750000003696 }, "geometry": { "type": "Point", "coordinates": [ 136.775396979058939, 36.594424988303388 ] } },
{ "type": "Feature", "properties": { "JYUSYU": "スギ", "JYUKO": 16.4, "CHOKKEI": 28.0, "TANBOKUZAISEKI": 0.453, "JUKANCHORITSU": 30, "KEIJOHI": 59, "SHURYOHISU": 0, "DATANENDO": 2023, "UNIQUENO": 61139185, "ADDDATE": "2024-03-29", "ADDTENANT": "17000F", "ADDUSER": "kikaku", "EDITDATE": "2024-03-29", "EDITTENANT": null, "EDITUSER": null, "X": -35005.249999999098, "Y": 66023.250000003696 }, "geometry": { "type": "Point", "coordinates": [ 136.77543057609347, 36.594411580171297 ] } },
{ "type": "Feature", "properties": { "JYUSYU": "スギ", "JYUKO": 27.4, "CHOKKEI": 51.3, "TANBOKUZAISEKI": 2.289, "JUKANCHORITSU": 35, "KEIJOHI": 53, "SHURYOHISU": 0, "DATANENDO": 2023, "UNIQUENO": 61139187, "ADDDATE": "2024-03-29", "ADDTENANT": "17000F", "ADDUSER": "kikaku", "EDITDATE": "2024-03-29", "EDITTENANT": null, "EDITUSER": null, "X": -35018.249999999098, "Y": 66022.250000001906 }, "geometry": { "type": "Point", "coordinates": [ 136.775285330207026, 36.594402091030872 ] } },
{ "type": "Feature", "properties": { "JYUSYU": "スギ", "JYUKO": 28.0, "CHOKKEI": 55.0, "TANBOKUZAISEKI": 2.652, "JUKANCHORITSU": 93, "KEIJOHI": 51, "SHURYOHISU": 0, "DATANENDO": 2023, "UNIQUENO": 61139188, "ADDDATE": "2024-03-29", "ADDTENANT": "17000F", "ADDUSER": "kikaku", "EDITDATE": "2024-03-29", "EDITTENANT": null, "EDITUSER": null, "X": -34993.25, "Y": 66021.750000003696 }, "geometry": { "type": "Point", "coordinates": [ 136.775564759454795, 36.594398502135228 ] } },
{ "type": "Feature", "properties": { "JYUSYU": "スギ", "JYUKO": 25.3, "CHOKKEI": 51.8, "TANBOKUZAISEKI": 2.146, "JUKANCHORITSU": 90, "KEIJOHI": 49, "SHURYOHISU": 0, "DATANENDO": 2023, "UNIQUENO": 61139189, "ADDDATE": "2024-03-29", "ADDTENANT": "17000F", "ADDUSER": "kikaku", "EDITDATE": "2024-03-29", "EDITTENANT": null, "EDITUSER": null, "X": -34998.75, "Y": 66021.25 }, "geometry": { "type": "Point", "coordinates": [ 136.775503312769331, 36.594393794348832 ] } },
{ "type": "Feature", "properties": { "JYUSYU": "スギ", "JYUKO": 28.5, "CHOKKEI": 50.3, "TANBOKUZAISEKI": 2.298, "JUKANCHORITSU": 52, "KEIJOHI": 57, "SHURYOHISU": 0, "DATANENDO": 2023, "UNIQUENO": 61139191, "ADDDATE": "2024-03-29", "ADDTENANT": "17000F", "ADDUSER": "kikaku", "EDITDATE": "2024-03-29", "EDITTENANT": null, "EDITUSER": null, "X": -35012.249999999098, "Y": 66020.750000001906 }, "geometry": { "type": "Point", "coordinates": [ 136.775352456025189, 36.594388793015732 ] } },
{ "type": "Feature", "properties": { "JYUSYU": "スギ", "JYUKO": 15.6, "CHOKKEI": 28.5, "TANBOKUZAISEKI": 0.446, "JUKANCHORITSU": 54, "KEIJOHI": 55, "SHURYOHISU": 0, "DATANENDO": 2023, "UNIQUENO": 61139193, "ADDDATE": "2024-03-29", "ADDTENANT": "17000F", "ADDUSER": "kikaku", "EDITDATE": "2024-03-29", "EDITTENANT": null, "EDITUSER": null, "X": -35004.25, "Y": 66020.250000003696 }, "geometry": { "type": "Point", "coordinates": [ 136.775441888838941, 36.594384580465601 ] } },
{ "type": "Feature", "properties": { "JYUSYU": "スギ", "JYUKO": 31.9, "CHOKKEI": 59.5, "TANBOKUZAISEKI": 3.485, "JUKANCHORITSU": 76, "KEIJOHI": 54, "SHURYOHISU": 0, "DATANENDO": 2023, "UNIQUENO": 61139195, "ADDDATE": "2024-03-29", "ADDTENANT": "17000F", "ADDUSER": "kikaku", "EDITDATE": "2024-03-29", "EDITTENANT": null, "EDITUSER": null, "X": -34986.749999999098, "Y": 66018.750000003696 }, "geometry": { "type": "Point", "coordinates": [ 136.775637541560144, 36.594371704099864 ] } },
{ "type": "Feature", "properties": { "JYUSYU": "スギ", "JYUKO": 8.7, "CHOKKEI": 17.7, "TANBOKUZAISEKI": 0.105, "JUKANCHORITSU": 34, "KEIJOHI": 49, "SHURYOHISU": 0, "DATANENDO": 2023, "UNIQUENO": 61139197, "ADDDATE": "2024-03-29", "ADDTENANT": "17000F", "ADDUSER": "kikaku", "EDITDATE": "2024-03-29", "EDITTENANT": null, "EDITUSER": null, "X": -34981.249999999098, "Y": 66018.25 }, "geometry": { "type": "Point", "coordinates": [ 136.775699033701557, 36.594367399686156 ] } },
{ "type": "Feature", "properties": { "JYUSYU": "スギ", "JYUKO": 28.4, "CHOKKEI": 46.8, "TANBOKUZAISEKI": 1.997, "JUKANCHORITSU": 34, "KEIJOHI": 61, "SHURYOHISU": 0, "DATANENDO": 2023, "UNIQUENO": 61139201, "ADDDATE": "2024-03-29", "ADDTENANT": "17000F", "ADDUSER": "kikaku", "EDITDATE": "2024-03-29", "EDITTENANT": null, "EDITUSER": null, "X": -35015.249999999098, "Y": 66017.250000001906 }, "geometry": { "type": "Point", "coordinates": [ 136.775319086531596, 36.59435714047391 ] } },
{ "type": "Feature", "properties": { "JYUSYU": "スギ", "JYUKO": 26.4, "CHOKKEI": 47.4, "TANBOKUZAISEKI": 1.907, "JUKANCHORITSU": 44, "KEIJOHI": 56, "SHURYOHISU": 0, "DATANENDO": 2023, "UNIQUENO": 61139202, "ADDDATE": "2024-03-29", "ADDTENANT": "17000F", "ADDUSER": "kikaku", "EDITDATE": "2024-03-29", "EDITTENANT": null, "EDITUSER": null, "X": -34993.25, "Y": 66017.250000001906 }, "geometry": { "type": "Point", "coordinates": [ 136.775564964116029, 36.594357947547287 ] } },
{ "type": "Feature", "properties": { "JYUSYU": "スギ", "JYUKO": 25.9, "CHOKKEI": 45.2, "TANBOKUZAISEKI": 1.715, "JUKANCHORITSU": 46, "KEIJOHI": 57, "SHURYOHISU": 0, "DATANENDO": 2023, "UNIQUENO": 61139203, "ADDDATE": "2024-03-29", "ADDTENANT": "17000F", "ADDUSER": "kikaku", "EDITDATE": "2024-03-29", "EDITTENANT": null, "EDITUSER": null, "X": -35018.249999999098, "Y": 66016.250000001906 }, "geometry": { "type": "Point", "coordinates": [ 136.77528560328355, 36.594348018248773 ] } },
{ "type": "Feature", "properties": { "JYUSYU": "スギ", "JYUKO": 8.2, "CHOKKEI": 16.7, "TANBOKUZAISEKI": 0.089, "JUKANCHORITSU": 61, "KEIJOHI": 49, "SHURYOHISU": 0, "DATANENDO": 2023, "UNIQUENO": 61139204, "ADDDATE": "2024-03-29", "ADDTENANT": "17000F", "ADDUSER": "kikaku", "EDITDATE": "2024-03-29", "EDITTENANT": null, "EDITUSER": null, "X": -34978.75, "Y": 66015.750000001906 }, "geometry": { "type": "Point", "coordinates": [ 136.775727087994056, 36.594344961008431 ] } },
{ "type": "Feature", "properties": { "JYUSYU": "スギ", "JYUKO": 26.8, "CHOKKEI": 53.9, "TANBOKUZAISEKI": 2.442, "JUKANCHORITSU": 92, "KEIJOHI": 50, "SHURYOHISU": 0, "DATANENDO": 2023, "UNIQUENO": 61139205, "ADDDATE": "2024-03-29", "ADDTENANT": "17000F", "ADDUSER": "kikaku", "EDITDATE": "2024-03-29", "EDITTENANT": null, "EDITUSER": null, "X": -35007.749999999098, "Y": 66015.25 }, "geometry": { "type": "Point", "coordinates": [ 136.775402999432401, 36.594339391408489 ] } },
{ "type": "Feature", "properties": { "JYUSYU": "スギ", "JYUKO": 22.5, "CHOKKEI": 46.2, "TANBOKUZAISEKI": 1.549, "JUKANCHORITSU": 50, "KEIJOHI": 49, "SHURYOHISU": 0, "DATANENDO": 2023, "UNIQUENO": 61139207, "ADDDATE": "2024-03-29", "ADDTENANT": "17000F", "ADDUSER": "kikaku", "EDITDATE": "2024-03-29", "EDITTENANT": null, "EDITUSER": null, "X": -35025.249999999098, "Y": 66013.25 }, "geometry": { "type": "Point", "coordinates": [ 136.775207506083575, 36.594320724933389 ] } },
{ "type": "Feature", "properties": { "JYUSYU": "スギ", "JYUKO": 24.5, "CHOKKEI": 40.5, "TANBOKUZAISEKI": 1.326, "JUKANCHORITSU": 60, "KEIJOHI": 61, "SHURYOHISU": 0, "DATANENDO": 2023, "UNIQUENO": 61139208, "ADDDATE": "2024-03-29", "ADDTENANT": "17000F", "ADDUSER": "kikaku", "EDITDATE": "2024-03-29", "EDITTENANT": null, "EDITUSER": null, "X": -34994.25, "Y": 66012.750000001906 }, "geometry": { "type": "Point", "coordinates": [ 136.775553992528643, 36.594317356285011 ] } },
{ "type": "Feature", "properties": { "JYUSYU": "スギ", "JYUKO": 26.0, "CHOKKEI": 47.0, "TANBOKUZAISEKI": 1.848, "JUKANCHORITSU": 61, "KEIJOHI": 55, "SHURYOHISU": 0, "DATANENDO": 2023, "UNIQUENO": 61139209, "ADDDATE": "2024-03-29", "ADDTENANT": "17000F", "ADDUSER": "kikaku", "EDITDATE": "2024-03-29", "EDITTENANT": null, "EDITUSER": null, "X": -35016.749999999098, "Y": 66012.25 }, "geometry": { "type": "Point", "coordinates": [ 136.775302549704804, 36.594312024775526 ] } },
{ "type": "Feature", "properties": { "JYUSYU": "スギ", "JYUKO": 26.6, "CHOKKEI": 48.3, "TANBOKUZAISEKI": 1.984, "JUKANCHORITSU": 61, "KEIJOHI": 55, "SHURYOHISU": 0, "DATANENDO": 2023, "UNIQUENO": 61139210, "ADDDATE": "2024-03-29", "ADDTENANT": "17000F", "ADDUSER": "kikaku", "EDITDATE": "2024-03-29", "EDITTENANT": null, "EDITUSER": null, "X": -35011.25, "Y": 66012.25 }, "geometry": { "type": "Point", "coordinates": [ 136.775364019064057, 36.59431222659974 ] } },
{ "type": "Feature", "properties": { "JYUSYU": "スギ", "JYUKO": 24.8, "CHOKKEI": 47.1, "TANBOKUZAISEKI": 1.771, "JUKANCHORITSU": 78, "KEIJOHI": 53, "SHURYOHISU": 0, "DATANENDO": 2023, "UNIQUENO": 61139211, "ADDDATE": "2024-03-29", "ADDTENANT": "17000F", "ADDUSER": "kikaku", "EDITDATE": "2024-03-29", "EDITTENANT": null, "EDITUSER": null, "X": -34982.249999999098, "Y": 66012.25 }, "geometry": { "type": "Point", "coordinates": [ 136.775688130241321, 36.594313290239533 ] } },
{ "type": "Feature", "properties": { "JYUSYU": "スギ", "JYUKO": 19.2, "CHOKKEI": 28.6, "TANBOKUZAISEKI": 0.555, "JUKANCHORITSU": 24, "KEIJOHI": 67, "SHURYOHISU": 0, "DATANENDO": 2023, "UNIQUENO": 61139214, "ADDDATE": "2024-03-29", "ADDTENANT": "17000F", "ADDUSER": "kikaku", "EDITDATE": "2024-03-29", "EDITTENANT": null, "EDITUSER": null, "X": -35027.25, "Y": 66010.75 }, "geometry": { "type": "Point", "coordinates": [ 136.775185267397944, 36.594298121191208 ] } },
{ "type": "Feature", "properties": { "JYUSYU": "スギ", "JYUKO": 26.2, "CHOKKEI": 45.6, "TANBOKUZAISEKI": 1.763, "JUKANCHORITSU": 95, "KEIJOHI": 58, "SHURYOHISU": 0, "DATANENDO": 2023, "UNIQUENO": 61139215, "ADDDATE": "2024-03-29", "ADDTENANT": "17000F", "ADDUSER": "kikaku", "EDITDATE": "2024-03-29", "EDITTENANT": null, "EDITUSER": null, "X": -34996.749999999098, "Y": 66010.25 }, "geometry": { "type": "Point", "coordinates": [ 136.77552616561988, 36.594294734268367 ] } },
{ "type": "Feature", "properties": { "JYUSYU": "スギ", "JYUKO": 24.7, "CHOKKEI": 35.1, "TANBOKUZAISEKI": 1.031, "JUKANCHORITSU": 20, "KEIJOHI": 70, "SHURYOHISU": 0, "DATANENDO": 2023, "UNIQUENO": 61139216, "ADDDATE": "2024-03-29", "ADDTENANT": "17000F", "ADDUSER": "kikaku", "EDITDATE": "2024-03-29", "EDITTENANT": null, "EDITUSER": null, "X": -34994.25, "Y": 66010.25 }, "geometry": { "type": "Point", "coordinates": [ 136.775554106232164, 36.594294825958123 ] } },
{ "type": "Feature", "properties": { "JYUSYU": "スギ", "JYUKO": 21.8, "CHOKKEI": 34.9, "TANBOKUZAISEKI": 0.9, "JUKANCHORITSU": 22, "KEIJOHI": 63, "SHURYOHISU": 0, "DATANENDO": 2023, "UNIQUENO": 61139217, "ADDDATE": "2024-03-29", "ADDTENANT": "17000F", "ADDUSER": "kikaku", "EDITDATE": "2024-03-29", "EDITTENANT": null, "EDITUSER": null, "X": -35033.249999998101, "Y": 66009.249999998094 }, "geometry": { "type": "Point", "coordinates": [ 136.77511827822687, 36.594284382721803 ] } },
{ "type": "Feature", "properties": { "JYUSYU": "スギ", "JYUKO": 30.4, "CHOKKEI": 55.8, "TANBOKUZAISEKI": 2.95, "JUKANCHORITSU": 77, "KEIJOHI": 55, "SHURYOHISU": 0, "DATANENDO": 2023, "UNIQUENO": 61139218, "ADDDATE": "2024-03-29", "ADDTENANT": "17000F", "ADDUSER": "kikaku", "EDITDATE": "2024-03-29", "EDITTENANT": null, "EDITUSER": null, "X": -34988.75, "Y": 66009.249999998094 }, "geometry": { "type": "Point", "coordinates": [ 136.775615621053902, 36.594286015521668 ] } },
{ "type": "Feature", "properties": { "JYUSYU": "スギ", "JYUKO": 19.6, "CHOKKEI": 27.3, "TANBOKUZAISEKI": 0.517, "JUKANCHORITSU": 12, "KEIJOHI": 72, "SHURYOHISU": 0, "DATANENDO": 2023, "UNIQUENO": 61139219, "ADDDATE": "2024-03-29", "ADDTENANT": "17000F", "ADDUSER": "kikaku", "EDITDATE": "2024-03-29", "EDITTENANT": null, "EDITUSER": null, "X": -35029.75, "Y": 66008.75 }, "geometry": { "type": "Point", "coordinates": [ 136.775157417840717, 36.594280005154296 ] } },
{ "type": "Feature", "properties": { "JYUSYU": "スギ", "JYUKO": 29.0, "CHOKKEI": 48.4, "TANBOKUZAISEKI": 2.171, "JUKANCHORITSU": 37, "KEIJOHI": 60, "SHURYOHISU": 0, "DATANENDO": 2023, "UNIQUENO": 61139223, "ADDDATE": "2024-03-29", "ADDTENANT": "17000F", "ADDUSER": "kikaku", "EDITDATE": "2024-03-29", "EDITTENANT": null, "EDITUSER": null, "X": -34984.750000000902, "Y": 66007.749999998094 }, "geometry": { "type": "Point", "coordinates": [ 136.775660394232574, 36.594272643992198 ] } },
{ "type": "Feature", "properties": { "JYUSYU": "スギ", "JYUKO": 20.6, "CHOKKEI": 25.6, "TANBOKUZAISEKI": 0.483, "JUKANCHORITSU": 16, "KEIJOHI": 81, "SHURYOHISU": 0, "DATANENDO": 2023, "UNIQUENO": 61139225, "ADDDATE": "2024-03-29", "ADDTENANT": "17000F", "ADDUSER": "kikaku", "EDITDATE": "2024-03-29", "EDITTENANT": null, "EDITUSER": null, "X": -35032.249999999098, "Y": 66007.25 }, "geometry": { "type": "Point", "coordinates": [ 136.7751295455312, 36.594266395176078 ] } },
{ "type": "Feature", "properties": { "JYUSYU": "スギ", "JYUKO": 19.4, "CHOKKEI": 29.4, "TANBOKUZAISEKI": 0.586, "JUKANCHORITSU": 18, "KEIJOHI": 66, "SHURYOHISU": 0, "DATANENDO": 2023, "UNIQUENO": 61139226, "ADDDATE": "2024-03-29", "ADDTENANT": "17000F", "ADDUSER": "kikaku", "EDITDATE": "2024-03-29", "EDITTENANT": null, "EDITUSER": null, "X": -35028.75, "Y": 66007.25 }, "geometry": { "type": "Point", "coordinates": [ 136.775168662372266, 36.59426652366998 ] } },
{ "type": "Feature", "properties": { "JYUSYU": "スギ", "JYUKO": 24.4, "CHOKKEI": 49.8, "TANBOKUZAISEKI": 1.929, "JUKANCHORITSU": 95, "KEIJOHI": 49, "SHURYOHISU": 0, "DATANENDO": 2023, "UNIQUENO": 61139227, "ADDDATE": "2024-03-29", "ADDTENANT": "17000F", "ADDUSER": "kikaku", "EDITDATE": "2024-03-29", "EDITTENANT": null, "EDITUSER": null, "X": -34976.250000000902, "Y": 66007.25 }, "geometry": { "type": "Point", "coordinates": [ 136.775755415018295, 36.594268449537992 ] } },
{ "type": "Feature", "properties": { "JYUSYU": "スギ", "JYUKO": 28.4, "CHOKKEI": 49.4, "TANBOKUZAISEKI": 2.213, "JUKANCHORITSU": 55, "KEIJOHI": 58, "SHURYOHISU": 0, "DATANENDO": 2023, "UNIQUENO": 61139228, "ADDDATE": "2024-03-29", "ADDTENANT": "17000F", "ADDUSER": "kikaku", "EDITDATE": "2024-03-29", "EDITTENANT": null, "EDITUSER": null, "X": -35009.75, "Y": 66006.750000001906 }, "geometry": { "type": "Point", "coordinates": [ 136.775381033693236, 36.59426271491899 ] } },
{ "type": "Feature", "properties": { "JYUSYU": "スギ", "JYUKO": 27.9, "CHOKKEI": 57.1, "TANBOKUZAISEKI": 2.828, "JUKANCHORITSU": 86, "KEIJOHI": 49, "SHURYOHISU": 0, "DATANENDO": 2023, "UNIQUENO": 61139229, "ADDDATE": "2024-03-29", "ADDTENANT": "17000F", "ADDUSER": "kikaku", "EDITDATE": "2024-03-29", "EDITTENANT": null, "EDITUSER": null, "X": -35015.75, "Y": 66006.250000003696 }, "geometry": { "type": "Point", "coordinates": [ 136.775313999007722, 36.594257988690117 ] } },
{ "type": "Feature", "properties": { "JYUSYU": "スギ", "JYUKO": 24.6, "CHOKKEI": 46.6, "TANBOKUZAISEKI": 1.722, "JUKANCHORITSU": 47, "KEIJOHI": 53, "SHURYOHISU": 0, "DATANENDO": 2023, "UNIQUENO": 61139230, "ADDDATE": "2024-03-29", "ADDTENANT": "17000F", "ADDUSER": "kikaku", "EDITDATE": "2024-03-29", "EDITTENANT": null, "EDITUSER": null, "X": -35002.249999999098, "Y": 66006.250000003696 }, "geometry": { "type": "Point", "coordinates": [ 136.775464878240257, 36.59425848400511 ] } },
{ "type": "Feature", "properties": { "JYUSYU": "スギ", "JYUKO": 27.8, "CHOKKEI": 49.1, "TANBOKUZAISEKI": 2.139, "JUKANCHORITSU": 27, "KEIJOHI": 57, "SHURYOHISU": 0, "DATANENDO": 2023, "UNIQUENO": 61139231, "ADDDATE": "2024-03-29", "ADDTENANT": "17000F", "ADDUSER": "kikaku", "EDITDATE": "2024-03-29", "EDITTENANT": null, "EDITUSER": null, "X": -34997.25, "Y": 66005.75 }, "geometry": { "type": "Point", "coordinates": [ 136.775520782181019, 36.594254161341226 ] } },
{ "type": "Feature", "properties": { "JYUSYU": "スギ", "JYUKO": 24.9, "CHOKKEI": 30.9, "TANBOKUZAISEKI": 0.822, "JUKANCHORITSU": 11, "KEIJOHI": 81, "SHURYOHISU": 0, "DATANENDO": 2023, "UNIQUENO": 61139234, "ADDDATE": "2024-03-29", "ADDTENANT": "17000F", "ADDUSER": "kikaku", "EDITDATE": "2024-03-29", "EDITTENANT": null, "EDITUSER": null, "X": -34987.749999998101, "Y": 66004.750000003696 }, "geometry": { "type": "Point", "coordinates": [ 136.775627001925614, 36.594245497601015 ] } },
{ "type": "Feature", "properties": { "JYUSYU": "スギ", "JYUKO": 24.8, "CHOKKEI": 24.6, "TANBOKUZAISEKI": 0.538, "JUKANCHORITSU": 82, "KEIJOHI": 1, "SHURYOHISU": 0, "DATANENDO": 2023, "UNIQUENO": 61139236, "ADDDATE": "2024-03-29", "ADDTENANT": "17000F", "ADDUSER": "kikaku", "EDITDATE": "2024-03-29", "EDITTENANT": null, "EDITUSER": null, "X": -34985.75, "Y": 66004.25 }, "geometry": { "type": "Point", "coordinates": [ 136.775649377136602, 36.594241064868847 ] } },
{ "type": "Feature", "properties": { "JYUSYU": "スギ", "JYUKO": 26.9, "CHOKKEI": 51.7, "TANBOKUZAISEKI": 2.281, "JUKANCHORITSU": 30, "KEIJOHI": 52, "SHURYOHISU": 0, "DATANENDO": 2023, "UNIQUENO": 61139237, "ADDDATE": "2024-03-29", "ADDTENANT": "17000F", "ADDUSER": "kikaku", "EDITDATE": "2024-03-29", "EDITTENANT": null, "EDITUSER": null, "X": -34977.25, "Y": 66004.25 }, "geometry": { "type": "Point", "coordinates": [ 136.775744375154517, 36.594241376488682 ] } },
{ "type": "Feature", "properties": { "JYUSYU": "スギ", "JYUKO": 27.2, "CHOKKEI": 43.2, "TANBOKUZAISEKI": 1.653, "JUKANCHORITSU": 31, "KEIJOHI": 63, "SHURYOHISU": 0, "DATANENDO": 2023, "UNIQUENO": 61139241, "ADDDATE": "2024-03-29", "ADDTENANT": "17000F", "ADDUSER": "kikaku", "EDITDATE": "2024-03-29", "EDITTENANT": null, "EDITUSER": null, "X": -34989.249999999098, "Y": 66002.250000001906 }, "geometry": { "type": "Point", "coordinates": [ 136.775610351255608, 36.594222912270972 ] } },
{ "type": "Feature", "properties": { "JYUSYU": "スギ", "JYUKO": 26.8, "CHOKKEI": 54.7, "TANBOKUZAISEKI": 2.514, "JUKANCHORITSU": 96, "KEIJOHI": 49, "SHURYOHISU": 0, "DATANENDO": 2023, "UNIQUENO": 61139242, "ADDDATE": "2024-03-29", "ADDTENANT": "17000F", "ADDUSER": "kikaku", "EDITDATE": "2024-03-29", "EDITTENANT": null, "EDITUSER": null, "X": -34968.249999999098, "Y": 66002.250000001906 }, "geometry": { "type": "Point", "coordinates": [ 136.775845052187663, 36.594223682094245 ] } },
{ "type": "Feature", "properties": { "JYUSYU": "スギ", "JYUKO": 23.4, "CHOKKEI": 45.2, "TANBOKUZAISEKI": 1.549, "JUKANCHORITSU": 72, "KEIJOHI": 52, "SHURYOHISU": 0, "DATANENDO": 2023, "UNIQUENO": 61139243, "ADDDATE": "2024-03-29", "ADDTENANT": "17000F", "ADDUSER": "kikaku", "EDITDATE": "2024-03-29", "EDITTENANT": null, "EDITUSER": null, "X": -35030.250000000902, "Y": 66001.750000003696 }, "geometry": { "type": "Point", "coordinates": [ 136.775152148416055, 36.594216901885517 ] } },
{ "type": "Feature", "properties": { "JYUSYU": "スギ", "JYUKO": 29.7, "CHOKKEI": 54.8, "TANBOKUZAISEKI": 2.793, "JUKANCHORITSU": 45, "KEIJOHI": 54, "SHURYOHISU": 0, "DATANENDO": 2023, "UNIQUENO": 61139244, "ADDDATE": "2024-03-29", "ADDTENANT": "17000F", "ADDUSER": "kikaku", "EDITDATE": "2024-03-29", "EDITTENANT": null, "EDITUSER": null, "X": -35003.250000000902, "Y": 66001.25 }, "geometry": { "type": "Point", "coordinates": [ 136.775453929465414, 36.59421338666791 ] } },
{ "type": "Feature", "properties": { "JYUSYU": "スギ", "JYUKO": 28.3, "CHOKKEI": 47.8, "TANBOKUZAISEKI": 2.077, "JUKANCHORITSU": 31, "KEIJOHI": 59, "SHURYOHISU": 0, "DATANENDO": 2023, "UNIQUENO": 61139245, "ADDDATE": "2024-03-29", "ADDTENANT": "17000F", "ADDUSER": "kikaku", "EDITDATE": "2024-03-29", "EDITTENANT": null, "EDITUSER": null, "X": -34993.749999999098, "Y": 66001.25 }, "geometry": { "type": "Point", "coordinates": [ 136.775560103680476, 36.594213735117819 ] } },
{ "type": "Feature", "properties": { "JYUSYU": "スギ", "JYUKO": 30.6, "CHOKKEI": 59.2, "TANBOKUZAISEKI": 3.312, "JUKANCHORITSU": 76, "KEIJOHI": 52, "SHURYOHISU": 0, "DATANENDO": 2023, "UNIQUENO": 61139247, "ADDDATE": "2024-03-29", "ADDTENANT": "17000F", "ADDUSER": "kikaku", "EDITDATE": "2024-03-29", "EDITTENANT": null, "EDITUSER": null, "X": -35010.749999999098, "Y": 66000.750000001906 }, "geometry": { "type": "Point", "coordinates": [ 136.775370130469355, 36.594208605443754 ] } },
{ "type": "Feature", "properties": { "JYUSYU": "スギ", "JYUKO": 29.7, "CHOKKEI": 56.3, "TANBOKUZAISEKI": 2.933, "JUKANCHORITSU": 36, "KEIJOHI": 53, "SHURYOHISU": 0, "DATANENDO": 2023, "UNIQUENO": 61139248, "ADDDATE": "2024-03-29", "ADDTENANT": "17000F", "ADDUSER": "kikaku", "EDITDATE": "2024-03-29", "EDITTENANT": null, "EDITUSER": null, "X": -34984.25, "Y": 66000.750000001906 }, "geometry": { "type": "Point", "coordinates": [ 136.775666300631428, 36.594209577407646 ] } },
{ "type": "Feature", "properties": { "JYUSYU": "スギ", "JYUKO": 21.9, "CHOKKEI": 31.5, "TANBOKUZAISEKI": 0.748, "JUKANCHORITSU": 33, "KEIJOHI": 70, "SHURYOHISU": 0, "DATANENDO": 2023, "UNIQUENO": 61139249, "ADDDATE": "2024-03-29", "ADDTENANT": "17000F", "ADDUSER": "kikaku", "EDITDATE": "2024-03-29", "EDITTENANT": null, "EDITUSER": null, "X": -34974.75, "Y": 66000.750000001906 }, "geometry": { "type": "Point", "coordinates": [ 136.775772474843933, 36.594209925668316 ] } },
{ "type": "Feature", "properties": { "JYUSYU": "スギ", "JYUKO": 17.2, "CHOKKEI": 25.3, "TANBOKUZAISEKI": 0.396, "JUKANCHORITSU": 17, "KEIJOHI": 68, "SHURYOHISU": 0, "DATANENDO": 2023, "UNIQUENO": 61139250, "ADDDATE": "2024-03-29", "ADDTENANT": "17000F", "ADDUSER": "kikaku", "EDITDATE": "2024-03-29", "EDITTENANT": null, "EDITUSER": null, "X": -35025.75, "Y": 66000.250000001906 }, "geometry": { "type": "Point", "coordinates": [ 136.775202509748738, 36.594203548884082 ] } },
{ "type": "Feature", "properties": { "JYUSYU": "スギ", "JYUKO": 26.2, "CHOKKEI": 39.3, "TANBOKUZAISEKI": 1.342, "JUKANCHORITSU": 26, "KEIJOHI": 67, "SHURYOHISU": 0, "DATANENDO": 2023, "UNIQUENO": 61139251, "ADDDATE": "2024-03-29", "ADDTENANT": "17000F", "ADDUSER": "kikaku", "EDITDATE": "2024-03-29", "EDITTENANT": null, "EDITUSER": null, "X": -34997.25, "Y": 66000.250000001906 }, "geometry": { "type": "Point", "coordinates": [ 136.775521032349275, 36.594204594621687 ] } },
{ "type": "Feature", "properties": { "JYUSYU": "スギ", "JYUKO": 29.8, "CHOKKEI": 51.9, "TANBOKUZAISEKI": 2.544, "JUKANCHORITSU": 53, "KEIJOHI": 57, "SHURYOHISU": 0, "DATANENDO": 2023, "UNIQUENO": 61305102, "ADDDATE": "2024-03-29", "ADDTENANT": "17000F", "ADDUSER": "kikaku", "EDITDATE": "2024-03-29", "EDITTENANT": null, "EDITUSER": null, "X": -34971.249999999098, "Y": 65999.250000001906 }, "geometry": { "type": "Point", "coordinates": [ 136.775811659836478, 36.594196535754286 ] } },
{ "type": "Feature", "properties": { "JYUSYU": "スギ", "JYUKO": 16.1, "CHOKKEI": 33.2, "TANBOKUZAISEKI": 0.608, "JUKANCHORITSU": 66, "KEIJOHI": 49, "SHURYOHISU": 0, "DATANENDO": 2023, "UNIQUENO": 61305103, "ADDDATE": "2024-03-29", "ADDTENANT": "17000F", "ADDUSER": "kikaku", "EDITDATE": "2024-03-29", "EDITTENANT": null, "EDITUSER": null, "X": -35024.25, "Y": 65998.750000001906 }, "geometry": { "type": "Point", "coordinates": [ 136.775219342375976, 36.594190085748288 ] } },
{ "type": "Feature", "properties": { "JYUSYU": "スギ", "JYUKO": 29.5, "CHOKKEI": 49.9, "TANBOKUZAISEKI": 2.339, "JUKANCHORITSU": 49, "KEIJOHI": 59, "SHURYOHISU": 0, "DATANENDO": 2023, "UNIQUENO": 61305105, "ADDDATE": "2024-03-29", "ADDTENANT": "17000F", "ADDUSER": "kikaku", "EDITDATE": "2024-03-29", "EDITTENANT": null, "EDITUSER": null, "X": -34994.749999998101, "Y": 65997.750000001906 }, "geometry": { "type": "Point", "coordinates": [ 136.775549086633589, 36.594182155985166 ] } },
{ "type": "Feature", "properties": { "JYUSYU": "スギ", "JYUKO": 10.4, "CHOKKEI": 21.5, "TANBOKUZAISEKI": 0.178, "JUKANCHORITSU": 54, "KEIJOHI": 48, "SHURYOHISU": 0, "DATANENDO": 2023, "UNIQUENO": 61305107, "ADDDATE": "2024-03-29", "ADDTENANT": "17000F", "ADDUSER": "kikaku", "EDITDATE": "2024-03-29", "EDITTENANT": null, "EDITUSER": null, "X": -35015.75, "Y": 65997.250000001906 }, "geometry": { "type": "Point", "coordinates": [ 136.775314408590134, 36.594176879514507 ] } },
{ "type": "Feature", "properties": { "JYUSYU": "スギ", "JYUKO": 27.2, "CHOKKEI": 45.2, "TANBOKUZAISEKI": 1.804, "JUKANCHORITSU": 35, "KEIJOHI": 60, "SHURYOHISU": 0, "DATANENDO": 2023, "UNIQUENO": 61305108, "ADDDATE": "2024-03-29", "ADDTENANT": "17000F", "ADDUSER": "kikaku", "EDITDATE": "2024-03-29", "EDITTENANT": null, "EDITUSER": null, "X": -34990.25, "Y": 65997.250000001906 }, "geometry": { "type": "Point", "coordinates": [ 136.775599402400843, 36.594177814946427 ] } },
{ "type": "Feature", "properties": { "JYUSYU": "スギ", "JYUKO": 9.5, "CHOKKEI": 18.8, "TANBOKUZAISEKI": 0.127, "JUKANCHORITSU": 41, "KEIJOHI": 51, "SHURYOHISU": 0, "DATANENDO": 2023, "UNIQUENO": 61305109, "ADDDATE": "2024-03-29", "ADDTENANT": "17000F", "ADDUSER": "kikaku", "EDITDATE": "2024-03-29", "EDITTENANT": null, "EDITUSER": null, "X": -35017.749999999098, "Y": 65995.750000001906 }, "geometry": { "type": "Point", "coordinates": [ 136.775292124402426, 36.59416328792247 ] } },
{ "type": "Feature", "properties": { "JYUSYU": "スギ", "JYUKO": 31.2, "CHOKKEI": 57.2, "TANBOKUZAISEKI": 3.175, "JUKANCHORITSU": 92, "KEIJOHI": 55, "SHURYOHISU": 0, "DATANENDO": 2023, "UNIQUENO": 61305110, "ADDDATE": "2024-03-29", "ADDTENANT": "17000F", "ADDUSER": "kikaku", "EDITDATE": "2024-03-29", "EDITTENANT": null, "EDITUSER": null, "X": -35008.75, "Y": 65995.750000001906 }, "geometry": { "type": "Point", "coordinates": [ 136.775392710433835, 36.594163618171422 ] } },
{ "type": "Feature", "properties": { "JYUSYU": "スギ", "JYUKO": 30.2, "CHOKKEI": 56.8, "TANBOKUZAISEKI": 3.032, "JUKANCHORITSU": 56, "KEIJOHI": 53, "SHURYOHISU": 0, "DATANENDO": 2023, "UNIQUENO": 61305111, "ADDDATE": "2024-03-29", "ADDTENANT": "17000F", "ADDUSER": "kikaku", "EDITDATE": "2024-03-29", "EDITTENANT": null, "EDITUSER": null, "X": -34978.75, "Y": 65995.750000001906 }, "geometry": { "type": "Point", "coordinates": [ 136.775727997217132, 36.594164718388214 ] } },
{ "type": "Feature", "properties": { "JYUSYU": "スギ", "JYUKO": 27.5, "CHOKKEI": 47.0, "TANBOKUZAISEKI": 1.956, "JUKANCHORITSU": 38, "KEIJOHI": 59, "SHURYOHISU": 0, "DATANENDO": 2023, "UNIQUENO": 61305112, "ADDDATE": "2024-03-29", "ADDTENANT": "17000F", "ADDUSER": "kikaku", "EDITDATE": "2024-03-29", "EDITTENANT": null, "EDITUSER": null, "X": -35003.250000000902, "Y": 65995.25 }, "geometry": { "type": "Point", "coordinates": [ 136.77545420242248, 36.59415931388299 ] } },
{ "type": "Feature", "properties": { "JYUSYU": "スギ", "JYUKO": 26.2, "CHOKKEI": 44.6, "TANBOKUZAISEKI": 1.692, "JUKANCHORITSU": 32, "KEIJOHI": 59, "SHURYOHISU": 0, "DATANENDO": 2023, "UNIQUENO": 61305113, "ADDDATE": "2024-03-29", "ADDTENANT": "17000F", "ADDUSER": "kikaku", "EDITDATE": "2024-03-29", "EDITTENANT": null, "EDITUSER": null, "X": -34987.25, "Y": 65994.75 }, "geometry": { "type": "Point", "coordinates": [ 136.775633044765328, 36.594155394624799 ] } },
{ "type": "Feature", "properties": { "JYUSYU": "スギ", "JYUKO": 28.2, "CHOKKEI": 48.4, "TANBOKUZAISEKI": 2.111, "JUKANCHORITSU": 73, "KEIJOHI": 58, "SHURYOHISU": 0, "DATANENDO": 2023, "UNIQUENO": 61305115, "ADDDATE": "2024-03-29", "ADDTENANT": "17000F", "ADDUSER": "kikaku", "EDITDATE": "2024-03-29", "EDITTENANT": null, "EDITUSER": null, "X": -34969.249999998101, "Y": 65994.250000001906 }, "geometry": { "type": "Point", "coordinates": [ 136.775834239541865, 36.594151548396667 ] } },
{ "type": "Feature", "properties": { "JYUSYU": "スギ", "JYUKO": 9.4, "CHOKKEI": 18.8, "TANBOKUZAISEKI": 0.125, "JUKANCHORITSU": 31, "KEIJOHI": 50, "SHURYOHISU": 0, "DATANENDO": 2023, "UNIQUENO": 61305116, "ADDDATE": "2024-03-29", "ADDTENANT": "17000F", "ADDUSER": "kikaku", "EDITDATE": "2024-03-29", "EDITTENANT": null, "EDITUSER": null, "X": -35016.249999999098, "Y": 65993.75 }, "geometry": { "type": "Point", "coordinates": [ 136.775308979760212, 36.594145318708414 ] } },
{ "type": "Feature", "properties": { "JYUSYU": "スギ", "JYUKO": 29.0, "CHOKKEI": 46.4, "TANBOKUZAISEKI": 2.013, "JUKANCHORITSU": 36, "KEIJOHI": 63, "SHURYOHISU": 0, "DATANENDO": 2023, "UNIQUENO": 61305117, "ADDDATE": "2024-03-29", "ADDTENANT": "17000F", "ADDUSER": "kikaku", "EDITDATE": "2024-03-29", "EDITTENANT": null, "EDITUSER": null, "X": -34981.75, "Y": 65993.75 }, "geometry": { "type": "Point", "coordinates": [ 136.775694559467638, 36.594146584146706 ] } },
{ "type": "Feature", "properties": { "JYUSYU": "スギ", "JYUKO": 19.2, "CHOKKEI": 31.5, "TANBOKUZAISEKI": 0.661, "JUKANCHORITSU": 75, "KEIJOHI": 61, "SHURYOHISU": 0, "DATANENDO": 2023, "UNIQUENO": 61305118, "ADDDATE": "2024-03-29", "ADDTENANT": "17000F", "ADDUSER": "kikaku", "EDITDATE": "2024-03-29", "EDITTENANT": null, "EDITUSER": null, "X": -34966.250000000902, "Y": 65993.75 }, "geometry": { "type": "Point", "coordinates": [ 136.775867790938207, 36.594147152270885 ] } },
{ "type": "Feature", "properties": { "JYUSYU": "スギ", "JYUKO": 28.4, "CHOKKEI": 48.4, "TANBOKUZAISEKI": 2.125, "JUKANCHORITSU": 41, "KEIJOHI": 59, "SHURYOHISU": 0, "DATANENDO": 2023, "UNIQUENO": 61305120, "ADDDATE": "2024-03-29", "ADDTENANT": "17000F", "ADDUSER": "kikaku", "EDITDATE": "2024-03-29", "EDITTENANT": null, "EDITUSER": null, "X": -34999.249999999098, "Y": 65992.25 }, "geometry": { "type": "Point", "coordinates": [ 136.775499043786368, 36.594132424217193 ] } },
{ "type": "Feature", "properties": { "JYUSYU": "スギ", "JYUKO": 24.3, "CHOKKEI": 36.6, "TANBOKUZAISEKI": 1.091, "JUKANCHORITSU": 18, "KEIJOHI": 66, "SHURYOHISU": 0, "DATANENDO": 2023, "UNIQUENO": 61305121, "ADDDATE": "2024-03-29", "ADDTENANT": "17000F", "ADDUSER": "kikaku", "EDITDATE": "2024-03-29", "EDITTENANT": null, "EDITUSER": null, "X": -34985.75, "Y": 65991.75 }, "geometry": { "type": "Point", "coordinates": [ 136.775649945512754, 36.594128413230933 ] } },
{ "type": "Feature", "properties": { "JYUSYU": "スギ", "JYUKO": 19.1, "CHOKKEI": 25.7, "TANBOKUZAISEKI": 0.451, "JUKANCHORITSU": 21, "KEIJOHI": 74, "SHURYOHISU": 0, "DATANENDO": 2023, "UNIQUENO": 61305122, "ADDDATE": "2024-03-29", "ADDTENANT": "17000F", "ADDUSER": "kikaku", "EDITDATE": "2024-03-29", "EDITTENANT": null, "EDITUSER": null, "X": -34965.75, "Y": 65991.250000001906 }, "geometry": { "type": "Point", "coordinates": [ 136.775873492660253, 36.594124640264909 ] } },
{ "type": "Feature", "properties": { "JYUSYU": "スギ", "JYUKO": 31.7, "CHOKKEI": 64.4, "TANBOKUZAISEKI": 4.004, "JUKANCHORITSU": 93, "KEIJOHI": 49, "SHURYOHISU": 0, "DATANENDO": 2023, "UNIQUENO": 61305124, "ADDDATE": "2024-03-29", "ADDTENANT": "17000F", "ADDUSER": "kikaku", "EDITDATE": "2024-03-29", "EDITTENANT": null, "EDITUSER": null, "X": -35006.749999999098, "Y": 65990.749999998094 }, "geometry": { "type": "Point", "coordinates": [ 136.775415290371939, 36.594118630894286 ] } },
{ "type": "Feature", "properties": { "JYUSYU": "スギ", "JYUKO": 23.6, "CHOKKEI": 43.5, "TANBOKUZAISEKI": 1.457, "JUKANCHORITSU": 37, "KEIJOHI": 54, "SHURYOHISU": 0, "DATANENDO": 2023, "UNIQUENO": 61305125, "ADDDATE": "2024-03-29", "ADDTENANT": "17000F", "ADDUSER": "kikaku", "EDITDATE": "2024-03-29", "EDITTENANT": null, "EDITUSER": null, "X": -34989.749999999098, "Y": 65990.749999998094 }, "geometry": { "type": "Point", "coordinates": [ 136.775605286103797, 36.594119254429621 ] } },
{ "type": "Feature", "properties": { "JYUSYU": "スギ", "JYUKO": 28.2, "CHOKKEI": 51.4, "TANBOKUZAISEKI": 2.357, "JUKANCHORITSU": 52, "KEIJOHI": 55, "SHURYOHISU": 0, "DATANENDO": 2023, "UNIQUENO": 61305128, "ADDDATE": "2024-03-29", "ADDTENANT": "17000F", "ADDUSER": "kikaku", "EDITDATE": "2024-03-29", "EDITTENANT": null, "EDITUSER": null, "X": -34970.749999999098, "Y": 65990.25 }, "geometry": { "type": "Point", "coordinates": [ 136.775817657006826, 36.594115444898001 ] } },
{ "type": "Feature", "properties": { "JYUSYU": "スギ", "JYUKO": 30.9, "CHOKKEI": 53.3, "TANBOKUZAISEKI": 2.765, "JUKANCHORITSU": 39, "KEIJOHI": 58, "SHURYOHISU": 0, "DATANENDO": 2023, "UNIQUENO": 61305129, "ADDDATE": "2024-03-29", "ADDTENANT": "17000F", "ADDUSER": "kikaku", "EDITDATE": "2024-03-29", "EDITTENANT": null, "EDITUSER": null, "X": -35020.25, "Y": 65989.750000001906 }, "geometry": { "type": "Point", "coordinates": [ 136.775264456927346, 36.594109123387447 ] } },
{ "type": "Feature", "properties": { "JYUSYU": "スギ", "JYUKO": 20.1, "CHOKKEI": 31.4, "TANBOKUZAISEKI": 0.684, "JUKANCHORITSU": 88, "KEIJOHI": 64, "SHURYOHISU": 0, "DATANENDO": 2023, "UNIQUENO": 61305130, "ADDDATE": "2024-03-29", "ADDTENANT": "17000F", "ADDUSER": "kikaku", "EDITDATE": "2024-03-29", "EDITTENANT": null, "EDITUSER": null, "X": -35015.249999999098, "Y": 65989.750000001906 }, "geometry": { "type": "Point", "coordinates": [ 136.775320338016513, 36.594109306882302 ] } },
{ "type": "Feature", "properties": { "JYUSYU": "スギ", "JYUKO": 26.4, "CHOKKEI": 47.2, "TANBOKUZAISEKI": 1.891, "JUKANCHORITSU": 37, "KEIJOHI": 56, "SHURYOHISU": 0, "DATANENDO": 2023, "UNIQUENO": 61305131, "ADDDATE": "2024-03-29", "ADDTENANT": "17000F", "ADDUSER": "kikaku", "EDITDATE": "2024-03-29", "EDITTENANT": null, "EDITUSER": null, "X": -34997.749999998101, "Y": 65989.249999998094 }, "geometry": { "type": "Point", "coordinates": [ 136.775515944575204, 36.594105442842448 ] } },
{ "type": "Feature", "properties": { "JYUSYU": "スギ", "JYUKO": 24.1, "CHOKKEI": 34.9, "TANBOKUZAISEKI": 0.995, "JUKANCHORITSU": 27, "KEIJOHI": 69, "SHURYOHISU": 0, "DATANENDO": 2023, "UNIQUENO": 61305132, "ADDDATE": "2024-03-29", "ADDTENANT": "17000F", "ADDUSER": "kikaku", "EDITDATE": "2024-03-29", "EDITTENANT": null, "EDITUSER": null, "X": -34981.75, "Y": 65989.249999998094 }, "geometry": { "type": "Point", "coordinates": [ 136.775694764059068, 36.594106029556421 ] } },
{ "type": "Feature", "properties": { "JYUSYU": "スギ", "JYUKO": 27.5, "CHOKKEI": 50.5, "TANBOKUZAISEKI": 2.231, "JUKANCHORITSU": 51, "KEIJOHI": 55, "SHURYOHISU": 0, "DATANENDO": 2023, "UNIQUENO": 61305133, "ADDDATE": "2024-03-29", "ADDTENANT": "17000F", "ADDUSER": "kikaku", "EDITDATE": "2024-03-29", "EDITTENANT": null, "EDITUSER": null, "X": -35023.749999999098, "Y": 65988.75 }, "geometry": { "type": "Point", "coordinates": [ 136.775225385684593, 36.594099982794731 ] } },
{ "type": "Feature", "properties": { "JYUSYU": "スギ", "JYUKO": 27.6, "CHOKKEI": 52.3, "TANBOKUZAISEKI": 2.391, "JUKANCHORITSU": 62, "KEIJOHI": 53, "SHURYOHISU": 0, "DATANENDO": 2023, "UNIQUENO": 61305134, "ADDDATE": "2024-03-29", "ADDTENANT": "17000F", "ADDUSER": "kikaku", "EDITDATE": "2024-03-29", "EDITTENANT": null, "EDITUSER": null, "X": -35030.749999999098, "Y": 65988.250000001906 }, "geometry": { "type": "Point", "coordinates": [ 136.775147174934432, 36.594095219767041 ] } },
{ "type": "Feature", "properties": { "JYUSYU": "スギ", "JYUKO": 30.1, "CHOKKEI": 53.5, "TANBOKUZAISEKI": 2.7, "JUKANCHORITSU": 40, "KEIJOHI": 56, "SHURYOHISU": 0, "DATANENDO": 2023, "UNIQUENO": 61305138, "ADDDATE": "2024-03-29", "ADDTENANT": "17000F", "ADDUSER": "kikaku", "EDITDATE": "2024-03-29", "EDITTENANT": null, "EDITUSER": null, "X": -34986.749999999098, "Y": 65986.750000001906 }, "geometry": { "type": "Point", "coordinates": [ 136.775638996647785, 36.594083315909266 ] } },
{ "type": "Feature", "properties": { "JYUSYU": "スギ", "JYUKO": 25.2, "CHOKKEI": 38.3, "TANBOKUZAISEKI": 1.234, "JUKANCHORITSU": 27, "KEIJOHI": 66, "SHURYOHISU": 0, "DATANENDO": 2023, "UNIQUENO": 61305141, "ADDDATE": "2024-03-29", "ADDTENANT": "17000F", "ADDUSER": "kikaku", "EDITDATE": "2024-03-29", "EDITTENANT": null, "EDITUSER": null, "X": -35026.249999999098, "Y": 65985.75 }, "geometry": { "type": "Point", "coordinates": [ 136.775197581711154, 36.594072854636252 ] } },
{ "type": "Feature", "properties": { "JYUSYU": "スギ", "JYUKO": 27.5, "CHOKKEI": 53.6, "TANBOKUZAISEKI": 2.492, "JUKANCHORITSU": 51, "KEIJOHI": 51, "SHURYOHISU": 0, "DATANENDO": 2023, "UNIQUENO": 61305142, "ADDDATE": "2024-03-29", "ADDTENANT": "17000F", "ADDUSER": "kikaku", "EDITDATE": "2024-03-29", "EDITTENANT": null, "EDITUSER": null, "X": -35013.749999999098, "Y": 65985.75 }, "geometry": { "type": "Point", "coordinates": [ 136.775337284368419, 36.594073313402276 ] } },
{ "type": "Feature", "properties": { "JYUSYU": "スギ", "JYUKO": 24.9, "CHOKKEI": 39.7, "TANBOKUZAISEKI": 1.303, "JUKANCHORITSU": 57, "KEIJOHI": 63, "SHURYOHISU": 0, "DATANENDO": 2023, "UNIQUENO": 61305144, "ADDDATE": "2024-03-29", "ADDTENANT": "17000F", "ADDUSER": "kikaku", "EDITDATE": "2024-03-29", "EDITTENANT": null, "EDITUSER": null, "X": -34999.249999999098, "Y": 65985.250000001906 }, "geometry": { "type": "Point", "coordinates": [ 136.775499362198531, 36.594069339300226 ] } },
{ "type": "Feature", "properties": { "JYUSYU": "スギ", "JYUKO": 23.3, "CHOKKEI": 42.4, "TANBOKUZAISEKI": 1.375, "JUKANCHORITSU": 70, "KEIJOHI": 55, "SHURYOHISU": 0, "DATANENDO": 2023, "UNIQUENO": 61305145, "ADDDATE": "2024-03-29", "ADDTENANT": "17000F", "ADDUSER": "kikaku", "EDITDATE": "2024-03-29", "EDITTENANT": null, "EDITUSER": null, "X": -35030.250000000902, "Y": 65984.750000003696 }, "geometry": { "type": "Point", "coordinates": [ 136.77515292238914, 36.594063695665909 ] } },
{ "type": "Feature", "properties": { "JYUSYU": "スギ", "JYUKO": 24.1, "CHOKKEI": 40.5, "TANBOKUZAISEKI": 1.305, "JUKANCHORITSU": 29, "KEIJOHI": 60, "SHURYOHISU": 0, "DATANENDO": 2023, "UNIQUENO": 61305146, "ADDDATE": "2024-03-29", "ADDTENANT": "17000F", "ADDUSER": "kikaku", "EDITDATE": "2024-03-29", "EDITTENANT": null, "EDITUSER": null, "X": -34993.749999999098, "Y": 65984.750000003696 }, "geometry": { "type": "Point", "coordinates": [ 136.775560854106885, 36.594065034956245 ] } },
{ "type": "Feature", "properties": { "JYUSYU": "スギ", "JYUKO": 25.4, "CHOKKEI": 41.5, "TANBOKUZAISEKI": 1.439, "JUKANCHORITSU": 23, "KEIJOHI": 61, "SHURYOHISU": 0, "DATANENDO": 2023, "UNIQUENO": 61305147, "ADDDATE": "2024-03-29", "ADDTENANT": "17000F", "ADDUSER": "kikaku", "EDITDATE": "2024-03-29", "EDITTENANT": null, "EDITUSER": null, "X": -35019.75, "Y": 65984.25 }, "geometry": { "type": "Point", "coordinates": [ 136.775270295363583, 36.594059575018818 ] } },
{ "type": "Feature", "properties": { "JYUSYU": "スギ", "JYUKO": 25.7, "CHOKKEI": 40.2, "TANBOKUZAISEKI": 1.374, "JUKANCHORITSU": 33, "KEIJOHI": 64, "SHURYOHISU": 0, "DATANENDO": 2023, "UNIQUENO": 61305150, "ADDDATE": "2024-03-29", "ADDTENANT": "17000F", "ADDUSER": "kikaku", "EDITDATE": "2024-03-29", "EDITTENANT": null, "EDITUSER": null, "X": -34989.249999999098, "Y": 65983.250000003696 }, "geometry": { "type": "Point", "coordinates": [ 136.775611215271795, 36.594051681780797 ] } },
{ "type": "Feature", "properties": { "JYUSYU": "スギ", "JYUKO": 24.7, "CHOKKEI": 39.3, "TANBOKUZAISEKI": 1.271, "JUKANCHORITSU": 44, "KEIJOHI": 63, "SHURYOHISU": 0, "DATANENDO": 2023, "UNIQUENO": 61305155, "ADDDATE": "2024-03-29", "ADDTENANT": "17000F", "ADDUSER": "kikaku", "EDITDATE": "2024-03-29", "EDITTENANT": null, "EDITUSER": null, "X": -35013.749999999098, "Y": 65982.250000001906 }, "geometry": { "type": "Point", "coordinates": [ 136.775337443640126, 36.594041770944187 ] } },
{ "type": "Feature", "properties": { "JYUSYU": "スギ", "JYUKO": 22.1, "CHOKKEI": 41.5, "TANBOKUZAISEKI": 1.252, "JUKANCHORITSU": 40, "KEIJOHI": 53, "SHURYOHISU": 0, "DATANENDO": 2023, "UNIQUENO": 61305156, "ADDDATE": "2024-03-29", "ADDTENANT": "17000F", "ADDUSER": "kikaku", "EDITDATE": "2024-03-29", "EDITTENANT": null, "EDITUSER": null, "X": -35006.249999998101, "Y": 65982.250000001906 }, "geometry": { "type": "Point", "coordinates": [ 136.775421265201913, 36.594042046124876 ] } },
{ "type": "Feature", "properties": { "JYUSYU": "スギ", "JYUKO": 25.9, "CHOKKEI": 39.5, "TANBOKUZAISEKI": 1.339, "JUKANCHORITSU": 35, "KEIJOHI": 66, "SHURYOHISU": 0, "DATANENDO": 2023, "UNIQUENO": 61305157, "ADDDATE": "2024-03-29", "ADDTENANT": "17000F", "ADDUSER": "kikaku", "EDITDATE": "2024-03-29", "EDITTENANT": null, "EDITUSER": null, "X": -35002.75, "Y": 65982.250000001906 }, "geometry": { "type": "Point", "coordinates": [ 136.775460381931111, 36.594042174522386 ] } },
{ "type": "Feature", "properties": { "JYUSYU": "スギ", "JYUKO": 24.3, "CHOKKEI": 38.1, "TANBOKUZAISEKI": 1.177, "JUKANCHORITSU": 29, "KEIJOHI": 64, "SHURYOHISU": 0, "DATANENDO": 2023, "UNIQUENO": 61305159, "ADDDATE": "2024-03-29", "ADDTENANT": "17000F", "ADDUSER": "kikaku", "EDITDATE": "2024-03-29", "EDITTENANT": null, "EDITUSER": null, "X": -34998.75, "Y": 65981.750000001906 }, "geometry": { "type": "Point", "coordinates": [ 136.775505109508117, 36.594037815181089 ] } },
{ "type": "Feature", "properties": { "JYUSYU": "スギ", "JYUKO": 23.9, "CHOKKEI": 40.8, "TANBOKUZAISEKI": 1.31, "JUKANCHORITSU": 31, "KEIJOHI": 59, "SHURYOHISU": 0, "DATANENDO": 2023, "UNIQUENO": 61305160, "ADDDATE": "2024-03-29", "ADDTENANT": "17000F", "ADDUSER": "kikaku", "EDITDATE": "2024-03-29", "EDITTENANT": null, "EDITUSER": null, "X": -34984.750000000902, "Y": 65981.750000001906 }, "geometry": { "type": "Point", "coordinates": [ 136.775661576419481, 36.594038328583899 ] } },
{ "type": "Feature", "properties": { "JYUSYU": "スギ", "JYUKO": 23.3, "CHOKKEI": 41.0, "TANBOKUZAISEKI": 1.296, "JUKANCHORITSU": 41, "KEIJOHI": 57, "SHURYOHISU": 0, "DATANENDO": 2023, "UNIQUENO": 61305162, "ADDDATE": "2024-03-29", "ADDTENANT": "17000F", "ADDUSER": "kikaku", "EDITDATE": "2024-03-29", "EDITTENANT": null, "EDITUSER": null, "X": -34994.749999998101, "Y": 65980.750000001906 }, "geometry": { "type": "Point", "coordinates": [ 136.775549859821012, 36.594028949757401 ] } },
{ "type": "Feature", "properties": { "JYUSYU": "スギ", "JYUKO": 24.0, "CHOKKEI": 42.5, "TANBOKUZAISEKI": 1.421, "JUKANCHORITSU": 51, "KEIJOHI": 57, "SHURYOHISU": 0, "DATANENDO": 2023, "UNIQUENO": 61305164, "ADDDATE": "2024-03-29", "ADDTENANT": "17000F", "ADDUSER": "kikaku", "EDITDATE": "2024-03-29", "EDITTENANT": null, "EDITUSER": null, "X": -35025.75, "Y": 65980.250000001906 }, "geometry": { "type": "Point", "coordinates": [ 136.775203420187125, 36.594023306270891 ] } },
{ "type": "Feature", "properties": { "JYUSYU": "スギ", "JYUKO": 28.5, "CHOKKEI": 46.1, "TANBOKUZAISEKI": 1.956, "JUKANCHORITSU": 34, "KEIJOHI": 62, "SHURYOHISU": 0, "DATANENDO": 2023, "UNIQUENO": 61305165, "ADDDATE": "2024-03-29", "ADDTENANT": "17000F", "ADDUSER": "kikaku", "EDITDATE": "2024-03-29", "EDITTENANT": null, "EDITUSER": null, "X": -35022.249999999098, "Y": 65979.75 }, "geometry": { "type": "Point", "coordinates": [ 136.775242559664463, 36.59401892867438 ] } },
{ "type": "Feature", "properties": { "JYUSYU": "スギ", "JYUKO": 30.7, "CHOKKEI": 51.3, "TANBOKUZAISEKI": 2.562, "JUKANCHORITSU": 73, "KEIJOHI": 60, "SHURYOHISU": 0, "DATANENDO": 2023, "UNIQUENO": 61305166, "ADDDATE": "2024-03-29", "ADDTENANT": "17000F", "ADDUSER": "kikaku", "EDITDATE": "2024-03-29", "EDITTENANT": null, "EDITUSER": null, "X": -35015.75, "Y": 65979.250000001906 }, "geometry": { "type": "Point", "coordinates": [ 136.775315227750042, 36.594014661159974 ] } },
{ "type": "Feature", "properties": { "JYUSYU": "スギ", "JYUKO": 23.7, "CHOKKEI": 28.7, "TANBOKUZAISEKI": 0.684, "JUKANCHORITSU": 25, "KEIJOHI": 83, "SHURYOHISU": 0, "DATANENDO": 2023, "UNIQUENO": 61305167, "ADDDATE": "2024-03-29", "ADDTENANT": "17000F", "ADDUSER": "kikaku", "EDITDATE": "2024-03-29", "EDITTENANT": null, "EDITUSER": null, "X": -35003.250000000902, "Y": 65979.250000001906 }, "geometry": { "type": "Point", "coordinates": [ 136.775454930304363, 36.594015119787464 ] } },
{ "type": "Feature", "properties": { "JYUSYU": "スギ", "JYUKO": 27.4, "CHOKKEI": 47.6, "TANBOKUZAISEKI": 1.998, "JUKANCHORITSU": 44, "KEIJOHI": 58, "SHURYOHISU": 0, "DATANENDO": 2023, "UNIQUENO": 61305168, "ADDDATE": "2024-03-29", "ADDTENANT": "17000F", "ADDUSER": "kikaku", "EDITDATE": "2024-03-29", "EDITTENANT": null, "EDITUSER": null, "X": -35020.25, "Y": 65978.25 }, "geometry": { "type": "Point", "coordinates": [ 136.775264980345781, 36.59400548388308 ] } },
{ "type": "Feature", "properties": { "JYUSYU": "スギ", "JYUKO": 27.1, "CHOKKEI": 44.3, "TANBOKUZAISEKI": 1.724, "JUKANCHORITSU": 49, "KEIJOHI": 61, "SHURYOHISU": 0, "DATANENDO": 2023, "UNIQUENO": 61305169, "ADDDATE": "2024-03-29", "ADDTENANT": "17000F", "ADDUSER": "kikaku", "EDITDATE": "2024-03-29", "EDITTENANT": null, "EDITUSER": null, "X": -35002.75, "Y": 65977.250000001906 }, "geometry": { "type": "Point", "coordinates": [ 136.775460609390194, 36.593997113866976 ] } },
{ "type": "Feature", "properties": { "JYUSYU": "スギ", "JYUKO": 24.8, "CHOKKEI": 30.0, "TANBOKUZAISEKI": 0.776, "JUKANCHORITSU": 20, "KEIJOHI": 83, "SHURYOHISU": 0, "DATANENDO": 2023, "UNIQUENO": 61305170, "ADDDATE": "2024-03-29", "ADDTENANT": "17000F", "ADDUSER": "kikaku", "EDITDATE": "2024-03-29", "EDITTENANT": null, "EDITUSER": null, "X": -35000.749999999098, "Y": 65977.250000001906 }, "geometry": { "type": "Point", "coordinates": [ 136.775482961794012, 36.593997187231089 ] } },
{ "type": "Feature", "properties": { "JYUSYU": "スギ", "JYUKO": 26.5, "CHOKKEI": 39.7, "TANBOKUZAISEKI": 1.383, "JUKANCHORITSU": 42, "KEIJOHI": 67, "SHURYOHISU": 0, "DATANENDO": 2023, "UNIQUENO": 61305171, "ADDDATE": "2024-03-29", "ADDTENANT": "17000F", "ADDUSER": "kikaku", "EDITDATE": "2024-03-29", "EDITTENANT": null, "EDITUSER": null, "X": -34998.249999999098, "Y": 65977.250000001906 }, "geometry": { "type": "Point", "coordinates": [ 136.77551090229889, 36.593997278930331 ] } },
{ "type": "Feature", "properties": { "JYUSYU": "スギ", "JYUKO": 23.1, "CHOKKEI": 40.0, "TANBOKUZAISEKI": 1.228, "JUKANCHORITSU": 25, "KEIJOHI": 58, "SHURYOHISU": 0, "DATANENDO": 2023, "UNIQUENO": 61305172, "ADDDATE": "2024-03-29", "ADDTENANT": "17000F", "ADDUSER": "kikaku", "EDITDATE": "2024-03-29", "EDITTENANT": null, "EDITUSER": null, "X": -34985.75, "Y": 65977.250000001906 }, "geometry": { "type": "Point", "coordinates": [ 136.775650604825159, 36.593997737328294 ] } },
{ "type": "Feature", "properties": { "JYUSYU": "スギ", "JYUKO": 20.4, "CHOKKEI": 38.0, "TANBOKUZAISEKI": 0.985, "JUKANCHORITSU": 68, "KEIJOHI": 54, "SHURYOHISU": 0, "DATANENDO": 2023, "UNIQUENO": 61305173, "ADDDATE": "2024-03-29", "ADDTENANT": "17000F", "ADDUSER": "kikaku", "EDITDATE": "2024-03-29", "EDITTENANT": null, "EDITUSER": null, "X": -35008.249999999098, "Y": 65976.25 }, "geometry": { "type": "Point", "coordinates": [ 136.775399185779037, 36.59398789996299 ] } },
{ "type": "Feature", "properties": { "JYUSYU": "スギ", "JYUKO": 27.2, "CHOKKEI": 50.6, "TANBOKUZAISEKI": 2.217, "JUKANCHORITSU": 52, "KEIJOHI": 54, "SHURYOHISU": 0, "DATANENDO": 2023, "UNIQUENO": 61305174, "ADDDATE": "2024-03-29", "ADDTENANT": "17000F", "ADDUSER": "kikaku", "EDITDATE": "2024-03-29", "EDITTENANT": null, "EDITUSER": null, "X": -34990.25, "Y": 65976.25 }, "geometry": { "type": "Point", "coordinates": [ 136.775600357390829, 36.593988560192606 ] } },
{ "type": "Feature", "properties": { "JYUSYU": "スギ", "JYUKO": 19.6, "CHOKKEI": 28.7, "TANBOKUZAISEKI": 0.569, "JUKANCHORITSU": 24, "KEIJOHI": 68, "SHURYOHISU": 0, "DATANENDO": 2023, "UNIQUENO": 61305176, "ADDDATE": "2024-03-29", "ADDTENANT": "17000F", "ADDUSER": "kikaku", "EDITDATE": "2024-03-29", "EDITTENANT": null, "EDITUSER": null, "X": -35014.749999998101, "Y": 65975.25 }, "geometry": { "type": "Point", "coordinates": [ 136.77532658598372, 36.593978649332307 ] } },
{ "type": "Feature", "properties": { "JYUSYU": "スギ", "JYUKO": 24.7, "CHOKKEI": 43.8, "TANBOKUZAISEKI": 1.542, "JUKANCHORITSU": 48, "KEIJOHI": 56, "SHURYOHISU": 0, "DATANENDO": 2023, "UNIQUENO": 61305178, "ADDDATE": "2024-03-29", "ADDTENANT": "17000F", "ADDUSER": "kikaku", "EDITDATE": "2024-03-29", "EDITTENANT": null, "EDITUSER": null, "X": -34998.75, "Y": 65973.75 }, "geometry": { "type": "Point", "coordinates": [ 136.775505473400756, 36.593965718131834 ] } },
{ "type": "Feature", "properties": { "JYUSYU": "スギ", "JYUKO": 23.2, "CHOKKEI": 42.1, "TANBOKUZAISEKI": 1.351, "JUKANCHORITSU": 34, "KEIJOHI": 55, "SHURYOHISU": 0, "DATANENDO": 2023, "UNIQUENO": 61305179, "ADDDATE": "2024-03-29", "ADDTENANT": "17000F", "ADDUSER": "kikaku", "EDITDATE": "2024-03-29", "EDITTENANT": null, "EDITUSER": null, "X": -35024.749999998101, "Y": 65973.25 }, "geometry": { "type": "Point", "coordinates": [ 136.775214915034894, 36.593960258061585 ] } },
{ "type": "Feature", "properties": { "JYUSYU": "スギ", "JYUKO": 26.9, "CHOKKEI": 48.0, "TANBOKUZAISEKI": 1.984, "JUKANCHORITSU": 72, "KEIJOHI": 56, "SHURYOHISU": 0, "DATANENDO": 2023, "UNIQUENO": 61305180, "ADDDATE": "2024-03-29", "ADDTENANT": "17000F", "ADDUSER": "kikaku", "EDITDATE": "2024-03-29", "EDITTENANT": null, "EDITUSER": null, "X": -35011.25, "Y": 65972.750000001906 }, "geometry": { "type": "Point", "coordinates": [ 136.775365816437358, 36.593956247433049 ] } },
{ "type": "Feature", "properties": { "JYUSYU": "スギ", "JYUKO": 24.5, "CHOKKEI": 42.5, "TANBOKUZAISEKI": 1.449, "JUKANCHORITSU": 49, "KEIJOHI": 58, "SHURYOHISU": 0, "DATANENDO": 2023, "UNIQUENO": 61305181, "ADDDATE": "2024-03-29", "ADDTENANT": "17000F", "ADDUSER": "kikaku", "EDITDATE": "2024-03-29", "EDITTENANT": null, "EDITUSER": null, "X": -34991.25, "Y": 65972.750000001906 }, "geometry": { "type": "Point", "coordinates": [ 136.775589340358692, 36.593956981062576 ] } },
{ "type": "Feature", "properties": { "JYUSYU": "スギ", "JYUKO": 24.3, "CHOKKEI": 44.0, "TANBOKUZAISEKI": 1.534, "JUKANCHORITSU": 49, "KEIJOHI": 55, "SHURYOHISU": 0, "DATANENDO": 2023, "UNIQUENO": 61305182, "ADDDATE": "2024-03-29", "ADDTENANT": "17000F", "ADDUSER": "kikaku", "EDITDATE": "2024-03-29", "EDITTENANT": null, "EDITUSER": null, "X": -34983.749999999098, "Y": 65972.249999998094 }, "geometry": { "type": "Point", "coordinates": [ 136.775673184564795, 36.593952749999858 ] } },
{ "type": "Feature", "properties": { "JYUSYU": "スギ", "JYUKO": 23.9, "CHOKKEI": 34.5, "TANBOKUZAISEKI": 0.967, "JUKANCHORITSU": 25, "KEIJOHI": 69, "SHURYOHISU": 0, "DATANENDO": 2023, "UNIQUENO": 61305184, "ADDDATE": "2024-03-29", "ADDTENANT": "17000F", "ADDUSER": "kikaku", "EDITDATE": "2024-03-29", "EDITTENANT": null, "EDITUSER": null, "X": -35013.749999999098, "Y": 65971.250000001906 }, "geometry": { "type": "Point", "coordinates": [ 136.775337944206683, 36.593942637503304 ] } },
{ "type": "Feature", "properties": { "JYUSYU": "スギ", "JYUKO": 23.0, "CHOKKEI": 37.3, "TANBOKUZAISEKI": 1.074, "JUKANCHORITSU": 36, "KEIJOHI": 62, "SHURYOHISU": 0, "DATANENDO": 2023, "UNIQUENO": 61305186, "ADDDATE": "2024-03-29", "ADDTENANT": "17000F", "ADDUSER": "kikaku", "EDITDATE": "2024-03-29", "EDITTENANT": null, "EDITUSER": null, "X": -35020.749999999098, "Y": 65970.25 }, "geometry": { "type": "Point", "coordinates": [ 136.775259756365159, 36.593933368484727 ] } },
{ "type": "Feature", "properties": { "JYUSYU": "スギ", "JYUKO": 22.9, "CHOKKEI": 33.8, "TANBOKUZAISEKI": 0.891, "JUKANCHORITSU": 33, "KEIJOHI": 68, "SHURYOHISU": 0, "DATANENDO": 2023, "UNIQUENO": 61305187, "ADDDATE": "2024-03-29", "ADDTENANT": "17000F", "ADDUSER": "kikaku", "EDITDATE": "2024-03-29", "EDITTENANT": null, "EDITUSER": null, "X": -35016.249999999098, "Y": 65969.750000001906 }, "geometry": { "type": "Point", "coordinates": [ 136.775310071985842, 36.593929027567071 ] } },
{ "type": "Feature", "properties": { "JYUSYU": "スギ", "JYUKO": 26.4, "CHOKKEI": 46.7, "TANBOKUZAISEKI": 1.854, "JUKANCHORITSU": 47, "KEIJOHI": 57, "SHURYOHISU": 0, "DATANENDO": 2023, "UNIQUENO": 61305188, "ADDDATE": "2024-03-29", "ADDTENANT": "17000F", "ADDUSER": "kikaku", "EDITDATE": "2024-03-29", "EDITTENANT": null, "EDITUSER": null, "X": -35006.249999998101, "Y": 65969.750000001906 }, "geometry": { "type": "Point", "coordinates": [ 136.77542183390554, 36.59392939448626 ] } },
{ "type": "Feature", "properties": { "JYUSYU": "スギ", "JYUKO": 21.4, "CHOKKEI": 35.6, "TANBOKUZAISEKI": 0.918, "JUKANCHORITSU": 30, "KEIJOHI": 60, "SHURYOHISU": 0, "DATANENDO": 2023, "UNIQUENO": 61305189, "ADDDATE": "2024-03-29", "ADDTENANT": "17000F", "ADDUSER": "kikaku", "EDITDATE": "2024-03-29", "EDITTENANT": null, "EDITUSER": null, "X": -35000.25, "Y": 65969.750000001906 }, "geometry": { "type": "Point", "coordinates": [ 136.775488891058274, 36.593929614587495 ] } },
{ "type": "Feature", "properties": { "JYUSYU": "スギ", "JYUKO": 23.1, "CHOKKEI": 40.1, "TANBOKUZAISEKI": 1.227, "JUKANCHORITSU": 40, "KEIJOHI": 58, "SHURYOHISU": 0, "DATANENDO": 2023, "UNIQUENO": 61305190, "ADDDATE": "2024-03-29", "ADDTENANT": "17000F", "ADDUSER": "kikaku", "EDITDATE": "2024-03-29", "EDITTENANT": null, "EDITUSER": null, "X": -34988.75, "Y": 65968.75 }, "geometry": { "type": "Point", "coordinates": [ 136.775617462743185, 36.593921024211326 ] } },
{ "type": "Feature", "properties": { "JYUSYU": "スギ", "JYUKO": 22.4, "CHOKKEI": 39.9, "TANBOKUZAISEKI": 1.184, "JUKANCHORITSU": 32, "KEIJOHI": 56, "SHURYOHISU": 0, "DATANENDO": 2023, "UNIQUENO": 61305192, "ADDDATE": "2024-03-29", "ADDTENANT": "17000F", "ADDUSER": "kikaku", "EDITDATE": "2024-03-29", "EDITTENANT": null, "EDITUSER": null, "X": -35028.25, "Y": 65967.750000003696 }, "geometry": { "type": "Point", "coordinates": [ 136.77517604873438, 36.593910562863869 ] } },
{ "type": "Feature", "properties": { "JYUSYU": "スギ", "JYUKO": 14.2, "CHOKKEI": 25.8, "TANBOKUZAISEKI": 0.338, "JUKANCHORITSU": 36, "KEIJOHI": 55, "SHURYOHISU": 0, "DATANENDO": 2023, "UNIQUENO": 61305193, "ADDDATE": "2024-03-29", "ADDTENANT": "17000F", "ADDUSER": "kikaku", "EDITDATE": "2024-03-29", "EDITTENANT": null, "EDITUSER": null, "X": -34981.75, "Y": 65967.750000003696 }, "geometry": { "type": "Point", "coordinates": [ 136.775695741545832, 36.593912268732488 ] } },
{ "type": "Feature", "properties": { "JYUSYU": "スギ", "JYUKO": 18.0, "CHOKKEI": 28.0, "TANBOKUZAISEKI": 0.5, "JUKANCHORITSU": 25, "KEIJOHI": 64, "SHURYOHISU": 0, "DATANENDO": 2023, "UNIQUENO": 61305194, "ADDDATE": "2024-03-29", "ADDTENANT": "17000F", "ADDUSER": "kikaku", "EDITDATE": "2024-03-29", "EDITTENANT": null, "EDITUSER": null, "X": -35023.749999999098, "Y": 65967.25 }, "geometry": { "type": "Point", "coordinates": [ 136.775226364344633, 36.59390622198142 ] } },
{ "type": "Feature", "properties": { "JYUSYU": "スギ", "JYUKO": 25.8, "CHOKKEI": 42.3, "TANBOKUZAISEKI": 1.509, "JUKANCHORITSU": 34, "KEIJOHI": 61, "SHURYOHISU": 0, "DATANENDO": 2023, "UNIQUENO": 61305195, "ADDDATE": "2024-03-29", "ADDTENANT": "17000F", "ADDUSER": "kikaku", "EDITDATE": "2024-03-29", "EDITTENANT": null, "EDITUSER": null, "X": -35020.25, "Y": 65967.25 }, "geometry": { "type": "Point", "coordinates": [ 136.775265481004368, 36.593906350442481 ] } },
{ "type": "Feature", "properties": { "JYUSYU": "スギ", "JYUKO": 24.4, "CHOKKEI": 39.9, "TANBOKUZAISEKI": 1.286, "JUKANCHORITSU": 40, "KEIJOHI": 61, "SHURYOHISU": 0, "DATANENDO": 2023, "UNIQUENO": 61305196, "ADDDATE": "2024-03-29", "ADDTENANT": "17000F", "ADDUSER": "kikaku", "EDITDATE": "2024-03-29", "EDITTENANT": null, "EDITUSER": null, "X": -34996.749999999098, "Y": 65967.25 }, "geometry": { "type": "Point", "coordinates": [ 136.775528121440573, 36.593907212634171 ] } },
{ "type": "Feature", "properties": { "JYUSYU": "スギ", "JYUKO": 21.5, "CHOKKEI": 27.1, "TANBOKUZAISEKI": 0.562, "JUKANCHORITSU": 34, "KEIJOHI": 79, "SHURYOHISU": 0, "DATANENDO": 2023, "UNIQUENO": 61305197, "ADDDATE": "2024-03-29", "ADDTENANT": "17000F", "ADDUSER": "kikaku", "EDITDATE": "2024-03-29", "EDITTENANT": null, "EDITUSER": null, "X": -34994.25, "Y": 65967.25 }, "geometry": { "type": "Point", "coordinates": [ 136.775556061913136, 36.593907304322634 ] } },
{ "type": "Feature", "properties": { "JYUSYU": "スギ", "JYUKO": 27.7, "CHOKKEI": 45.8, "TANBOKUZAISEKI": 1.878, "JUKANCHORITSU": 34, "KEIJOHI": 61, "SHURYOHISU": 0, "DATANENDO": 2023, "UNIQUENO": 61305198, "ADDDATE": "2024-03-29", "ADDTENANT": "17000F", "ADDUSER": "kikaku", "EDITDATE": "2024-03-29", "EDITTENANT": null, "EDITUSER": null, "X": -35005.249999999098, "Y": 65966.750000001906 }, "geometry": { "type": "Point", "coordinates": [ 136.775433146582088, 36.593902394778802 ] } },
{ "type": "Feature", "properties": { "JYUSYU": "スギ", "JYUKO": 23.7, "CHOKKEI": 39.6, "TANBOKUZAISEKI": 1.23, "JUKANCHORITSU": 48, "KEIJOHI": 60, "SHURYOHISU": 0, "DATANENDO": 2023, "UNIQUENO": 61305199, "ADDDATE": "2024-03-29", "ADDTENANT": "17000F", "ADDUSER": "kikaku", "EDITDATE": "2024-03-29", "EDITTENANT": null, "EDITUSER": null, "X": -34987.25, "Y": 65966.750000001906 }, "geometry": { "type": "Point", "coordinates": [ 136.775634317972788, 36.593903054949784 ] } },
{ "type": "Feature", "properties": { "JYUSYU": "スギ", "JYUKO": 23.4, "CHOKKEI": 45.7, "TANBOKUZAISEKI": 1.58, "JUKANCHORITSU": 52, "KEIJOHI": 51, "SHURYOHISU": 0, "DATANENDO": 2023, "UNIQUENO": 61305200, "ADDDATE": "2024-03-29", "ADDTENANT": "17000F", "ADDUSER": "kikaku", "EDITDATE": "2024-03-29", "EDITTENANT": null, "EDITUSER": null, "X": -35014.25, "Y": 65966.250000003696 }, "geometry": { "type": "Point", "coordinates": [ 136.775332583642438, 36.593897558500451 ] } },
{ "type": "Feature", "properties": { "JYUSYU": "スギ", "JYUKO": 23.9, "CHOKKEI": 38.5, "TANBOKUZAISEKI": 1.18, "JUKANCHORITSU": 26, "KEIJOHI": 62, "SHURYOHISU": 0, "DATANENDO": 2023, "UNIQUENO": 61305201, "ADDDATE": "2024-03-29", "ADDTENANT": "17000F", "ADDUSER": "kikaku", "EDITDATE": "2024-03-29", "EDITTENANT": null, "EDITUSER": null, "X": -35009.249999999098, "Y": 65966.250000003696 }, "geometry": { "type": "Point", "coordinates": [ 136.775388464579493, 36.593897741962465 ] } },
{ "type": "Feature", "properties": { "JYUSYU": "スギ", "JYUKO": 22.4, "CHOKKEI": 28.2, "TANBOKUZAISEKI": 0.629, "JUKANCHORITSU": 15, "KEIJOHI": 79, "SHURYOHISU": 0, "DATANENDO": 2023, "UNIQUENO": 61305202, "ADDDATE": "2024-03-29", "ADDTENANT": "17000F", "ADDUSER": "kikaku", "EDITDATE": "2024-03-29", "EDITTENANT": null, "EDITUSER": null, "X": -34999.249999999098, "Y": 65966.250000003696 }, "geometry": { "type": "Point", "coordinates": [ 136.77550022645508, 36.593898108807892 ] } },
{ "type": "Feature", "properties": { "JYUSYU": "スギ", "JYUKO": 21.9, "CHOKKEI": 30.7, "TANBOKUZAISEKI": 0.718, "JUKANCHORITSU": 38, "KEIJOHI": 71, "SHURYOHISU": 0, "DATANENDO": 2023, "UNIQUENO": 61305203, "ADDDATE": "2024-03-29", "ADDTENANT": "17000F", "ADDUSER": "kikaku", "EDITDATE": "2024-03-29", "EDITTENANT": null, "EDITUSER": null, "X": -35028.25, "Y": 65965.75 }, "geometry": { "type": "Point", "coordinates": [ 136.775176139783781, 36.593892538601928 ] } },
{ "type": "Feature", "properties": { "JYUSYU": "スギ", "JYUKO": 23.6, "CHOKKEI": 34.3, "TANBOKUZAISEKI": 0.947, "JUKANCHORITSU": 21, "KEIJOHI": 69, "SHURYOHISU": 0, "DATANENDO": 2023, "UNIQUENO": 61305204, "ADDDATE": "2024-03-29", "ADDTENANT": "17000F", "ADDUSER": "kikaku", "EDITDATE": "2024-03-29", "EDITTENANT": null, "EDITUSER": null, "X": -35001.75, "Y": 65965.75 }, "geometry": { "type": "Point", "coordinates": [ 136.775472308731111, 36.593893511040683 ] } },
{ "type": "Feature", "properties": { "JYUSYU": "スギ", "JYUKO": 21.8, "CHOKKEI": 34.8, "TANBOKUZAISEKI": 0.896, "JUKANCHORITSU": 39, "KEIJOHI": 63, "SHURYOHISU": 0, "DATANENDO": 2023, "UNIQUENO": 61305205, "ADDDATE": "2024-03-29", "ADDTENANT": "17000F", "ADDUSER": "kikaku", "EDITDATE": "2024-03-29", "EDITTENANT": null, "EDITUSER": null, "X": -35030.749999999098, "Y": 65964.25 }, "geometry": { "type": "Point", "coordinates": [ 136.775148267609637, 36.593878928628001 ] } },
{ "type": "Feature", "properties": { "JYUSYU": "スギ", "JYUKO": 22.4, "CHOKKEI": 38.6, "TANBOKUZAISEKI": 1.111, "JUKANCHORITSU": 40, "KEIJOHI": 58, "SHURYOHISU": 0, "DATANENDO": 2023, "UNIQUENO": 61305206, "ADDDATE": "2024-03-29", "ADDTENANT": "17000F", "ADDUSER": "kikaku", "EDITDATE": "2024-03-29", "EDITTENANT": null, "EDITUSER": null, "X": -35020.749999999098, "Y": 65963.750000001906 }, "geometry": { "type": "Point", "coordinates": [ 136.775260052212332, 36.593874789632977 ] } },
{ "type": "Feature", "properties": { "JYUSYU": "スギ", "JYUKO": 19.3, "CHOKKEI": 33.2, "TANBOKUZAISEKI": 0.73, "JUKANCHORITSU": 29, "KEIJOHI": 58, "SHURYOHISU": 0, "DATANENDO": 2023, "UNIQUENO": 61305207, "ADDDATE": "2024-03-29", "ADDTENANT": "17000F", "ADDUSER": "kikaku", "EDITDATE": "2024-03-29", "EDITTENANT": null, "EDITUSER": null, "X": -34991.75, "Y": 65963.250000001906 }, "geometry": { "type": "Point", "coordinates": [ 136.775584184294758, 36.593871347478931 ] } },
{ "type": "Feature", "properties": { "JYUSYU": "スギ", "JYUKO": 21.7, "CHOKKEI": 27.3, "TANBOKUZAISEKI": 0.573, "JUKANCHORITSU": 29, "KEIJOHI": 80, "SHURYOHISU": 0, "DATANENDO": 2023, "UNIQUENO": 61305208, "ADDDATE": "2024-03-29", "ADDTENANT": "17000F", "ADDUSER": "kikaku", "EDITDATE": "2024-03-29", "EDITTENANT": null, "EDITUSER": null, "X": -35031.25, "Y": 65962.75 }, "geometry": { "type": "Point", "coordinates": [ 136.775142747810207, 36.593865392075294 ] } },
{ "type": "Feature", "properties": { "JYUSYU": "スギ", "JYUKO": 14.4, "CHOKKEI": 20.4, "TANBOKUZAISEKI": 0.225, "JUKANCHORITSU": 12, "KEIJOHI": 71, "SHURYOHISU": 0, "DATANENDO": 2023, "UNIQUENO": 61305209, "ADDDATE": "2024-03-29", "ADDTENANT": "17000F", "ADDUSER": "kikaku", "EDITDATE": "2024-03-29", "EDITTENANT": null, "EDITUSER": null, "X": -35024.749999998101, "Y": 65962.75 }, "geometry": { "type": "Point", "coordinates": [ 136.775215392996671, 36.593865630686324 ] } },
{ "type": "Feature", "properties": { "JYUSYU": "スギ", "JYUKO": 25.3, "CHOKKEI": 45.7, "TANBOKUZAISEKI": 1.71, "JUKANCHORITSU": 37, "KEIJOHI": 55, "SHURYOHISU": 0, "DATANENDO": 2023, "UNIQUENO": 61305210, "ADDDATE": "2024-03-29", "ADDTENANT": "17000F", "ADDUSER": "kikaku", "EDITDATE": "2024-03-29", "EDITTENANT": null, "EDITUSER": null, "X": -34997.25, "Y": 65962.75 }, "geometry": { "type": "Point", "coordinates": [ 136.775522738025728, 36.593866639704636 ] } },
{ "type": "Feature", "properties": { "JYUSYU": "スギ", "JYUKO": 17.2, "CHOKKEI": 33.6, "TANBOKUZAISEKI": 0.667, "JUKANCHORITSU": 29, "KEIJOHI": 51, "SHURYOHISU": 0, "DATANENDO": 2023, "UNIQUENO": 61305211, "ADDDATE": "2024-03-29", "ADDTENANT": "17000F", "ADDUSER": "kikaku", "EDITDATE": "2024-03-29", "EDITTENANT": null, "EDITUSER": null, "X": -35034.749999999098, "Y": 65962.250000001906 }, "geometry": { "type": "Point", "coordinates": [ 136.775103653938231, 36.593860757508644 ] } },
{ "type": "Feature", "properties": { "JYUSYU": "スギ", "JYUKO": 22.0, "CHOKKEI": 33.9, "TANBOKUZAISEKI": 0.86, "JUKANCHORITSU": 44, "KEIJOHI": 65, "SHURYOHISU": 0, "DATANENDO": 2023, "UNIQUENO": 61305212, "ADDDATE": "2024-03-29", "ADDTENANT": "17000F", "ADDUSER": "kikaku", "EDITDATE": "2024-03-29", "EDITTENANT": null, "EDITUSER": null, "X": -35029.75, "Y": 65962.250000001906 }, "geometry": { "type": "Point", "coordinates": [ 136.775159534847205, 36.593860941077835 ] } },
{ "type": "Feature", "properties": { "JYUSYU": "スギ", "JYUKO": 26.0, "CHOKKEI": 34.2, "TANBOKUZAISEKI": 1.033, "JUKANCHORITSU": 46, "KEIJOHI": 76, "SHURYOHISU": 0, "DATANENDO": 2023, "UNIQUENO": 61305213, "ADDDATE": "2024-03-29", "ADDTENANT": "17000F", "ADDUSER": "kikaku", "EDITDATE": "2024-03-29", "EDITTENANT": null, "EDITUSER": null, "X": -34982.75, "Y": 65961.750000001906 }, "geometry": { "type": "Point", "coordinates": [ 136.775684838149033, 36.593858159281822 ] } },
{ "type": "Feature", "properties": { "JYUSYU": "スギ", "JYUKO": 23.9, "CHOKKEI": 35.7, "TANBOKUZAISEKI": 1.03, "JUKANCHORITSU": 37, "KEIJOHI": 67, "SHURYOHISU": 0, "DATANENDO": 2023, "UNIQUENO": 61305214, "ADDDATE": "2024-03-29", "ADDTENANT": "17000F", "ADDUSER": "kikaku", "EDITDATE": "2024-03-29", "EDITTENANT": null, "EDITUSER": null, "X": -34987.749999998101, "Y": 65961.25 }, "geometry": { "type": "Point", "coordinates": [ 136.775628979974556, 36.593853469893148 ] } },
{ "type": "Feature", "properties": { "JYUSYU": "スギ", "JYUKO": 26.8, "CHOKKEI": 44.2, "TANBOKUZAISEKI": 1.704, "JUKANCHORITSU": 47, "KEIJOHI": 61, "SHURYOHISU": 0, "DATANENDO": 2023, "UNIQUENO": 61305215, "ADDDATE": "2024-03-29", "ADDTENANT": "17000F", "ADDUSER": "kikaku", "EDITDATE": "2024-03-29", "EDITTENANT": null, "EDITUSER": null, "X": -34984.750000000902, "Y": 65961.25 }, "geometry": { "type": "Point", "coordinates": [ 136.775662508518792, 36.593853579890016 ] } },
{ "type": "Feature", "properties": { "JYUSYU": "スギ", "JYUKO": 25.3, "CHOKKEI": 45.2, "TANBOKUZAISEKI": 1.673, "JUKANCHORITSU": 48, "KEIJOHI": 56, "SHURYOHISU": 0, "DATANENDO": 2023, "UNIQUENO": 61305217, "ADDDATE": "2024-03-29", "ADDTENANT": "17000F", "ADDUSER": "kikaku", "EDITDATE": "2024-03-29", "EDITTENANT": null, "EDITUSER": null, "X": -35008.249999999098, "Y": 65960.250000001906 }, "geometry": { "type": "Point", "coordinates": [ 136.775399913758747, 36.593843705864273 ] } },
{ "type": "Feature", "properties": { "JYUSYU": "スギ", "JYUKO": 16.6, "CHOKKEI": 33.8, "TANBOKUZAISEKI": 0.648, "JUKANCHORITSU": 38, "KEIJOHI": 49, "SHURYOHISU": 0, "DATANENDO": 2023, "UNIQUENO": 61305219, "ADDDATE": "2024-03-29", "ADDTENANT": "17000F", "ADDUSER": "kikaku", "EDITDATE": "2024-03-29", "EDITTENANT": null, "EDITUSER": null, "X": -35035.75, "Y": 65959.75 }, "geometry": { "type": "Point", "coordinates": [ 136.775092591592312, 36.593838190464282 ] } },
{ "type": "Feature", "properties": { "JYUSYU": "スギ", "JYUKO": 26.7, "CHOKKEI": 45.5, "TANBOKUZAISEKI": 1.787, "JUKANCHORITSU": 47, "KEIJOHI": 59, "SHURYOHISU": 0, "DATANENDO": 2023, "UNIQUENO": 61305220, "ADDDATE": "2024-03-29", "ADDTENANT": "17000F", "ADDUSER": "kikaku", "EDITDATE": "2024-03-29", "EDITTENANT": null, "EDITUSER": null, "X": -35021.25, "Y": 65959.75 }, "geometry": { "type": "Point", "coordinates": [ 136.775254646182333, 36.593838722757511 ] } },
{ "type": "Feature", "properties": { "JYUSYU": "スギ", "JYUKO": 24.6, "CHOKKEI": 44.8, "TANBOKUZAISEKI": 1.604, "JUKANCHORITSU": 28, "KEIJOHI": 55, "SHURYOHISU": 0, "DATANENDO": 2023, "UNIQUENO": 61305221, "ADDDATE": "2024-03-29", "ADDTENANT": "17000F", "ADDUSER": "kikaku", "EDITDATE": "2024-03-29", "EDITTENANT": null, "EDITUSER": null, "X": -35003.749999999098, "Y": 65959.75 }, "geometry": { "type": "Point", "coordinates": [ 136.77545022931389, 36.593839364886954 ] } },
{ "type": "Feature", "properties": { "JYUSYU": "スギ", "JYUKO": 25.9, "CHOKKEI": 45.3, "TANBOKUZAISEKI": 1.72, "JUKANCHORITSU": 41, "KEIJOHI": 57, "SHURYOHISU": 0, "DATANENDO": 2023, "UNIQUENO": 61305222, "ADDDATE": "2024-03-29", "ADDTENANT": "17000F", "ADDUSER": "kikaku", "EDITDATE": "2024-03-29", "EDITTENANT": null, "EDITUSER": null, "X": -34992.249999999098, "Y": 65959.75 }, "geometry": { "type": "Point", "coordinates": [ 136.775578755375136, 36.593839786682977 ] } },
{ "type": "Feature", "properties": { "JYUSYU": "スギ", "JYUKO": 20.6, "CHOKKEI": 37.6, "TANBOKUZAISEKI": 0.975, "JUKANCHORITSU": 54, "KEIJOHI": 55, "SHURYOHISU": 0, "DATANENDO": 2023, "UNIQUENO": 61305224, "ADDDATE": "2024-03-29", "ADDTENANT": "17000F", "ADDUSER": "kikaku", "EDITDATE": "2024-03-29", "EDITTENANT": null, "EDITUSER": null, "X": -35032.75, "Y": 65958.750000001906 }, "geometry": { "type": "Point", "coordinates": [ 136.775126165658207, 36.593829288481018 ] } },
{ "type": "Feature", "properties": { "JYUSYU": "スギ", "JYUKO": 10.1, "CHOKKEI": 20.7, "TANBOKUZAISEKI": 0.162, "JUKANCHORITSU": 89, "KEIJOHI": 49, "SHURYOHISU": 0, "DATANENDO": 2023, "UNIQUENO": 61305226, "ADDDATE": "2024-03-29", "ADDTENANT": "17000F", "ADDUSER": "kikaku", "EDITDATE": "2024-03-29", "EDITTENANT": null, "EDITUSER": null, "X": -35047.25, "Y": 65958.25 }, "geometry": { "type": "Point", "coordinates": [ 136.774964133865012, 36.593824249947801 ] } },
{ "type": "Feature", "properties": { "JYUSYU": "スギ", "JYUKO": 25.7, "CHOKKEI": 40.4, "TANBOKUZAISEKI": 1.387, "JUKANCHORITSU": 50, "KEIJOHI": 64, "SHURYOHISU": 0, "DATANENDO": 2023, "UNIQUENO": 61305227, "ADDDATE": "2024-03-29", "ADDTENANT": "17000F", "ADDUSER": "kikaku", "EDITDATE": "2024-03-29", "EDITTENANT": null, "EDITUSER": null, "X": -35025.249999999098, "Y": 65958.25 }, "geometry": { "type": "Point", "coordinates": [ 136.775210009748378, 36.593825057743366 ] } },
{ "type": "Feature", "properties": { "JYUSYU": "スギ", "JYUKO": 25.8, "CHOKKEI": 46.1, "TANBOKUZAISEKI": 1.77, "JUKANCHORITSU": 58, "KEIJOHI": 56, "SHURYOHISU": 0, "DATANENDO": 2023, "UNIQUENO": 61305228, "ADDDATE": "2024-03-29", "ADDTENANT": "17000F", "ADDUSER": "kikaku", "EDITDATE": "2024-03-29", "EDITTENANT": null, "EDITUSER": null, "X": -35017.749999999098, "Y": 65957.75 }, "geometry": { "type": "Point", "coordinates": [ 136.775293853829908, 36.593820826946704 ] } },
{ "type": "Feature", "properties": { "JYUSYU": "スギ", "JYUKO": 24.4, "CHOKKEI": 34.0, "TANBOKUZAISEKI": 0.959, "JUKANCHORITSU": 28, "KEIJOHI": 72, "SHURYOHISU": 0, "DATANENDO": 2023, "UNIQUENO": 61305231, "ADDDATE": "2024-03-29", "ADDTENANT": "17000F", "ADDUSER": "kikaku", "EDITDATE": "2024-03-29", "EDITTENANT": null, "EDITUSER": null, "X": -34989.749999999098, "Y": 65956.75 }, "geometry": { "type": "Point", "coordinates": [ 136.775606832247036, 36.593812841964841 ] } },
{ "type": "Feature", "properties": { "JYUSYU": "スギ", "JYUKO": 24.5, "CHOKKEI": 40.6, "TANBOKUZAISEKI": 1.332, "JUKANCHORITSU": 42, "KEIJOHI": 60, "SHURYOHISU": 0, "DATANENDO": 2023, "UNIQUENO": 61305232, "ADDDATE": "2024-03-29", "ADDTENANT": "17000F", "ADDUSER": "kikaku", "EDITDATE": "2024-03-29", "EDITTENANT": null, "EDITUSER": null, "X": -35010.749999999098, "Y": 65956.25 }, "geometry": { "type": "Point", "coordinates": [ 136.775372155316717, 36.593807565614206 ] } },
{ "type": "Feature", "properties": { "JYUSYU": "スギ", "JYUKO": 19.2, "CHOKKEI": 26.9, "TANBOKUZAISEKI": 0.496, "JUKANCHORITSU": 24, "KEIJOHI": 71, "SHURYOHISU": 0, "DATANENDO": 2023, "UNIQUENO": 61305233, "ADDDATE": "2024-03-29", "ADDTENANT": "17000F", "ADDUSER": "kikaku", "EDITDATE": "2024-03-29", "EDITTENANT": null, "EDITUSER": null, "X": -35001.75, "Y": 65956.25 }, "geometry": { "type": "Point", "coordinates": [ 136.775472740887437, 36.593807895792871 ] } },
{ "type": "Feature", "properties": { "JYUSYU": "スギ", "JYUKO": 14.8, "CHOKKEI": 30.5, "TANBOKUZAISEKI": 0.481, "JUKANCHORITSU": 44, "KEIJOHI": 49, "SHURYOHISU": 0, "DATANENDO": 2023, "UNIQUENO": 61305237, "ADDDATE": "2024-03-29", "ADDTENANT": "17000F", "ADDUSER": "kikaku", "EDITDATE": "2024-03-29", "EDITTENANT": null, "EDITUSER": null, "X": -35047.25, "Y": 65954.75 }, "geometry": { "type": "Point", "coordinates": [ 136.774964293287127, 36.593792707489776 ] } },
{ "type": "Feature", "properties": { "JYUSYU": "スギ", "JYUKO": 29.5, "CHOKKEI": 50.0, "TANBOKUZAISEKI": 2.344, "JUKANCHORITSU": 42, "KEIJOHI": 59, "SHURYOHISU": 0, "DATANENDO": 2023, "UNIQUENO": 61305238, "ADDDATE": "2024-03-29", "ADDTENANT": "17000F", "ADDUSER": "kikaku", "EDITDATE": "2024-03-29", "EDITTENANT": null, "EDITUSER": null, "X": -35025.75, "Y": 65954.75 }, "geometry": { "type": "Point", "coordinates": [ 136.775204580984308, 36.593793496931092 ] } },
{ "type": "Feature", "properties": { "JYUSYU": "スギ", "JYUKO": 28.7, "CHOKKEI": 47.2, "TANBOKUZAISEKI": 2.055, "JUKANCHORITSU": 45, "KEIJOHI": 61, "SHURYOHISU": 0, "DATANENDO": 2023, "UNIQUENO": 61305239, "ADDDATE": "2024-03-29", "ADDTENANT": "17000F", "ADDUSER": "kikaku", "EDITDATE": "2024-03-29", "EDITTENANT": null, "EDITUSER": null, "X": -35015.249999999098, "Y": 65954.75 }, "geometry": { "type": "Point", "coordinates": [ 136.775321930793325, 36.593793882296147 ] } },
{ "type": "Feature", "properties": { "JYUSYU": "スギ", "JYUKO": 25.3, "CHOKKEI": 42.4, "TANBOKUZAISEKI": 1.49, "JUKANCHORITSU": 40, "KEIJOHI": 60, "SHURYOHISU": 0, "DATANENDO": 2023, "UNIQUENO": 61305240, "ADDDATE": "2024-03-29", "ADDTENANT": "17000F", "ADDUSER": "kikaku", "EDITDATE": "2024-03-29", "EDITTENANT": null, "EDITUSER": null, "X": -34989.749999999098, "Y": 65954.75 }, "geometry": { "type": "Point", "coordinates": [ 136.775606923195909, 36.593794817701728 ] } },
{ "type": "Feature", "properties": { "JYUSYU": "スギ", "JYUKO": 25.8, "CHOKKEI": 48.5, "TANBOKUZAISEKI": 1.942, "JUKANCHORITSU": 70, "KEIJOHI": 53, "SHURYOHISU": 0, "DATANENDO": 2023, "UNIQUENO": 61305241, "ADDDATE": "2024-03-29", "ADDTENANT": "17000F", "ADDUSER": "kikaku", "EDITDATE": "2024-03-29", "EDITTENANT": null, "EDITUSER": null, "X": -35029.249999999098, "Y": 65954.250000001906 }, "geometry": { "type": "Point", "coordinates": [ 136.775165487144704, 36.593788862384862 ] } },
{ "type": "Feature", "properties": { "JYUSYU": "スギ", "JYUKO": 19.9, "CHOKKEI": 38.5, "TANBOKUZAISEKI": 0.984, "JUKANCHORITSU": 25, "KEIJOHI": 52, "SHURYOHISU": 0, "DATANENDO": 2023, "UNIQUENO": 61305242, "ADDDATE": "2024-03-29", "ADDTENANT": "17000F", "ADDUSER": "kikaku", "EDITDATE": "2024-03-29", "EDITTENANT": null, "EDITUSER": null, "X": -34996.749999999098, "Y": 65954.250000001906 }, "geometry": { "type": "Point", "coordinates": [ 136.775528712727805, 36.593790054925833 ] } },
{ "type": "Feature", "properties": { "JYUSYU": "スギ", "JYUKO": 28.2, "CHOKKEI": 46.4, "TANBOKUZAISEKI": 1.959, "JUKANCHORITSU": 53, "KEIJOHI": 61, "SHURYOHISU": 0, "DATANENDO": 2023, "UNIQUENO": 61305243, "ADDDATE": "2024-03-29", "ADDTENANT": "17000F", "ADDUSER": "kikaku", "EDITDATE": "2024-03-29", "EDITTENANT": null, "EDITUSER": null, "X": -35012.75, "Y": 65953.749999998094 }, "geometry": { "type": "Point", "coordinates": [ 136.775349916728686, 36.59378496190137 ] } },
{ "type": "Feature", "properties": { "JYUSYU": "スギ", "JYUKO": 27.2, "CHOKKEI": 49.5, "TANBOKUZAISEKI": 2.121, "JUKANCHORITSU": 42, "KEIJOHI": 55, "SHURYOHISU": 0, "DATANENDO": 2023, "UNIQUENO": 61305244, "ADDDATE": "2024-03-29", "ADDTENANT": "17000F", "ADDUSER": "kikaku", "EDITDATE": "2024-03-29", "EDITTENANT": null, "EDITUSER": null, "X": -35004.25, "Y": 65953.749999998094 }, "geometry": { "type": "Point", "coordinates": [ 136.775444914184135, 36.593785273756573 ] } },
{ "type": "Feature", "properties": { "JYUSYU": "スギ", "JYUKO": 17.3, "CHOKKEI": 22.6, "TANBOKUZAISEKI": 0.324, "JUKANCHORITSU": 16, "KEIJOHI": 77, "SHURYOHISU": 0, "DATANENDO": 2023, "UNIQUENO": 61305245, "ADDDATE": "2024-03-29", "ADDTENANT": "17000F", "ADDUSER": "kikaku", "EDITDATE": "2024-03-29", "EDITTENANT": null, "EDITUSER": null, "X": -34993.25, "Y": 65953.749999998094 }, "geometry": { "type": "Point", "coordinates": [ 136.775567852069798, 36.593785677221497 ] } },
{ "type": "Feature", "properties": { "JYUSYU": "スギ", "JYUKO": 23.4, "CHOKKEI": 47.9, "TANBOKUZAISEKI": 1.718, "JUKANCHORITSU": 79, "KEIJOHI": 49, "SHURYOHISU": 0, "DATANENDO": 2023, "UNIQUENO": 61305249, "ADDDATE": "2024-03-29", "ADDTENANT": "17000F", "ADDUSER": "kikaku", "EDITDATE": "2024-03-29", "EDITTENANT": null, "EDITUSER": null, "X": -35039.249999999098, "Y": 65952.750000001906 }, "geometry": { "type": "Point", "coordinates": [ 136.775053793739204, 36.593774977029994 ] } },
{ "type": "Feature", "properties": { "JYUSYU": "スギ", "JYUKO": 20.0, "CHOKKEI": 33.6, "TANBOKUZAISEKI": 0.772, "JUKANCHORITSU": 26, "KEIJOHI": 60, "SHURYOHISU": 0, "DATANENDO": 2023, "UNIQUENO": 61305250, "ADDDATE": "2024-03-29", "ADDTENANT": "17000F", "ADDUSER": "kikaku", "EDITDATE": "2024-03-29", "EDITTENANT": null, "EDITUSER": null, "X": -34986.249999998101, "Y": 65952.750000001906 }, "geometry": { "type": "Point", "coordinates": [ 136.77564613074091, 36.593776921774285 ] } },
{ "type": "Feature", "properties": { "JYUSYU": "スギ", "JYUKO": 26.2, "CHOKKEI": 49.7, "TANBOKUZAISEKI": 2.059, "JUKANCHORITSU": 55, "KEIJOHI": 53, "SHURYOHISU": 0, "DATANENDO": 2023, "UNIQUENO": 61305251, "ADDDATE": "2024-03-29", "ADDTENANT": "17000F", "ADDUSER": "kikaku", "EDITDATE": "2024-03-29", "EDITTENANT": null, "EDITUSER": null, "X": -35008.75, "Y": 65951.75 }, "geometry": { "type": "Point", "coordinates": [ 136.775394712411554, 36.59376708440346 ] } },
{ "type": "Feature", "properties": { "JYUSYU": "スギ", "JYUKO": 24.3, "CHOKKEI": 40.1, "TANBOKUZAISEKI": 1.294, "JUKANCHORITSU": 54, "KEIJOHI": 61, "SHURYOHISU": 0, "DATANENDO": 2023, "UNIQUENO": 61305252, "ADDDATE": "2024-03-29", "ADDTENANT": "17000F", "ADDUSER": "kikaku", "EDITDATE": "2024-03-29", "EDITTENANT": null, "EDITUSER": null, "X": -35001.75, "Y": 65951.75 }, "geometry": { "type": "Point", "coordinates": [ 136.775472945592412, 36.593767341201378 ] } },
{ "type": "Feature", "properties": { "JYUSYU": "スギ", "JYUKO": 23.1, "CHOKKEI": 42.3, "TANBOKUZAISEKI": 1.356, "JUKANCHORITSU": 52, "KEIJOHI": 55, "SHURYOHISU": 0, "DATANENDO": 2023, "UNIQUENO": 61305259, "ADDDATE": "2024-03-29", "ADDTENANT": "17000F", "ADDUSER": "kikaku", "EDITDATE": "2024-03-29", "EDITTENANT": null, "EDITUSER": null, "X": -35044.749999999098, "Y": 65950.25 }, "geometry": { "type": "Point", "coordinates": [ 136.774992438672882, 36.593752244720889 ] } },
{ "type": "Feature", "properties": { "JYUSYU": "スギ", "JYUKO": 30.0, "CHOKKEI": 55.4, "TANBOKUZAISEKI": 2.883, "JUKANCHORITSU": 53, "KEIJOHI": 54, "SHURYOHISU": 0, "DATANENDO": 2023, "UNIQUENO": 61305260, "ADDDATE": "2024-03-29", "ADDTENANT": "17000F", "ADDUSER": "kikaku", "EDITDATE": "2024-03-29", "EDITTENANT": null, "EDITUSER": null, "X": -35021.25, "Y": 65950.25 }, "geometry": { "type": "Point", "coordinates": [ 136.775255078578226, 36.593753107511148 ] } },
{ "type": "Feature", "properties": { "JYUSYU": "スギ", "JYUKO": 3.2, "CHOKKEI": 5.9, "TANBOKUZAISEKI": 0.005, "JUKANCHORITSU": 53, "KEIJOHI": 54, "SHURYOHISU": 0, "DATANENDO": 2023, "UNIQUENO": 61305265, "ADDDATE": "2024-03-29", "ADDTENANT": "17000F", "ADDUSER": "kikaku", "EDITDATE": "2024-03-29", "EDITTENANT": null, "EDITUSER": null, "X": -35064.749999999098, "Y": 65949.250000003696 }, "geometry": { "type": "Point", "coordinates": [ 136.774768960929748, 36.593742497844744 ] } },
{ "type": "Feature", "properties": { "JYUSYU": "スギ", "JYUKO": 26.5, "CHOKKEI": 41.7, "TANBOKUZAISEKI": 1.514, "JUKANCHORITSU": 35, "KEIJOHI": 64, "SHURYOHISU": 0, "DATANENDO": 2023, "UNIQUENO": 61305266, "ADDDATE": "2024-03-29", "ADDTENANT": "17000F", "ADDUSER": "kikaku", "EDITDATE": "2024-03-29", "EDITTENANT": null, "EDITUSER": null, "X": -35023.749999999098, "Y": 65949.250000003696 }, "geometry": { "type": "Point", "coordinates": [ 136.775227183680755, 36.593744003621246 ] } },
{ "type": "Feature", "properties": { "JYUSYU": "スギ", "JYUKO": 23.4, "CHOKKEI": 44.5, "TANBOKUZAISEKI": 1.505, "JUKANCHORITSU": 75, "KEIJOHI": 53, "SHURYOHISU": 0, "DATANENDO": 2023, "UNIQUENO": 61305271, "ADDDATE": "2024-03-29", "ADDTENANT": "17000F", "ADDUSER": "kikaku", "EDITDATE": "2024-03-29", "EDITTENANT": null, "EDITUSER": null, "X": -35035.249999999098, "Y": 65948.250000001906 }, "geometry": { "type": "Point", "coordinates": [ 136.775098703317184, 36.593734569315927 ] } },
{ "type": "Feature", "properties": { "JYUSYU": "スギ", "JYUKO": 9.7, "CHOKKEI": 16.5, "TANBOKUZAISEKI": 0.102, "JUKANCHORITSU": 68, "KEIJOHI": 59, "SHURYOHISU": 0, "DATANENDO": 2023, "UNIQUENO": 61305272, "ADDDATE": "2024-03-29", "ADDTENANT": "17000F", "ADDUSER": "kikaku", "EDITDATE": "2024-03-29", "EDITTENANT": null, "EDITUSER": null, "X": -35064.749999999098, "Y": 65947.750000003696 }, "geometry": { "type": "Point", "coordinates": [ 136.77476902928737, 36.593728979648596 ] } },
{ "type": "Feature", "properties": { "JYUSYU": "スギ", "JYUKO": 23.9, "CHOKKEI": 40.5, "TANBOKUZAISEKI": 1.292, "JUKANCHORITSU": 46, "KEIJOHI": 59, "SHURYOHISU": 0, "DATANENDO": 2023, "UNIQUENO": 61305273, "ADDDATE": "2024-03-29", "ADDTENANT": "17000F", "ADDUSER": "kikaku", "EDITDATE": "2024-03-29", "EDITTENANT": null, "EDITUSER": null, "X": -35046.249999999098, "Y": 65947.25 }, "geometry": { "type": "Point", "coordinates": [ 136.774975811067122, 36.593725153236576 ] } },
{ "type": "Feature", "properties": { "JYUSYU": "スギ", "JYUKO": 21.6, "CHOKKEI": 37.1, "TANBOKUZAISEKI": 0.996, "JUKANCHORITSU": 48, "KEIJOHI": 58, "SHURYOHISU": 0, "DATANENDO": 2023, "UNIQUENO": 61305274, "ADDDATE": "2024-03-29", "ADDTENANT": "17000F", "ADDUSER": "kikaku", "EDITDATE": "2024-03-29", "EDITTENANT": null, "EDITUSER": null, "X": -35040.749999999098, "Y": 65947.25 }, "geometry": { "type": "Point", "coordinates": [ 136.775037279958525, 36.593725355226525 ] } },
{ "type": "Feature", "properties": { "JYUSYU": "スギ", "JYUKO": 24.3, "CHOKKEI": 42.6, "TANBOKUZAISEKI": 1.447, "JUKANCHORITSU": 30, "KEIJOHI": 57, "SHURYOHISU": 0, "DATANENDO": 2023, "UNIQUENO": 61305275, "ADDDATE": "2024-03-29", "ADDTENANT": "17000F", "ADDUSER": "kikaku", "EDITDATE": "2024-03-29", "EDITTENANT": null, "EDITUSER": null, "X": -35030.749999999098, "Y": 65946.750000001906 }, "geometry": { "type": "Point", "coordinates": [ 136.775149064344617, 36.593721216334195 ] } },
{ "type": "Feature", "properties": { "JYUSYU": "スギ", "JYUKO": 13.6, "CHOKKEI": 28.0, "TANBOKUZAISEKI": 0.377, "JUKANCHORITSU": 60, "KEIJOHI": 49, "SHURYOHISU": 0, "DATANENDO": 2023, "UNIQUENO": 61305276, "ADDDATE": "2024-03-29", "ADDTENANT": "17000F", "ADDUSER": "kikaku", "EDITDATE": "2024-03-29", "EDITTENANT": null, "EDITUSER": null, "X": -35014.749999998101, "Y": 65946.750000001906 }, "geometry": { "type": "Point", "coordinates": [ 136.775327882934164, 36.593721803593333 ] } },
{ "type": "Feature", "properties": { "JYUSYU": "スギ", "JYUKO": 25.2, "CHOKKEI": 43.1, "TANBOKUZAISEKI": 1.533, "JUKANCHORITSU": 80, "KEIJOHI": 59, "SHURYOHISU": 0, "DATANENDO": 2023, "UNIQUENO": 61305279, "ADDDATE": "2024-03-29", "ADDTENANT": "17000F", "ADDUSER": "kikaku", "EDITDATE": "2024-03-29", "EDITTENANT": null, "EDITUSER": null, "X": -35056.75, "Y": 65945.75 }, "geometry": { "type": "Point", "coordinates": [ 136.774858529709036, 36.593711249335037 ] } },
{ "type": "Feature", "properties": { "JYUSYU": "スギ", "JYUKO": 18.5, "CHOKKEI": 32.7, "TANBOKUZAISEKI": 0.681, "JUKANCHORITSU": 34, "KEIJOHI": 57, "SHURYOHISU": 0, "DATANENDO": 2023, "UNIQUENO": 61305280, "ADDDATE": "2024-03-29", "ADDTENANT": "17000F", "ADDUSER": "kikaku", "EDITDATE": "2024-03-29", "EDITTENANT": null, "EDITUSER": null, "X": -35018.75, "Y": 65945.75 }, "geometry": { "type": "Point", "coordinates": [ 136.775283223798198, 36.593712644672337 ] } },
{ "type": "Feature", "properties": { "JYUSYU": "スギ", "JYUKO": 24.0, "CHOKKEI": 34.9, "TANBOKUZAISEKI": 0.99, "JUKANCHORITSU": 26, "KEIJOHI": 69, "SHURYOHISU": 0, "DATANENDO": 2023, "UNIQUENO": 61305282, "ADDDATE": "2024-03-29", "ADDTENANT": "17000F", "ADDUSER": "kikaku", "EDITDATE": "2024-03-29", "EDITTENANT": null, "EDITUSER": null, "X": -35047.25, "Y": 65944.750000001906 }, "geometry": { "type": "Point", "coordinates": [ 136.774964748777535, 36.593702586180221 ] } },
{ "type": "Feature", "properties": { "JYUSYU": "スギ", "JYUKO": 22.6, "CHOKKEI": 37.6, "TANBOKUZAISEKI": 1.07, "JUKANCHORITSU": 23, "KEIJOHI": 60, "SHURYOHISU": 0, "DATANENDO": 2023, "UNIQUENO": 61305283, "ADDDATE": "2024-03-29", "ADDTENANT": "17000F", "ADDUSER": "kikaku", "EDITDATE": "2024-03-29", "EDITTENANT": null, "EDITUSER": null, "X": -35023.249999998101, "Y": 65944.750000001906 }, "geometry": { "type": "Point", "coordinates": [ 136.775232976593372, 36.593703467382717 ] } },
{ "type": "Feature", "properties": { "JYUSYU": "スギ", "JYUKO": 24.9, "CHOKKEI": 38.6, "TANBOKUZAISEKI": 1.237, "JUKANCHORITSU": 31, "KEIJOHI": 65, "SHURYOHISU": 0, "DATANENDO": 2023, "UNIQUENO": 61305285, "ADDDATE": "2024-03-29", "ADDTENANT": "17000F", "ADDUSER": "kikaku", "EDITDATE": "2024-03-29", "EDITTENANT": null, "EDITUSER": null, "X": -35043.749999999098, "Y": 65944.25 }, "geometry": { "type": "Point", "coordinates": [ 136.775003888105459, 36.59369820866096 ] } },
{ "type": "Feature", "properties": { "JYUSYU": "スギ", "JYUKO": 22.2, "CHOKKEI": 39.9, "TANBOKUZAISEKI": 1.172, "JUKANCHORITSU": 45, "KEIJOHI": 56, "SHURYOHISU": 0, "DATANENDO": 2023, "UNIQUENO": 61305286, "ADDDATE": "2024-03-29", "ADDTENANT": "17000F", "ADDUSER": "kikaku", "EDITDATE": "2024-03-29", "EDITTENANT": null, "EDITUSER": null, "X": -35033.749999999098, "Y": 65944.25 }, "geometry": { "type": "Point", "coordinates": [ 136.775115649688189, 36.59369857586529 ] } },
{ "type": "Feature", "properties": { "JYUSYU": "スギ", "JYUKO": 24.9, "CHOKKEI": 43.0, "TANBOKUZAISEKI": 1.503, "JUKANCHORITSU": 31, "KEIJOHI": 58, "SHURYOHISU": 0, "DATANENDO": 2023, "UNIQUENO": 61305287, "ADDDATE": "2024-03-29", "ADDTENANT": "17000F", "ADDUSER": "kikaku", "EDITDATE": "2024-03-29", "EDITTENANT": null, "EDITUSER": null, "X": -35060.749999999098, "Y": 65943.750000001906 }, "geometry": { "type": "Point", "coordinates": [ 136.774813916202731, 36.593693078107677 ] } },
{ "type": "Feature", "properties": { "JYUSYU": "スギ", "JYUKO": 23.8, "CHOKKEI": 32.3, "TANBOKUZAISEKI": 0.854, "JUKANCHORITSU": 33, "KEIJOHI": 74, "SHURYOHISU": 0, "DATANENDO": 2023, "UNIQUENO": 61305288, "ADDDATE": "2024-03-29", "ADDTENANT": "17000F", "ADDUSER": "kikaku", "EDITDATE": "2024-03-29", "EDITTENANT": null, "EDITUSER": null, "X": -35050.249999998101, "Y": 65943.750000001906 }, "geometry": { "type": "Point", "coordinates": [ 136.774931265854207, 36.593693463856475 ] } },
{ "type": "Feature", "properties": { "JYUSYU": "スギ", "JYUKO": 21.6, "CHOKKEI": 30.4, "TANBOKUZAISEKI": 0.694, "JUKANCHORITSU": 34, "KEIJOHI": 71, "SHURYOHISU": 0, "DATANENDO": 2023, "UNIQUENO": 61305289, "ADDDATE": "2024-03-29", "ADDTENANT": "17000F", "ADDUSER": "kikaku", "EDITDATE": "2024-03-29", "EDITTENANT": null, "EDITUSER": null, "X": -35064.749999999098, "Y": 65943.250000001906 }, "geometry": { "type": "Point", "coordinates": [ 136.774769234360008, 36.593688425059959 ] } },
{ "type": "Feature", "properties": { "JYUSYU": "スギ", "JYUKO": 23.8, "CHOKKEI": 30.2, "TANBOKUZAISEKI": 0.753, "JUKANCHORITSU": 14, "KEIJOHI": 79, "SHURYOHISU": 0, "DATANENDO": 2023, "UNIQUENO": 61305290, "ADDDATE": "2024-03-29", "ADDTENANT": "17000F", "ADDUSER": "kikaku", "EDITDATE": "2024-03-29", "EDITTENANT": null, "EDITUSER": null, "X": -35055.25, "Y": 65943.250000001906 }, "geometry": { "type": "Point", "coordinates": [ 136.774875407847162, 36.593688774115499 ] } },
{ "type": "Feature", "properties": { "JYUSYU": "スギ", "JYUKO": 24.9, "CHOKKEI": 43.3, "TANBOKUZAISEKI": 1.522, "JUKANCHORITSU": 45, "KEIJOHI": 58, "SHURYOHISU": 0, "DATANENDO": 2023, "UNIQUENO": 61305291, "ADDDATE": "2024-03-29", "ADDTENANT": "17000F", "ADDUSER": "kikaku", "EDITDATE": "2024-03-29", "EDITTENANT": null, "EDITUSER": null, "X": -35052.75, "Y": 65943.250000001906 }, "geometry": { "type": "Point", "coordinates": [ 136.774903348238809, 36.593688865956508 ] } },
{ "type": "Feature", "properties": { "JYUSYU": "スギ", "JYUKO": 27.2, "CHOKKEI": 41.2, "TANBOKUZAISEKI": 1.518, "JUKANCHORITSU": 36, "KEIJOHI": 66, "SHURYOHISU": 0, "DATANENDO": 2023, "UNIQUENO": 61305292, "ADDDATE": "2024-03-29", "ADDTENANT": "17000F", "ADDUSER": "kikaku", "EDITDATE": "2024-03-29", "EDITTENANT": null, "EDITUSER": null, "X": -35029.75, "Y": 65943.250000001906 }, "geometry": { "type": "Point", "coordinates": [ 136.775160399848033, 36.593689710586446 ] } },
{ "type": "Feature", "properties": { "JYUSYU": "スギ", "JYUKO": 25.3, "CHOKKEI": 51.8, "TANBOKUZAISEKI": 2.15, "JUKANCHORITSU": 81, "KEIJOHI": 49, "SHURYOHISU": 0, "DATANENDO": 2023, "UNIQUENO": 61305293, "ADDDATE": "2024-03-29", "ADDTENANT": "17000F", "ADDUSER": "kikaku", "EDITDATE": "2024-03-29", "EDITTENANT": null, "EDITUSER": null, "X": -35006.249999998101, "Y": 65943.250000001906 }, "geometry": { "type": "Point", "coordinates": [ 136.775423039546752, 36.593690573005325 ] } },
{ "type": "Feature", "properties": { "JYUSYU": "スギ", "JYUKO": 25.3, "CHOKKEI": 49.0, "TANBOKUZAISEKI": 1.946, "JUKANCHORITSU": 84, "KEIJOHI": 52, "SHURYOHISU": 0, "DATANENDO": 2023, "UNIQUENO": 61305295, "ADDDATE": "2024-03-29", "ADDTENANT": "17000F", "ADDUSER": "kikaku", "EDITDATE": "2024-03-29", "EDITTENANT": null, "EDITUSER": null, "X": -35067.250000000902, "Y": 65942.75 }, "geometry": { "type": "Point", "coordinates": [ 136.774741316756376, 36.593683827122092 ] } },
{ "type": "Feature", "properties": { "JYUSYU": "スギ", "JYUKO": 19.0, "CHOKKEI": 33.6, "TANBOKUZAISEKI": 0.735, "JUKANCHORITSU": 56, "KEIJOHI": 57, "SHURYOHISU": 0, "DATANENDO": 2023, "UNIQUENO": 61305296, "ADDDATE": "2024-03-29", "ADDTENANT": "17000F", "ADDUSER": "kikaku", "EDITDATE": "2024-03-29", "EDITTENANT": null, "EDITUSER": null, "X": -35017.25, "Y": 65942.75 }, "geometry": { "type": "Point", "coordinates": [ 136.775300124568986, 36.59368566332622 ] } },
{ "type": "Feature", "properties": { "JYUSYU": "スギ", "JYUKO": 28.1, "CHOKKEI": 47.3, "TANBOKUZAISEKI": 2.026, "JUKANCHORITSU": 39, "KEIJOHI": 59, "SHURYOHISU": 0, "DATANENDO": 2023, "UNIQUENO": 61305298, "ADDDATE": "2024-03-29", "ADDTENANT": "17000F", "ADDUSER": "kikaku", "EDITDATE": "2024-03-29", "EDITTENANT": null, "EDITUSER": null, "X": -35027.25, "Y": 65942.250000001906 }, "geometry": { "type": "Point", "coordinates": [ 136.775188385763869, 36.593680790229342 ] } },
{ "type": "Feature", "properties": { "JYUSYU": "スギ", "JYUKO": 25.4, "CHOKKEI": 46.0, "TANBOKUZAISEKI": 1.735, "JUKANCHORITSU": 57, "KEIJOHI": 55, "SHURYOHISU": 0, "DATANENDO": 2023, "UNIQUENO": 61305299, "ADDDATE": "2024-03-29", "ADDTENANT": "17000F", "ADDUSER": "kikaku", "EDITDATE": "2024-03-29", "EDITTENANT": null, "EDITUSER": null, "X": -35042.249999999098, "Y": 65941.750000001906 }, "geometry": { "type": "Point", "coordinates": [ 136.775020766198764, 36.593675733420525 ] } },
{ "type": "Feature", "properties": { "JYUSYU": "スギ", "JYUKO": 24.4, "CHOKKEI": 39.6, "TANBOKUZAISEKI": 1.27, "JUKANCHORITSU": 32, "KEIJOHI": 62, "SHURYOHISU": 0, "DATANENDO": 2023, "UNIQUENO": 61305304, "ADDDATE": "2024-03-29", "ADDTENANT": "17000F", "ADDUSER": "kikaku", "EDITDATE": "2024-03-29", "EDITTENANT": null, "EDITUSER": null, "X": -35057.749999999098, "Y": 65940.250000001906 }, "geometry": { "type": "Point", "coordinates": [ 136.77484760414319, 36.593661645875116 ] } },
{ "type": "Feature", "properties": { "JYUSYU": "スギ", "JYUKO": 24.4, "CHOKKEI": 41.6, "TANBOKUZAISEKI": 1.386, "JUKANCHORITSU": 34, "KEIJOHI": 59, "SHURYOHISU": 0, "DATANENDO": 2023, "UNIQUENO": 61305305, "ADDDATE": "2024-03-29", "ADDTENANT": "17000F", "ADDUSER": "kikaku", "EDITDATE": "2024-03-29", "EDITTENANT": null, "EDITUSER": null, "X": -35047.749999999098, "Y": 65940.250000001906 }, "geometry": { "type": "Point", "coordinates": [ 136.774959365671094, 36.593662013225675 ] } },
{ "type": "Feature", "properties": { "JYUSYU": "スギ", "JYUKO": 14.6, "CHOKKEI": 24.0, "TANBOKUZAISEKI": 0.305, "JUKANCHORITSU": 89, "KEIJOHI": 61, "SHURYOHISU": 0, "DATANENDO": 2023, "UNIQUENO": 61305306, "ADDDATE": "2024-03-29", "ADDTENANT": "17000F", "ADDUSER": "kikaku", "EDITDATE": "2024-03-29", "EDITTENANT": null, "EDITUSER": null, "X": -35010.749999999098, "Y": 65940.250000001906 }, "geometry": { "type": "Point", "coordinates": [ 136.775372883341959, 36.593663371511575 ] } },
{ "type": "Feature", "properties": { "JYUSYU": "スギ", "JYUKO": 23.1, "CHOKKEI": 41.1, "TANBOKUZAISEKI": 1.291, "JUKANCHORITSU": 39, "KEIJOHI": 56, "SHURYOHISU": 0, "DATANENDO": 2023, "UNIQUENO": 61305308, "ADDDATE": "2024-03-29", "ADDTENANT": "17000F", "ADDUSER": "kikaku", "EDITDATE": "2024-03-29", "EDITTENANT": null, "EDITUSER": null, "X": -35119.75, "Y": 65939.75 }, "geometry": { "type": "Point", "coordinates": [ 136.774154705536915, 36.593654859897576 ] } },
{ "type": "Feature", "properties": { "JYUSYU": "スギ", "JYUKO": 26.6, "CHOKKEI": 44.8, "TANBOKUZAISEKI": 1.733, "JUKANCHORITSU": 23, "KEIJOHI": 59, "SHURYOHISU": 0, "DATANENDO": 2023, "UNIQUENO": 61305309, "ADDDATE": "2024-03-29", "ADDTENANT": "17000F", "ADDUSER": "kikaku", "EDITDATE": "2024-03-29", "EDITTENANT": null, "EDITUSER": null, "X": -35022.249999999098, "Y": 65939.75 }, "geometry": { "type": "Point", "coordinates": [ 136.775244380334613, 36.59365844342959 ] } },
{ "type": "Feature", "properties": { "JYUSYU": "スギ", "JYUKO": 21.6, "CHOKKEI": 34.5, "TANBOKUZAISEKI": 0.875, "JUKANCHORITSU": 28, "KEIJOHI": 63, "SHURYOHISU": 0, "DATANENDO": 2023, "UNIQUENO": 61305310, "ADDDATE": "2024-03-29", "ADDTENANT": "17000F", "ADDUSER": "kikaku", "EDITDATE": "2024-03-29", "EDITTENANT": null, "EDITUSER": null, "X": -35031.25, "Y": 65939.25 }, "geometry": { "type": "Point", "coordinates": [ 136.775143817724597, 36.593653606993698 ] } },
{ "type": "Feature", "properties": { "JYUSYU": "スギ", "JYUKO": 24.5, "CHOKKEI": 45.3, "TANBOKUZAISEKI": 1.628, "JUKANCHORITSU": 66, "KEIJOHI": 54, "SHURYOHISU": 0, "DATANENDO": 2023, "UNIQUENO": 61305312, "ADDDATE": "2024-03-29", "ADDTENANT": "17000F", "ADDUSER": "kikaku", "EDITDATE": "2024-03-29", "EDITTENANT": null, "EDITUSER": null, "X": -35070.749999999098, "Y": 65938.750000001906 }, "geometry": { "type": "Point", "coordinates": [ 136.774702382529, 36.593647649966513 ] } },
{ "type": "Feature", "properties": { "JYUSYU": "スギ", "JYUKO": 25.9, "CHOKKEI": 46.9, "TANBOKUZAISEKI": 1.83, "JUKANCHORITSU": 95, "KEIJOHI": 55, "SHURYOHISU": 0, "DATANENDO": 2023, "UNIQUENO": 61305313, "ADDDATE": "2024-03-29", "ADDTENANT": "17000F", "ADDUSER": "kikaku", "EDITDATE": "2024-03-29", "EDITTENANT": null, "EDITUSER": null, "X": -35106.249999999098, "Y": 65938.25 }, "geometry": { "type": "Point", "coordinates": [ 136.7743056520126, 36.593641838477517 ] } },
{ "type": "Feature", "properties": { "JYUSYU": "スギ", "JYUKO": 26.3, "CHOKKEI": 41.2, "TANBOKUZAISEKI": 1.465, "JUKANCHORITSU": 56, "KEIJOHI": 64, "SHURYOHISU": 0, "DATANENDO": 2023, "UNIQUENO": 61305314, "ADDDATE": "2024-03-29", "ADDTENANT": "17000F", "ADDUSER": "kikaku", "EDITDATE": "2024-03-29", "EDITTENANT": null, "EDITUSER": null, "X": -35079.249999999098, "Y": 65938.25 }, "geometry": { "type": "Point", "coordinates": [ 136.774607408045881, 36.593642831455121 ] } },
{ "type": "Feature", "properties": { "JYUSYU": "スギ", "JYUKO": 26.4, "CHOKKEI": 43.1, "TANBOKUZAISEKI": 1.605, "JUKANCHORITSU": 59, "KEIJOHI": 61, "SHURYOHISU": 0, "DATANENDO": 2023, "UNIQUENO": 61305315, "ADDDATE": "2024-03-29", "ADDTENANT": "17000F", "ADDUSER": "kikaku", "EDITDATE": "2024-03-29", "EDITTENANT": null, "EDITUSER": null, "X": -35076.249999999098, "Y": 65938.25 }, "geometry": { "type": "Point", "coordinates": [ 136.774640936494961, 36.593642941738828 ] } },
{ "type": "Feature", "properties": { "JYUSYU": "スギ", "JYUKO": 26.7, "CHOKKEI": 39.1, "TANBOKUZAISEKI": 1.358, "JUKANCHORITSU": 30, "KEIJOHI": 68, "SHURYOHISU": 0, "DATANENDO": 2023, "UNIQUENO": 61305316, "ADDDATE": "2024-03-29", "ADDTENANT": "17000F", "ADDUSER": "kikaku", "EDITDATE": "2024-03-29", "EDITTENANT": null, "EDITUSER": null, "X": -35017.25, "Y": 65938.25 }, "geometry": { "type": "Point", "coordinates": [ 136.775300329363375, 36.593645108734719 ] } },
{ "type": "Feature", "properties": { "JYUSYU": "スギ", "JYUKO": 25.2, "CHOKKEI": 46.6, "TANBOKUZAISEKI": 1.77, "JUKANCHORITSU": 39, "KEIJOHI": 54, "SHURYOHISU": 0, "DATANENDO": 2023, "UNIQUENO": 61305318, "ADDDATE": "2024-03-29", "ADDTENANT": "17000F", "ADDUSER": "kikaku", "EDITDATE": "2024-03-29", "EDITTENANT": null, "EDITUSER": null, "X": -35125.749999999098, "Y": 65937.75 }, "geometry": { "type": "Point", "coordinates": [ 136.774087739934288, 36.593636614786817 ] } },
{ "type": "Feature", "properties": { "JYUSYU": "スギ", "JYUKO": 26.2, "CHOKKEI": 48.9, "TANBOKUZAISEKI": 2.004, "JUKANCHORITSU": 61, "KEIJOHI": 54, "SHURYOHISU": 0, "DATANENDO": 2023, "UNIQUENO": 61305319, "ADDDATE": "2024-03-29", "ADDTENANT": "17000F", "ADDUSER": "kikaku", "EDITDATE": "2024-03-29", "EDITTENANT": null, "EDITUSER": null, "X": -35094.749999999098, "Y": 65937.250000001906 }, "geometry": { "type": "Point", "coordinates": [ 136.774434223339199, 36.59363324937528 ] } },
{ "type": "Feature", "properties": { "JYUSYU": "スギ", "JYUKO": 26.1, "CHOKKEI": 48.8, "TANBOKUZAISEKI": 1.99, "JUKANCHORITSU": 79, "KEIJOHI": 54, "SHURYOHISU": 0, "DATANENDO": 2023, "UNIQUENO": 61305320, "ADDDATE": "2024-03-29", "ADDTENANT": "17000F", "ADDUSER": "kikaku", "EDITDATE": "2024-03-29", "EDITTENANT": null, "EDITUSER": null, "X": -35084.749999999098, "Y": 65937.250000001906 }, "geometry": { "type": "Point", "coordinates": [ 136.774545984820634, 36.593633617113206 ] } },
{ "type": "Feature", "properties": { "JYUSYU": "スギ", "JYUKO": 27.1, "CHOKKEI": 45.9, "TANBOKUZAISEKI": 1.85, "JUKANCHORITSU": 32, "KEIJOHI": 59, "SHURYOHISU": 0, "DATANENDO": 2023, "UNIQUENO": 61305321, "ADDDATE": "2024-03-29", "ADDTENANT": "17000F", "ADDUSER": "kikaku", "EDITDATE": "2024-03-29", "EDITTENANT": null, "EDITUSER": null, "X": -35056.249999999098, "Y": 65937.250000001906 }, "geometry": { "type": "Point", "coordinates": [ 136.774864505053813, 36.593634664591391 ] } },
{ "type": "Feature", "properties": { "JYUSYU": "スギ", "JYUKO": 25.4, "CHOKKEI": 43.1, "TANBOKUZAISEKI": 1.545, "JUKANCHORITSU": 32, "KEIJOHI": 59, "SHURYOHISU": 0, "DATANENDO": 2023, "UNIQUENO": 61305322, "ADDDATE": "2024-03-29", "ADDTENANT": "17000F", "ADDUSER": "kikaku", "EDITDATE": "2024-03-29", "EDITTENANT": null, "EDITUSER": null, "X": -35050.249999998101, "Y": 65937.250000001906 }, "geometry": { "type": "Point", "coordinates": [ 136.774931561947085, 36.593634885004654 ] } },
{ "type": "Feature", "properties": { "JYUSYU": "スギ", "JYUKO": 29.1, "CHOKKEI": 47.9, "TANBOKUZAISEKI": 2.137, "JUKANCHORITSU": 79, "KEIJOHI": 61, "SHURYOHISU": 0, "DATANENDO": 2023, "UNIQUENO": 61305323, "ADDDATE": "2024-03-29", "ADDTENANT": "17000F", "ADDUSER": "kikaku", "EDITDATE": "2024-03-29", "EDITTENANT": null, "EDITUSER": null, "X": -35015.249999999098, "Y": 65937.250000001906 }, "geometry": { "type": "Point", "coordinates": [ 136.775322727172465, 36.593636169996792 ] } },
{ "type": "Feature", "properties": { "JYUSYU": "スギ", "JYUKO": 28.5, "CHOKKEI": 47.5, "TANBOKUZAISEKI": 2.06, "JUKANCHORITSU": 29, "KEIJOHI": 60, "SHURYOHISU": 0, "DATANENDO": 2023, "UNIQUENO": 61305324, "ADDDATE": "2024-03-29", "ADDTENANT": "17000F", "ADDUSER": "kikaku", "EDITDATE": "2024-03-29", "EDITTENANT": null, "EDITUSER": null, "X": -35098.749999999098, "Y": 65936.75 }, "geometry": { "type": "Point", "coordinates": [ 136.774389541555053, 36.593628596185489 ] } },
{ "type": "Feature", "properties": { "JYUSYU": "スギ", "JYUKO": 25.4, "CHOKKEI": 28.4, "TANBOKUZAISEKI": 0.722, "JUKANCHORITSU": 16, "KEIJOHI": 89, "SHURYOHISU": 0, "DATANENDO": 2023, "UNIQUENO": 61305325, "ADDDATE": "2024-03-29", "ADDTENANT": "17000F", "ADDUSER": "kikaku", "EDITDATE": "2024-03-29", "EDITTENANT": null, "EDITUSER": null, "X": -35074.749999999098, "Y": 65936.75 }, "geometry": { "type": "Point", "coordinates": [ 136.774657769096336, 36.593629478680931 ] } },
{ "type": "Feature", "properties": { "JYUSYU": "スギ", "JYUKO": 18.8, "CHOKKEI": 33.6, "TANBOKUZAISEKI": 0.725, "JUKANCHORITSU": 35, "KEIJOHI": 56, "SHURYOHISU": 0, "DATANENDO": 2023, "UNIQUENO": 61305326, "ADDDATE": "2024-03-29", "ADDTENANT": "17000F", "ADDUSER": "kikaku", "EDITDATE": "2024-03-29", "EDITTENANT": null, "EDITUSER": null, "X": -35045.75, "Y": 65936.75 }, "geometry": { "type": "Point", "coordinates": [ 136.774981877390928, 36.593630544224247 ] } },
{ "type": "Feature", "properties": { "JYUSYU": "スギ", "JYUKO": 25.5, "CHOKKEI": 42.8, "TANBOKUZAISEKI": 1.532, "JUKANCHORITSU": 45, "KEIJOHI": 60, "SHURYOHISU": 0, "DATANENDO": 2023, "UNIQUENO": 61305327, "ADDDATE": "2024-03-29", "ADDTENANT": "17000F", "ADDUSER": "kikaku", "EDITDATE": "2024-03-29", "EDITTENANT": null, "EDITUSER": null, "X": -35025.249999999098, "Y": 65936.75 }, "geometry": { "type": "Point", "coordinates": [ 136.775210988437067, 36.593631296921465 ] } },
{ "type": "Feature", "properties": { "JYUSYU": "スギ", "JYUKO": 24.1, "CHOKKEI": 29.9, "TANBOKUZAISEKI": 0.749, "JUKANCHORITSU": 20, "KEIJOHI": 81, "SHURYOHISU": 0, "DATANENDO": 2023, "UNIQUENO": 61305328, "ADDDATE": "2024-03-29", "ADDTENANT": "17000F", "ADDUSER": "kikaku", "EDITDATE": "2024-03-29", "EDITTENANT": null, "EDITUSER": null, "X": -35019.75, "Y": 65936.75 }, "geometry": { "type": "Point", "coordinates": [ 136.775272457255738, 36.593631498789684 ] } },
{ "type": "Feature", "properties": { "JYUSYU": "スギ", "JYUKO": 26.5, "CHOKKEI": 33.0, "TANBOKUZAISEKI": 0.988, "JUKANCHORITSU": 15, "KEIJOHI": 80, "SHURYOHISU": 0, "DATANENDO": 2023, "UNIQUENO": 61305329, "ADDDATE": "2024-03-29", "ADDTENANT": "17000F", "ADDUSER": "kikaku", "EDITDATE": "2024-03-29", "EDITTENANT": null, "EDITUSER": null, "X": -35077.749999999098, "Y": 65936.25 }, "geometry": { "type": "Point", "coordinates": [ 136.774624263447237, 36.593624862336625 ] } },
{ "type": "Feature", "properties": { "JYUSYU": "スギ", "JYUKO": 18.5, "CHOKKEI": 38.1, "TANBOKUZAISEKI": 0.897, "JUKANCHORITSU": 30, "KEIJOHI": 49, "SHURYOHISU": 0, "DATANENDO": 2023, "UNIQUENO": 61305330, "ADDDATE": "2024-03-29", "ADDTENANT": "17000F", "ADDUSER": "kikaku", "EDITDATE": "2024-03-29", "EDITTENANT": null, "EDITUSER": null, "X": -35037.749999999098, "Y": 65936.25 }, "geometry": { "type": "Point", "coordinates": [ 136.775071309346856, 36.593626331946524 ] } },
{ "type": "Feature", "properties": { "JYUSYU": "スギ", "JYUKO": 26.9, "CHOKKEI": 42.3, "TANBOKUZAISEKI": 1.575, "JUKANCHORITSU": 23, "KEIJOHI": 64, "SHURYOHISU": 0, "DATANENDO": 2023, "UNIQUENO": 61305333, "ADDDATE": "2024-03-29", "ADDTENANT": "17000F", "ADDUSER": "kikaku", "EDITDATE": "2024-03-29", "EDITTENANT": null, "EDITUSER": null, "X": -35104.249999998101, "Y": 65935.750000001906 }, "geometry": { "type": "Point", "coordinates": [ 136.774328118368004, 36.593619381731507 ] } },
{ "type": "Feature", "properties": { "JYUSYU": "スギ", "JYUKO": 24.2, "CHOKKEI": 29.5, "TANBOKUZAISEKI": 0.734, "JUKANCHORITSU": 18, "KEIJOHI": 82, "SHURYOHISU": 0, "DATANENDO": 2023, "UNIQUENO": 61305334, "ADDDATE": "2024-03-29", "ADDTENANT": "17000F", "ADDUSER": "kikaku", "EDITDATE": "2024-03-29", "EDITTENANT": null, "EDITUSER": null, "X": -35022.75, "Y": 65935.249999998094 }, "geometry": { "type": "Point", "coordinates": [ 136.7752389970845, 36.593617870486504 ] } },
{ "type": "Feature", "properties": { "JYUSYU": "スギ", "JYUKO": 24.4, "CHOKKEI": 38.1, "TANBOKUZAISEKI": 1.183, "JUKANCHORITSU": 40, "KEIJOHI": 64, "SHURYOHISU": 0, "DATANENDO": 2023, "UNIQUENO": 61305335, "ADDDATE": "2024-03-29", "ADDTENANT": "17000F", "ADDUSER": "kikaku", "EDITDATE": "2024-03-29", "EDITTENANT": null, "EDITUSER": null, "X": -35072.249999999098, "Y": 65934.75 }, "geometry": { "type": "Point", "coordinates": [ 136.774685800628362, 36.593611546311131 ] } },
{ "type": "Feature", "properties": { "JYUSYU": "スギ", "JYUKO": 24.2, "CHOKKEI": 45.5, "TANBOKUZAISEKI": 1.626, "JUKANCHORITSU": 33, "KEIJOHI": 53, "SHURYOHISU": 0, "DATANENDO": 2023, "UNIQUENO": 61305336, "ADDDATE": "2024-03-29", "ADDTENANT": "17000F", "ADDUSER": "kikaku", "EDITDATE": "2024-03-29", "EDITTENANT": null, "EDITUSER": null, "X": -35066.75, "Y": 65934.75 }, "geometry": { "type": "Point", "coordinates": [ 136.774747269427536, 36.593611748450122 ] } },
{ "type": "Feature", "properties": { "JYUSYU": "スギ", "JYUKO": 25.4, "CHOKKEI": 47.0, "TANBOKUZAISEKI": 1.803, "JUKANCHORITSU": 61, "KEIJOHI": 54, "SHURYOHISU": 0, "DATANENDO": 2023, "UNIQUENO": 61305337, "ADDDATE": "2024-03-29", "ADDTENANT": "17000F", "ADDUSER": "kikaku", "EDITDATE": "2024-03-29", "EDITTENANT": null, "EDITUSER": null, "X": -35060.749999999098, "Y": 65934.75 }, "geometry": { "type": "Point", "coordinates": [ 136.77481432630006, 36.593611968929217 ] } },
{ "type": "Feature", "properties": { "JYUSYU": "スギ", "JYUKO": 23.0, "CHOKKEI": 38.3, "TANBOKUZAISEKI": 1.124, "JUKANCHORITSU": 32, "KEIJOHI": 60, "SHURYOHISU": 0, "DATANENDO": 2023, "UNIQUENO": 61305338, "ADDDATE": "2024-03-29", "ADDTENANT": "17000F", "ADDUSER": "kikaku", "EDITDATE": "2024-03-29", "EDITTENANT": null, "EDITUSER": null, "X": -35053.249999999098, "Y": 65934.75 }, "geometry": { "type": "Point", "coordinates": [ 136.774898147391752, 36.59361224447504 ] } },
{ "type": "Feature", "properties": { "JYUSYU": "スギ", "JYUKO": 30.9, "CHOKKEI": 57.2, "TANBOKUZAISEKI": 3.134, "JUKANCHORITSU": 80, "KEIJOHI": 54, "SHURYOHISU": 0, "DATANENDO": 2023, "UNIQUENO": 61305340, "ADDDATE": "2024-03-29", "ADDTENANT": "17000F", "ADDUSER": "kikaku", "EDITDATE": "2024-03-29", "EDITTENANT": null, "EDITUSER": null, "X": -35012.75, "Y": 65934.250000001906 }, "geometry": { "type": "Point", "coordinates": [ 136.775350804058434, 36.593609225338135 ] } },
{ "type": "Feature", "properties": { "JYUSYU": "スギ", "JYUKO": 24.7, "CHOKKEI": 44.4, "TANBOKUZAISEKI": 1.581, "JUKANCHORITSU": 33, "KEIJOHI": 56, "SHURYOHISU": 0, "DATANENDO": 2023, "UNIQUENO": 61305341, "ADDDATE": "2024-03-29", "ADDTENANT": "17000F", "ADDUSER": "kikaku", "EDITDATE": "2024-03-29", "EDITTENANT": null, "EDITUSER": null, "X": -35127.249999999098, "Y": 65933.750000003696 }, "geometry": { "type": "Point", "coordinates": [ 136.774071158323068, 36.593600511047647 ] } },
{ "type": "Feature", "properties": { "JYUSYU": "スギ", "JYUKO": 28.8, "CHOKKEI": 59.0, "TANBOKUZAISEKI": 3.106, "JUKANCHORITSU": 48, "KEIJOHI": 49, "SHURYOHISU": 0, "DATANENDO": 2023, "UNIQUENO": 61305342, "ADDDATE": "2024-03-29", "ADDTENANT": "17000F", "ADDUSER": "kikaku", "EDITDATE": "2024-03-29", "EDITTENANT": null, "EDITUSER": null, "X": -35114.249999998101, "Y": 65933.750000003696 }, "geometry": { "type": "Point", "coordinates": [ 136.774216448181647, 36.593600989528717 ] } },
{ "type": "Feature", "properties": { "JYUSYU": "スギ", "JYUKO": 28.6, "CHOKKEI": 46.9, "TANBOKUZAISEKI": 2.027, "JUKANCHORITSU": 23, "KEIJOHI": 61, "SHURYOHISU": 0, "DATANENDO": 2023, "UNIQUENO": 61305343, "ADDDATE": "2024-03-29", "ADDTENANT": "17000F", "ADDUSER": "kikaku", "EDITDATE": "2024-03-29", "EDITTENANT": null, "EDITUSER": null, "X": -35080.749999999098, "Y": 65933.750000003696 }, "geometry": { "type": "Point", "coordinates": [ 136.774590848986747, 36.59360222172144 ] } },
{ "type": "Feature", "properties": { "JYUSYU": "スギ", "JYUKO": 32.1, "CHOKKEI": 67.0, "TANBOKUZAISEKI": 4.36, "JUKANCHORITSU": 91, "KEIJOHI": 48, "SHURYOHISU": 0, "DATANENDO": 2023, "UNIQUENO": 61305344, "ADDDATE": "2024-03-29", "ADDTENANT": "17000F", "ADDUSER": "kikaku", "EDITDATE": "2024-03-29", "EDITTENANT": null, "EDITUSER": null, "X": -35031.749999998101, "Y": 65933.750000003696 }, "geometry": { "type": "Point", "coordinates": [ 136.775138480056142, 36.593604021915056 ] } },
{ "type": "Feature", "properties": { "JYUSYU": "スギ", "JYUKO": 22.2, "CHOKKEI": 25.6, "TANBOKUZAISEKI": 0.52, "JUKANCHORITSU": 15, "KEIJOHI": 87, "SHURYOHISU": 0, "DATANENDO": 2023, "UNIQUENO": 61305345, "ADDDATE": "2024-03-29", "ADDTENANT": "17000F", "ADDUSER": "kikaku", "EDITDATE": "2024-03-29", "EDITTENANT": null, "EDITUSER": null, "X": -35020.25, "Y": 65933.750000003696 }, "geometry": { "type": "Point", "coordinates": [ 136.77526700572227, 36.593604444044942 ] } },
{ "type": "Feature", "properties": { "JYUSYU": "スギ", "JYUKO": 27.8, "CHOKKEI": 43.1, "TANBOKUZAISEKI": 1.69, "JUKANCHORITSU": 26, "KEIJOHI": 65, "SHURYOHISU": 0, "DATANENDO": 2023, "UNIQUENO": 61305346, "ADDDATE": "2024-03-29", "ADDTENANT": "17000F", "ADDUSER": "kikaku", "EDITDATE": "2024-03-29", "EDITTENANT": null, "EDITUSER": null, "X": -35101.25, "Y": 65933.25 }, "geometry": { "type": "Point", "coordinates": [ 136.774361760853026, 36.593596961767389 ] } },
{ "type": "Feature", "properties": { "JYUSYU": "スギ", "JYUKO": 27.2, "CHOKKEI": 50.1, "TANBOKUZAISEKI": 2.177, "JUKANCHORITSU": 47, "KEIJOHI": 54, "SHURYOHISU": 0, "DATANENDO": 2023, "UNIQUENO": 61305347, "ADDDATE": "2024-03-29", "ADDTENANT": "17000F", "ADDUSER": "kikaku", "EDITDATE": "2024-03-29", "EDITTENANT": null, "EDITUSER": null, "X": -35086.75, "Y": 65933.25 }, "geometry": { "type": "Point", "coordinates": [ 136.774523814924493, 36.593597495051263 ] } },
{ "type": "Feature", "properties": { "JYUSYU": "スギ", "JYUKO": 23.7, "CHOKKEI": 31.6, "TANBOKUZAISEKI": 0.815, "JUKANCHORITSU": 13, "KEIJOHI": 75, "SHURYOHISU": 0, "DATANENDO": 2023, "UNIQUENO": 61305348, "ADDDATE": "2024-03-29", "ADDTENANT": "17000F", "ADDUSER": "kikaku", "EDITDATE": "2024-03-29", "EDITTENANT": null, "EDITUSER": null, "X": -35076.249999999098, "Y": 65933.25 }, "geometry": { "type": "Point", "coordinates": [ 136.774641164427152, 36.593597881084811 ] } },
{ "type": "Feature", "properties": { "JYUSYU": "スギ", "JYUKO": 26.4, "CHOKKEI": 44.5, "TANBOKUZAISEKI": 1.701, "JUKANCHORITSU": 43, "KEIJOHI": 59, "SHURYOHISU": 0, "DATANENDO": 2023, "UNIQUENO": 61305349, "ADDDATE": "2024-03-29", "ADDTENANT": "17000F", "ADDUSER": "kikaku", "EDITDATE": "2024-03-29", "EDITTENANT": null, "EDITUSER": null, "X": -35107.749999999098, "Y": 65932.750000001906 }, "geometry": { "type": "Point", "coordinates": [ 136.774289138739505, 36.593592216572368 ] } },
{ "type": "Feature", "properties": { "JYUSYU": "スギ", "JYUKO": 20.4, "CHOKKEI": 26.9, "TANBOKUZAISEKI": 0.523, "JUKANCHORITSU": 25, "KEIJOHI": 76, "SHURYOHISU": 0, "DATANENDO": 2023, "UNIQUENO": 61305350, "ADDDATE": "2024-03-29", "ADDTENANT": "17000F", "ADDUSER": "kikaku", "EDITDATE": "2024-03-29", "EDITTENANT": null, "EDITUSER": null, "X": -35056.249999999098, "Y": 65932.750000001906 }, "geometry": { "type": "Point", "coordinates": [ 136.774864710075775, 36.593594110001661 ] } },
{ "type": "Feature", "properties": { "JYUSYU": "スギ", "JYUKO": 23.8, "CHOKKEI": 30.4, "TANBOKUZAISEKI": 0.763, "JUKANCHORITSU": 41, "KEIJOHI": 78, "SHURYOHISU": 0, "DATANENDO": 2023, "UNIQUENO": 61305351, "ADDDATE": "2024-03-29", "ADDTENANT": "17000F", "ADDUSER": "kikaku", "EDITDATE": "2024-03-29", "EDITTENANT": null, "EDITUSER": null, "X": -35022.249999999098, "Y": 65932.750000001906 }, "geometry": { "type": "Point", "coordinates": [ 136.775244698948569, 36.593595358509511 ] } },
{ "type": "Feature", "properties": { "JYUSYU": "スギ", "JYUKO": 22.5, "CHOKKEI": 21.4, "TANBOKUZAISEKI": 0.38, "JUKANCHORITSU": 12, "KEIJOHI": 1, "SHURYOHISU": 0, "DATANENDO": 2023, "UNIQUENO": 61305352, "ADDDATE": "2024-03-29", "ADDTENANT": "17000F", "ADDUSER": "kikaku", "EDITDATE": "2024-03-29", "EDITTENANT": null, "EDITUSER": null, "X": -35067.749999999098, "Y": 65932.250000003696 }, "geometry": { "type": "Point", "coordinates": [ 136.77473620722057, 36.593589181372629 ] } },
{ "type": "Feature", "properties": { "JYUSYU": "スギ", "JYUKO": 21.0, "CHOKKEI": 40.1, "TANBOKUZAISEKI": 1.117, "JUKANCHORITSU": 24, "KEIJOHI": 52, "SHURYOHISU": 0, "DATANENDO": 2023, "UNIQUENO": 61305353, "ADDDATE": "2024-03-29", "ADDTENANT": "17000F", "ADDUSER": "kikaku", "EDITDATE": "2024-03-29", "EDITTENANT": null, "EDITUSER": null, "X": -35048.25, "Y": 65932.250000003696 }, "geometry": { "type": "Point", "coordinates": [ 136.774954141995181, 36.593589897811626 ] } },
{ "type": "Feature", "properties": { "JYUSYU": "スギ", "JYUKO": 20.4, "CHOKKEI": 28.0, "TANBOKUZAISEKI": 0.566, "JUKANCHORITSU": 75, "KEIJOHI": 73, "SHURYOHISU": 0, "DATANENDO": 2023, "UNIQUENO": 61305354, "ADDDATE": "2024-03-29", "ADDTENANT": "17000F", "ADDUSER": "kikaku", "EDITDATE": "2024-03-29", "EDITTENANT": null, "EDITUSER": null, "X": -35016.749999999098, "Y": 65932.250000003696 }, "geometry": { "type": "Point", "coordinates": [ 136.775306190493524, 36.593591054294414 ] } },
{ "type": "Feature", "properties": { "JYUSYU": "スギ", "JYUKO": 25.0, "CHOKKEI": 40.2, "TANBOKUZAISEKI": 1.331, "JUKANCHORITSU": 36, "KEIJOHI": 62, "SHURYOHISU": 0, "DATANENDO": 2023, "UNIQUENO": 61305355, "ADDDATE": "2024-03-29", "ADDTENANT": "17000F", "ADDUSER": "kikaku", "EDITDATE": "2024-03-29", "EDITTENANT": null, "EDITUSER": null, "X": -35122.25, "Y": 65931.75 }, "geometry": { "type": "Point", "coordinates": [ 136.774127130329816, 36.593582670839169 ] } },
{ "type": "Feature", "properties": { "JYUSYU": "スギ", "JYUKO": 23.0, "CHOKKEI": 31.3, "TANBOKUZAISEKI": 0.78, "JUKANCHORITSU": 43, "KEIJOHI": 74, "SHURYOHISU": 0, "DATANENDO": 2023, "UNIQUENO": 61305356, "ADDDATE": "2024-03-29", "ADDTENANT": "17000F", "ADDUSER": "kikaku", "EDITDATE": "2024-03-29", "EDITTENANT": null, "EDITUSER": null, "X": -35066.249999999098, "Y": 65931.75 }, "geometry": { "type": "Point", "coordinates": [ 136.774752994220421, 36.593584730431942 ] } },
{ "type": "Feature", "properties": { "JYUSYU": "スギ", "JYUKO": 26.0, "CHOKKEI": 49.4, "TANBOKUZAISEKI": 2.02, "JUKANCHORITSU": 58, "KEIJOHI": 53, "SHURYOHISU": 0, "DATANENDO": 2023, "UNIQUENO": 61305358, "ADDDATE": "2024-03-29", "ADDTENANT": "17000F", "ADDUSER": "kikaku", "EDITDATE": "2024-03-29", "EDITTENANT": null, "EDITUSER": null, "X": -35119.25, "Y": 65931.250000001906 }, "geometry": { "type": "Point", "coordinates": [ 136.774160681572027, 36.593578275192655 ] } },
{ "type": "Feature", "properties": { "JYUSYU": "スギ", "JYUKO": 27.9, "CHOKKEI": 52.6, "TANBOKUZAISEKI": 2.433, "JUKANCHORITSU": 30, "KEIJOHI": 53, "SHURYOHISU": 0, "DATANENDO": 2023, "UNIQUENO": 61305359, "ADDDATE": "2024-03-29", "ADDTENANT": "17000F", "ADDUSER": "kikaku", "EDITDATE": "2024-03-29", "EDITTENANT": null, "EDITUSER": null, "X": -35095.25, "Y": 65931.250000001906 }, "geometry": { "type": "Point", "coordinates": [ 136.774428908931782, 36.593579158202083 ] } },
{ "type": "Feature", "properties": { "JYUSYU": "スギ", "JYUKO": 23.3, "CHOKKEI": 36.4, "TANBOKUZAISEKI": 1.039, "JUKANCHORITSU": 36, "KEIJOHI": 64, "SHURYOHISU": 0, "DATANENDO": 2023, "UNIQUENO": 61305360, "ADDDATE": "2024-03-29", "ADDTENANT": "17000F", "ADDUSER": "kikaku", "EDITDATE": "2024-03-29", "EDITTENANT": null, "EDITUSER": null, "X": -35021.750000000902, "Y": 65931.250000001906 }, "geometry": { "type": "Point", "coordinates": [ 136.775250355293679, 36.593581858663619 ] } },
{ "type": "Feature", "properties": { "JYUSYU": "スギ", "JYUKO": 27.7, "CHOKKEI": 41.4, "TANBOKUZAISEKI": 1.559, "JUKANCHORITSU": 29, "KEIJOHI": 67, "SHURYOHISU": 0, "DATANENDO": 2023, "UNIQUENO": 61305361, "ADDDATE": "2024-03-29", "ADDTENANT": "17000F", "ADDUSER": "kikaku", "EDITDATE": "2024-03-29", "EDITTENANT": null, "EDITUSER": null, "X": -35081.749999999098, "Y": 65930.750000003696 }, "geometry": { "type": "Point", "coordinates": [ 136.77457980962356, 36.593575148564248 ] } },
{ "type": "Feature", "properties": { "JYUSYU": "スギ", "JYUKO": 20.4, "CHOKKEI": 31.3, "TANBOKUZAISEKI": 0.69, "JUKANCHORITSU": 55, "KEIJOHI": 65, "SHURYOHISU": 0, "DATANENDO": 2023, "UNIQUENO": 61305362, "ADDDATE": "2024-03-29", "ADDTENANT": "17000F", "ADDUSER": "kikaku", "EDITDATE": "2024-03-29", "EDITTENANT": null, "EDITUSER": null, "X": -35068.749999998101, "Y": 65930.750000003696 }, "geometry": { "type": "Point", "coordinates": [ 136.77472509944343, 36.593575626425 ] } },
{ "type": "Feature", "properties": { "JYUSYU": "スギ", "JYUKO": 21.0, "CHOKKEI": 30.2, "TANBOKUZAISEKI": 0.668, "JUKANCHORITSU": 79, "KEIJOHI": 70, "SHURYOHISU": 0, "DATANENDO": 2023, "UNIQUENO": 61305363, "ADDDATE": "2024-03-29", "ADDTENANT": "17000F", "ADDUSER": "kikaku", "EDITDATE": "2024-03-29", "EDITTENANT": null, "EDITUSER": null, "X": -35067.250000000902, "Y": 65930.25 }, "geometry": { "type": "Point", "coordinates": [ 136.774741886440921, 36.593571175485856 ] } },
{ "type": "Feature", "properties": { "JYUSYU": "スギ", "JYUKO": 19.1, "CHOKKEI": 24.5, "TANBOKUZAISEKI": 0.412, "JUKANCHORITSU": 60, "KEIJOHI": 78, "SHURYOHISU": 0, "DATANENDO": 2023, "UNIQUENO": 61305364, "ADDDATE": "2024-03-29", "ADDTENANT": "17000F", "ADDUSER": "kikaku", "EDITDATE": "2024-03-29", "EDITTENANT": null, "EDITUSER": null, "X": -34985.75, "Y": 65930.25 }, "geometry": { "type": "Point", "coordinates": [ 136.775652741877508, 36.59357416714122 ] } },
{ "type": "Feature", "properties": { "JYUSYU": "スギ", "JYUKO": 31.7, "CHOKKEI": 60.3, "TANBOKUZAISEKI": 3.552, "JUKANCHORITSU": 82, "KEIJOHI": 53, "SHURYOHISU": 0, "DATANENDO": 2023, "UNIQUENO": 61305365, "ADDDATE": "2024-03-29", "ADDTENANT": "17000F", "ADDUSER": "kikaku", "EDITDATE": "2024-03-29", "EDITTENANT": null, "EDITUSER": null, "X": -35039.249999999098, "Y": 65929.750000001906 }, "geometry": { "type": "Point", "coordinates": [ 136.775054841124046, 36.593567698013075 ] } },
{ "type": "Feature", "properties": { "JYUSYU": "スギ", "JYUKO": 25.6, "CHOKKEI": 49.1, "TANBOKUZAISEKI": 1.972, "JUKANCHORITSU": 30, "KEIJOHI": 52, "SHURYOHISU": 0, "DATANENDO": 2023, "UNIQUENO": 61305366, "ADDDATE": "2024-03-29", "ADDTENANT": "17000F", "ADDUSER": "kikaku", "EDITDATE": "2024-03-29", "EDITTENANT": null, "EDITUSER": null, "X": -35104.749999999098, "Y": 65929.250000003696 }, "geometry": { "type": "Point", "coordinates": [ 136.774322826847225, 36.593560784488645 ] } },
{ "type": "Feature", "properties": { "JYUSYU": "スギ", "JYUKO": 29.4, "CHOKKEI": 46.4, "TANBOKUZAISEKI": 2.036, "JUKANCHORITSU": 28, "KEIJOHI": 63, "SHURYOHISU": 0, "DATANENDO": 2023, "UNIQUENO": 61305367, "ADDDATE": "2024-03-29", "ADDTENANT": "17000F", "ADDUSER": "kikaku", "EDITDATE": "2024-03-29", "EDITTENANT": null, "EDITUSER": null, "X": -35089.75, "Y": 65929.250000003696 }, "geometry": { "type": "Point", "coordinates": [ 136.774490468911154, 36.593561336211984 ] } },
{ "type": "Feature", "properties": { "JYUSYU": "スギ", "JYUKO": 28.8, "CHOKKEI": 50.0, "TANBOKUZAISEKI": 2.291, "JUKANCHORITSU": 46, "KEIJOHI": 58, "SHURYOHISU": 0, "DATANENDO": 2023, "UNIQUENO": 61305368, "ADDDATE": "2024-03-29", "ADDTENANT": "17000F", "ADDUSER": "kikaku", "EDITDATE": "2024-03-29", "EDITTENANT": null, "EDITUSER": null, "X": -35076.75, "Y": 65929.250000003696 }, "geometry": { "type": "Point", "coordinates": [ 136.774635758703567, 36.593561814181491 ] } },
{ "type": "Feature", "properties": { "JYUSYU": "スギ", "JYUKO": 23.5, "CHOKKEI": 39.9, "TANBOKUZAISEKI": 1.237, "JUKANCHORITSU": 41, "KEIJOHI": 59, "SHURYOHISU": 0, "DATANENDO": 2023, "UNIQUENO": 61305369, "ADDDATE": "2024-03-29", "ADDTENANT": "17000F", "ADDUSER": "kikaku", "EDITDATE": "2024-03-29", "EDITTENANT": null, "EDITUSER": null, "X": -35123.249999999098, "Y": 65928.75 }, "geometry": { "type": "Point", "coordinates": [ 136.774116091131731, 36.59355559763992 ] } },
{ "type": "Feature", "properties": { "JYUSYU": "スギ", "JYUKO": 26.6, "CHOKKEI": 45.9, "TANBOKUZAISEKI": 1.816, "JUKANCHORITSU": 34, "KEIJOHI": 58, "SHURYOHISU": 0, "DATANENDO": 2023, "UNIQUENO": 61305370, "ADDDATE": "2024-03-29", "ADDTENANT": "17000F", "ADDUSER": "kikaku", "EDITDATE": "2024-03-29", "EDITTENANT": null, "EDITUSER": null, "X": -35111.749999999098, "Y": 65928.75 }, "geometry": { "type": "Point", "coordinates": [ 136.77424461670185, 36.59355602087178 ] } },
{ "type": "Feature", "properties": { "JYUSYU": "スギ", "JYUKO": 27.6, "CHOKKEI": 40.9, "TANBOKUZAISEKI": 1.523, "JUKANCHORITSU": 24, "KEIJOHI": 68, "SHURYOHISU": 0, "DATANENDO": 2023, "UNIQUENO": 61305373, "ADDDATE": "2024-03-29", "ADDTENANT": "17000F", "ADDUSER": "kikaku", "EDITDATE": "2024-03-29", "EDITTENANT": null, "EDITUSER": null, "X": -35091.749999999098, "Y": 65927.750000001906 }, "geometry": { "type": "Point", "coordinates": [ 136.77446818504535, 36.593547744466406 ] } },
{ "type": "Feature", "properties": { "JYUSYU": "スギ", "JYUKO": 7.6, "CHOKKEI": 14.1, "TANBOKUZAISEKI": 0.061, "JUKANCHORITSU": 75, "KEIJOHI": 54, "SHURYOHISU": 0, "DATANENDO": 2023, "UNIQUENO": 61305374, "ADDDATE": "2024-03-29", "ADDTENANT": "17000F", "ADDUSER": "kikaku", "EDITDATE": "2024-03-29", "EDITTENANT": null, "EDITUSER": null, "X": -35063.249999999098, "Y": 65927.750000001906 }, "geometry": { "type": "Point", "coordinates": [ 136.774786704922633, 36.593548792150393 ] } },
{ "type": "Feature", "properties": { "JYUSYU": "スギ", "JYUKO": 24.4, "CHOKKEI": 49.8, "TANBOKUZAISEKI": 1.927, "JUKANCHORITSU": 82, "KEIJOHI": 49, "SHURYOHISU": 0, "DATANENDO": 2023, "UNIQUENO": 61305375, "ADDDATE": "2024-03-29", "ADDTENANT": "17000F", "ADDUSER": "kikaku", "EDITDATE": "2024-03-29", "EDITTENANT": null, "EDITUSER": null, "X": -35024.749999998101, "Y": 65927.750000001906 }, "geometry": { "type": "Point", "coordinates": [ 136.775216986186507, 36.593550206091244 ] } },
{ "type": "Feature", "properties": { "JYUSYU": "スギ", "JYUKO": 27.6, "CHOKKEI": 55.3, "TANBOKUZAISEKI": 2.638, "JUKANCHORITSU": 74, "KEIJOHI": 50, "SHURYOHISU": 0, "DATANENDO": 2023, "UNIQUENO": 61305376, "ADDDATE": "2024-03-29", "ADDTENANT": "17000F", "ADDUSER": "kikaku", "EDITDATE": "2024-03-29", "EDITTENANT": null, "EDITUSER": null, "X": -35054.749999999098, "Y": 65927.25 }, "geometry": { "type": "Point", "coordinates": [ 136.774881724861359, 36.593544598387155 ] } },
{ "type": "Feature", "properties": { "JYUSYU": "スギ", "JYUKO": 30.0, "CHOKKEI": 57.2, "TANBOKUZAISEKI": 3.056, "JUKANCHORITSU": 46, "KEIJOHI": 52, "SHURYOHISU": 0, "DATANENDO": 2023, "UNIQUENO": 61305377, "ADDDATE": "2024-03-29", "ADDTENANT": "17000F", "ADDUSER": "kikaku", "EDITDATE": "2024-03-29", "EDITTENANT": null, "EDITUSER": null, "X": -35045.249999999098, "Y": 65927.25 }, "geometry": { "type": "Point", "coordinates": [ 136.774987898152915, 36.593544947341329 ] } },
{ "type": "Feature", "properties": { "JYUSYU": "スギ", "JYUKO": 9.3, "CHOKKEI": 15.9, "TANBOKUZAISEKI": 0.092, "JUKANCHORITSU": 71, "KEIJOHI": 59, "SHURYOHISU": 0, "DATANENDO": 2023, "UNIQUENO": 61305379, "ADDDATE": "2024-03-29", "ADDTENANT": "17000F", "ADDUSER": "kikaku", "EDITDATE": "2024-03-29", "EDITTENANT": null, "EDITUSER": null, "X": -35067.749999999098, "Y": 65926.750000001906 }, "geometry": { "type": "Point", "coordinates": [ 136.774736457884586, 36.593539614652173 ] } },
{ "type": "Feature", "properties": { "JYUSYU": "スギ", "JYUKO": 16.6, "CHOKKEI": 32.7, "TANBOKUZAISEKI": 0.611, "JUKANCHORITSU": 53, "KEIJOHI": 51, "SHURYOHISU": 0, "DATANENDO": 2023, "UNIQUENO": 61305380, "ADDDATE": "2024-03-29", "ADDTENANT": "17000F", "ADDUSER": "kikaku", "EDITDATE": "2024-03-29", "EDITTENANT": null, "EDITUSER": null, "X": -35119.75, "Y": 65926.250000001906 }, "geometry": { "type": "Point", "coordinates": [ 136.774155321716279, 36.593533196138345 ] } },
{ "type": "Feature", "properties": { "JYUSYU": "スギ", "JYUKO": 11.2, "CHOKKEI": 23.1, "TANBOKUZAISEKI": 0.219, "JUKANCHORITSU": 86, "KEIJOHI": 49, "SHURYOHISU": 0, "DATANENDO": 2023, "UNIQUENO": 61305381, "ADDDATE": "2024-03-29", "ADDTENANT": "17000F", "ADDUSER": "kikaku", "EDITDATE": "2024-03-29", "EDITTENANT": null, "EDITUSER": null, "X": -35061.25, "Y": 65926.250000001906 }, "geometry": { "type": "Point", "coordinates": [ 136.774809125545488, 36.593535347443463 ] } },
{ "type": "Feature", "properties": { "JYUSYU": "スギ", "JYUKO": 25.3, "CHOKKEI": 47.2, "TANBOKUZAISEKI": 1.814, "JUKANCHORITSU": 93, "KEIJOHI": 54, "SHURYOHISU": 0, "DATANENDO": 2023, "UNIQUENO": 61305382, "ADDDATE": "2024-03-29", "ADDTENANT": "17000F", "ADDUSER": "kikaku", "EDITDATE": "2024-03-29", "EDITTENANT": null, "EDITUSER": null, "X": -35039.75, "Y": 65926.250000001906 }, "geometry": { "type": "Point", "coordinates": [ 136.775049412440325, 36.593536137192856 ] } },
{ "type": "Feature", "properties": { "JYUSYU": "スギ", "JYUKO": 29.1, "CHOKKEI": 50.2, "TANBOKUZAISEKI": 2.332, "JUKANCHORITSU": 34, "KEIJOHI": 58, "SHURYOHISU": 0, "DATANENDO": 2023, "UNIQUENO": 61305384, "ADDDATE": "2024-03-29", "ADDTENANT": "17000F", "ADDUSER": "kikaku", "EDITDATE": "2024-03-29", "EDITTENANT": null, "EDITUSER": null, "X": -35085.749999998101, "Y": 65925.75 }, "geometry": { "type": "Point", "coordinates": [ 136.774535333057457, 36.593529940840547 ] } },
{ "type": "Feature", "properties": { "JYUSYU": "スギ", "JYUKO": 24.7, "CHOKKEI": 49.9, "TANBOKUZAISEKI": 1.964, "JUKANCHORITSU": 88, "KEIJOHI": 50, "SHURYOHISU": 0, "DATANENDO": 2023, "UNIQUENO": 61305385, "ADDDATE": "2024-03-29", "ADDTENANT": "17000F", "ADDUSER": "kikaku", "EDITDATE": "2024-03-29", "EDITTENANT": null, "EDITUSER": null, "X": -35073.75, "Y": 65925.75 }, "geometry": { "type": "Point", "coordinates": [ 136.774669446658265, 36.593530381998661 ] } },
{ "type": "Feature", "properties": { "JYUSYU": "スギ", "JYUKO": 16.9, "CHOKKEI": 25.0, "TANBOKUZAISEKI": 0.378, "JUKANCHORITSU": 92, "KEIJOHI": 68, "SHURYOHISU": 0, "DATANENDO": 2023, "UNIQUENO": 61305386, "ADDDATE": "2024-03-29", "ADDTENANT": "17000F", "ADDUSER": "kikaku", "EDITDATE": "2024-03-29", "EDITTENANT": null, "EDITUSER": null, "X": -34996.249999998101, "Y": 65925.75 }, "geometry": { "type": "Point", "coordinates": [ 136.775535597067034, 36.593533227510441 ] } },
{ "type": "Feature", "properties": { "JYUSYU": "スギ", "JYUKO": 24.4, "CHOKKEI": 40.2, "TANBOKUZAISEKI": 1.308, "JUKANCHORITSU": 95, "KEIJOHI": 61, "SHURYOHISU": 0, "DATANENDO": 2023, "UNIQUENO": 61305387, "ADDDATE": "2024-03-29", "ADDTENANT": "17000F", "ADDUSER": "kikaku", "EDITDATE": "2024-03-29", "EDITTENANT": null, "EDITUSER": null, "X": -34988.75, "Y": 65925.75 }, "geometry": { "type": "Point", "coordinates": [ 136.775619418080737, 36.593533502548532 ] } },
{ "type": "Feature", "properties": { "JYUSYU": "スギ", "JYUKO": 5.3, "CHOKKEI": 10.5, "TANBOKUZAISEKI": 0.025, "JUKANCHORITSU": 80, "KEIJOHI": 51, "SHURYOHISU": 0, "DATANENDO": 2023, "UNIQUENO": 61305388, "ADDDATE": "2024-03-29", "ADDTENANT": "17000F", "ADDUSER": "kikaku", "EDITDATE": "2024-03-29", "EDITTENANT": null, "EDITUSER": null, "X": -35066.75, "Y": 65925.250000001906 }, "geometry": { "type": "Point", "coordinates": [ 136.774747702380353, 36.593526133205685 ] } },
{ "type": "Feature", "properties": { "JYUSYU": "スギ", "JYUKO": 27.8, "CHOKKEI": 52.7, "TANBOKUZAISEKI": 2.433, "JUKANCHORITSU": 61, "KEIJOHI": 53, "SHURYOHISU": 0, "DATANENDO": 2023, "UNIQUENO": 61305389, "ADDDATE": "2024-03-29", "ADDTENANT": "17000F", "ADDUSER": "kikaku", "EDITDATE": "2024-03-29", "EDITTENANT": null, "EDITUSER": null, "X": -35081.25, "Y": 65924.750000001906 }, "geometry": { "type": "Point", "coordinates": [ 136.774585671250151, 36.593521094161652 ] } },
{ "type": "Feature", "properties": { "JYUSYU": "スギ", "JYUKO": 30.8, "CHOKKEI": 55.1, "TANBOKUZAISEKI": 2.922, "JUKANCHORITSU": 45, "KEIJOHI": 56, "SHURYOHISU": 0, "DATANENDO": 2023, "UNIQUENO": 61305390, "ADDDATE": "2024-03-29", "ADDTENANT": "17000F", "ADDUSER": "kikaku", "EDITDATE": "2024-03-29", "EDITTENANT": null, "EDITUSER": null, "X": -35110.249999999098, "Y": 65924.25 }, "geometry": { "type": "Point", "coordinates": [ 136.774261586243824, 36.59351552147838 ] } },
{ "type": "Feature", "properties": { "JYUSYU": "スギ", "JYUKO": 16.9, "CHOKKEI": 25.5, "TANBOKUZAISEKI": 0.396, "JUKANCHORITSU": 45, "KEIJOHI": 66, "SHURYOHISU": 0, "DATANENDO": 2023, "UNIQUENO": 61305392, "ADDDATE": "2024-03-29", "ADDTENANT": "17000F", "ADDUSER": "kikaku", "EDITDATE": "2024-03-29", "EDITTENANT": null, "EDITUSER": null, "X": -34997.25, "Y": 65924.25 }, "geometry": { "type": "Point", "coordinates": [ 136.775524489157277, 36.593519672636404 ] } },
{ "type": "Feature", "properties": { "JYUSYU": "スギ", "JYUKO": 31.3, "CHOKKEI": 63.4, "TANBOKUZAISEKI": 3.84, "JUKANCHORITSU": 76, "KEIJOHI": 49, "SHURYOHISU": 0, "DATANENDO": 2023, "UNIQUENO": 61305393, "ADDDATE": "2024-03-29", "ADDTENANT": "17000F", "ADDUSER": "kikaku", "EDITDATE": "2024-03-29", "EDITTENANT": null, "EDITUSER": null, "X": -35051.749999998101, "Y": 65923.750000001906 }, "geometry": { "type": "Point", "coordinates": [ 136.774915412709419, 36.59351316613413 ] } },
{ "type": "Feature", "properties": { "JYUSYU": "スギ", "JYUKO": 29.6, "CHOKKEI": 56.5, "TANBOKUZAISEKI": 2.937, "JUKANCHORITSU": 90, "KEIJOHI": 52, "SHURYOHISU": 0, "DATANENDO": 2023, "UNIQUENO": 61305394, "ADDDATE": "2024-03-29", "ADDTENANT": "17000F", "ADDUSER": "kikaku", "EDITDATE": "2024-03-29", "EDITTENANT": null, "EDITUSER": null, "X": -34979.249999998101, "Y": 65923.750000001906 }, "geometry": { "type": "Point", "coordinates": [ 136.775725682286833, 36.593515826581275 ] } },
{ "type": "Feature", "properties": { "JYUSYU": "スギ", "JYUKO": 29.0, "CHOKKEI": 49.8, "TANBOKUZAISEKI": 2.288, "JUKANCHORITSU": 30, "KEIJOHI": 58, "SHURYOHISU": 0, "DATANENDO": 2023, "UNIQUENO": 61305395, "ADDDATE": "2024-03-29", "ADDTENANT": "17000F", "ADDUSER": "kikaku", "EDITDATE": "2024-03-29", "EDITTENANT": null, "EDITUSER": null, "X": -35091.749999999098, "Y": 65923.250000001906 }, "geometry": { "type": "Point", "coordinates": [ 136.774468390274052, 36.593507189878004 ] } },
{ "type": "Feature", "properties": { "JYUSYU": "スギ", "JYUKO": 15.4, "CHOKKEI": 29.5, "TANBOKUZAISEKI": 0.468, "JUKANCHORITSU": 37, "KEIJOHI": 52, "SHURYOHISU": 0, "DATANENDO": 2023, "UNIQUENO": 61305396, "ADDDATE": "2024-03-29", "ADDTENANT": "17000F", "ADDUSER": "kikaku", "EDITDATE": "2024-03-29", "EDITTENANT": null, "EDITUSER": null, "X": -35000.749999999098, "Y": 65923.250000001906 }, "geometry": { "type": "Point", "coordinates": [ 136.775485418179557, 36.593510532129663 ] } },
{ "type": "Feature", "properties": { "JYUSYU": "スギ", "JYUKO": 27.0, "CHOKKEI": 55.3, "TANBOKUZAISEKI": 2.589, "JUKANCHORITSU": 86, "KEIJOHI": 49, "SHURYOHISU": 0, "DATANENDO": 2023, "UNIQUENO": 61305397, "ADDDATE": "2024-03-29", "ADDTENANT": "17000F", "ADDUSER": "kikaku", "EDITDATE": "2024-03-29", "EDITTENANT": null, "EDITUSER": null, "X": -34987.749999998101, "Y": 65923.250000001906 }, "geometry": { "type": "Point", "coordinates": [ 136.775630707894038, 36.593511008885798 ] } },
{ "type": "Feature", "properties": { "JYUSYU": "スギ", "JYUKO": 32.6, "CHOKKEI": 68.6, "TANBOKUZAISEKI": 4.617, "JUKANCHORITSU": 52, "KEIJOHI": 48, "SHURYOHISU": 0, "DATANENDO": 2023, "UNIQUENO": 61305398, "ADDDATE": "2024-03-29", "ADDTENANT": "17000F", "ADDUSER": "kikaku", "EDITDATE": "2024-03-29", "EDITTENANT": null, "EDITUSER": null, "X": -35099.249999999098, "Y": 65922.75 }, "geometry": { "type": "Point", "coordinates": [ 136.774384592108333, 36.593502407965261 ] } },
{ "type": "Feature", "properties": { "JYUSYU": "スギ", "JYUKO": 26.0, "CHOKKEI": 33.9, "TANBOKUZAISEKI": 1.019, "JUKANCHORITSU": 50, "KEIJOHI": 77, "SHURYOHISU": 0, "DATANENDO": 2023, "UNIQUENO": 61305399, "ADDDATE": "2024-03-29", "ADDTENANT": "17000F", "ADDUSER": "kikaku", "EDITDATE": "2024-03-29", "EDITTENANT": null, "EDITUSER": null, "X": -35085.25, "Y": 65922.75 }, "geometry": { "type": "Point", "coordinates": [ 136.774541057917816, 36.593502922832592 ] } },
{ "type": "Feature", "properties": { "JYUSYU": "スギ", "JYUKO": 6.7, "CHOKKEI": 13.5, "TANBOKUZAISEKI": 0.049, "JUKANCHORITSU": 84, "KEIJOHI": 50, "SHURYOHISU": 0, "DATANENDO": 2023, "UNIQUENO": 61305400, "ADDDATE": "2024-03-29", "ADDTENANT": "17000F", "ADDUSER": "kikaku", "EDITDATE": "2024-03-29", "EDITTENANT": null, "EDITUSER": null, "X": -35023.749999999098, "Y": 65922.75 }, "geometry": { "type": "Point", "coordinates": [ 136.77522838991365, 36.593505182138394 ] } },
{ "type": "Feature", "properties": { "JYUSYU": "スギ", "JYUKO": 26.4, "CHOKKEI": 31.0, "TANBOKUZAISEKI": 0.878, "JUKANCHORITSU": 32, "KEIJOHI": 85, "SHURYOHISU": 0, "DATANENDO": 2023, "UNIQUENO": 61305401, "ADDDATE": "2024-03-29", "ADDTENANT": "17000F", "ADDUSER": "kikaku", "EDITDATE": "2024-03-29", "EDITTENANT": null, "EDITUSER": null, "X": -35089.249999999098, "Y": 65922.25 }, "geometry": { "type": "Point", "coordinates": [ 136.774496376201967, 36.593498269683188 ] } },
{ "type": "Feature", "properties": { "JYUSYU": "スギ", "JYUKO": 23.4, "CHOKKEI": 44.2, "TANBOKUZAISEKI": 1.493, "JUKANCHORITSU": 90, "KEIJOHI": 53, "SHURYOHISU": 0, "DATANENDO": 2023, "UNIQUENO": 61305403, "ADDDATE": "2024-03-29", "ADDTENANT": "17000F", "ADDUSER": "kikaku", "EDITDATE": "2024-03-29", "EDITTENANT": null, "EDITUSER": null, "X": -35044.749999999098, "Y": 65920.75 }, "geometry": { "type": "Point", "coordinates": [ 136.774993782265199, 36.593486386851005 ] } },
{ "type": "Feature", "properties": { "JYUSYU": "スギ", "JYUKO": 29.2, "CHOKKEI": 59.6, "TANBOKUZAISEKI": 3.199, "JUKANCHORITSU": 65, "KEIJOHI": 49, "SHURYOHISU": 0, "DATANENDO": 2023, "UNIQUENO": 61305404, "ADDDATE": "2024-03-29", "ADDTENANT": "17000F", "ADDUSER": "kikaku", "EDITDATE": "2024-03-29", "EDITTENANT": null, "EDITUSER": null, "X": -35114.249999998101, "Y": 65920.250000001906 }, "geometry": { "type": "Point", "coordinates": [ 136.774217064262871, 36.593479325767419 ] } },
{ "type": "Feature", "properties": { "JYUSYU": "スギ", "JYUKO": 28.1, "CHOKKEI": 48.0, "TANBOKUZAISEKI": 2.072, "JUKANCHORITSU": 40, "KEIJOHI": 59, "SHURYOHISU": 0, "DATANENDO": 2023, "UNIQUENO": 61305405, "ADDDATE": "2024-03-29", "ADDTENANT": "17000F", "ADDUSER": "kikaku", "EDITDATE": "2024-03-29", "EDITTENANT": null, "EDITUSER": null, "X": -35107.249999999098, "Y": 65920.250000001906 }, "geometry": { "type": "Point", "coordinates": [ 136.774295297142231, 36.593479583336602 ] } },
{ "type": "Feature", "properties": { "JYUSYU": "スギ", "JYUKO": 31.6, "CHOKKEI": 62.6, "TANBOKUZAISEKI": 3.787, "JUKANCHORITSU": 96, "KEIJOHI": 51, "SHURYOHISU": 0, "DATANENDO": 2023, "UNIQUENO": 61305406, "ADDDATE": "2024-03-29", "ADDTENANT": "17000F", "ADDUSER": "kikaku", "EDITDATE": "2024-03-29", "EDITTENANT": null, "EDITUSER": null, "X": -35037.25, "Y": 65920.250000001906 }, "geometry": { "type": "Point", "coordinates": [ 136.775077625990576, 36.593482156204097 ] } },
{ "type": "Feature", "properties": { "JYUSYU": "スギ", "JYUKO": 21.9, "CHOKKEI": 36.8, "TANBOKUZAISEKI": 0.996, "JUKANCHORITSU": 92, "KEIJOHI": 60, "SHURYOHISU": 0, "DATANENDO": 2023, "UNIQUENO": 61305408, "ADDDATE": "2024-03-29", "ADDTENANT": "17000F", "ADDUSER": "kikaku", "EDITDATE": "2024-03-29", "EDITTENANT": null, "EDITUSER": null, "X": -34975.75, "Y": 65920.250000001906 }, "geometry": { "type": "Point", "coordinates": [ 136.77576495784632, 36.593484412414604 ] } },
{ "type": "Feature", "properties": { "JYUSYU": "スギ", "JYUKO": 25.8, "CHOKKEI": 47.0, "TANBOKUZAISEKI": 1.836, "JUKANCHORITSU": 40, "KEIJOHI": 55, "SHURYOHISU": 0, "DATANENDO": 2023, "UNIQUENO": 61305409, "ADDDATE": "2024-03-29", "ADDTENANT": "17000F", "ADDUSER": "kikaku", "EDITDATE": "2024-03-29", "EDITTENANT": null, "EDITUSER": null, "X": -35131.249999998101, "Y": 65919.75 }, "geometry": { "type": "Point", "coordinates": [ 136.774027092960182, 36.593474193963345 ] } },
{ "type": "Feature", "properties": { "JYUSYU": "スギ", "JYUKO": 23.6, "CHOKKEI": 39.5, "TANBOKUZAISEKI": 1.222, "JUKANCHORITSU": 24, "KEIJOHI": 60, "SHURYOHISU": 0, "DATANENDO": 2023, "UNIQUENO": 61305410, "ADDDATE": "2024-03-29", "ADDTENANT": "17000F", "ADDUSER": "kikaku", "EDITDATE": "2024-03-29", "EDITTENANT": null, "EDITUSER": null, "X": -35127.249999999098, "Y": 65919.75 }, "geometry": { "type": "Point", "coordinates": [ 136.774071797458561, 36.593474341223249 ] } },
{ "type": "Feature", "properties": { "JYUSYU": "スギ", "JYUKO": 31.9, "CHOKKEI": 65.5, "TANBOKUZAISEKI": 4.161, "JUKANCHORITSU": 60, "KEIJOHI": 49, "SHURYOHISU": 0, "DATANENDO": 2023, "UNIQUENO": 61305411, "ADDDATE": "2024-03-29", "ADDTENANT": "17000F", "ADDUSER": "kikaku", "EDITDATE": "2024-03-29", "EDITTENANT": null, "EDITUSER": null, "X": -34995.249999999098, "Y": 65919.75 }, "geometry": { "type": "Point", "coordinates": [ 136.775547046087638, 36.593479191393889 ] } },
{ "type": "Feature", "properties": { "JYUSYU": "スギ", "JYUKO": 20.1, "CHOKKEI": 27.8, "TANBOKUZAISEKI": 0.547, "JUKANCHORITSU": 30, "KEIJOHI": 72, "SHURYOHISU": 0, "DATANENDO": 2023, "UNIQUENO": 61305412, "ADDDATE": "2024-03-29", "ADDTENANT": "17000F", "ADDUSER": "kikaku", "EDITDATE": "2024-03-29", "EDITTENANT": null, "EDITUSER": null, "X": -34981.249999999098, "Y": 65919.75 }, "geometry": { "type": "Point", "coordinates": [ 136.775703511871967, 36.59347970473496 ] } },
{ "type": "Feature", "properties": { "JYUSYU": "スギ", "JYUKO": 28.6, "CHOKKEI": 51.0, "TANBOKUZAISEKI": 2.362, "JUKANCHORITSU": 48, "KEIJOHI": 56, "SHURYOHISU": 0, "DATANENDO": 2023, "UNIQUENO": 61305413, "ADDDATE": "2024-03-29", "ADDTENANT": "17000F", "ADDUSER": "kikaku", "EDITDATE": "2024-03-29", "EDITTENANT": null, "EDITUSER": null, "X": -35120.249999999098, "Y": 65918.750000001906 }, "geometry": { "type": "Point", "coordinates": [ 136.774150075974831, 36.593465586757254 ] } },
{ "type": "Feature", "properties": { "JYUSYU": "スギ", "JYUKO": 29.1, "CHOKKEI": 50.6, "TANBOKUZAISEKI": 2.366, "JUKANCHORITSU": 56, "KEIJOHI": 58, "SHURYOHISU": 0, "DATANENDO": 2023, "UNIQUENO": 61305414, "ADDDATE": "2024-03-29", "ADDTENANT": "17000F", "ADDUSER": "kikaku", "EDITDATE": "2024-03-29", "EDITTENANT": null, "EDITUSER": null, "X": -35089.75, "Y": 65918.750000001906 }, "geometry": { "type": "Point", "coordinates": [ 136.774490947750508, 36.593466708838569 ] } },
{ "type": "Feature", "properties": { "JYUSYU": "スギ", "JYUKO": 29.9, "CHOKKEI": 55.0, "TANBOKUZAISEKI": 2.831, "JUKANCHORITSU": 96, "KEIJOHI": 54, "SHURYOHISU": 0, "DATANENDO": 2023, "UNIQUENO": 61305415, "ADDDATE": "2024-03-29", "ADDTENANT": "17000F", "ADDUSER": "kikaku", "EDITDATE": "2024-03-29", "EDITTENANT": null, "EDITUSER": null, "X": -35073.249999999098, "Y": 65918.750000001906 }, "geometry": { "type": "Point", "coordinates": [ 136.774675353800944, 36.593467315459826 ] } },
{ "type": "Feature", "properties": { "JYUSYU": "スギ", "JYUKO": 21.1, "CHOKKEI": 26.5, "TANBOKUZAISEKI": 0.526, "JUKANCHORITSU": 13, "KEIJOHI": 80, "SHURYOHISU": 0, "DATANENDO": 2023, "UNIQUENO": 61305416, "ADDDATE": "2024-03-29", "ADDTENANT": "17000F", "ADDUSER": "kikaku", "EDITDATE": "2024-03-29", "EDITTENANT": null, "EDITUSER": null, "X": -34978.75, "Y": 65918.750000001906 }, "geometry": { "type": "Point", "coordinates": [ 136.77573149765044, 36.593470784249213 ] } },
{ "type": "Feature", "properties": { "JYUSYU": "スギ", "JYUKO": 27.3, "CHOKKEI": 43.6, "TANBOKUZAISEKI": 1.691, "JUKANCHORITSU": 63, "KEIJOHI": 63, "SHURYOHISU": 0, "DATANENDO": 2023, "UNIQUENO": 61305418, "ADDDATE": "2024-03-29", "ADDTENANT": "17000F", "ADDUSER": "kikaku", "EDITDATE": "2024-03-29", "EDITTENANT": null, "EDITUSER": null, "X": -35105.749999998101, "Y": 65918.249999998094 }, "geometry": { "type": "Point", "coordinates": [ 136.774312152579711, 36.593461614261912 ] } },
{ "type": "Feature", "properties": { "JYUSYU": "スギ", "JYUKO": 30.0, "CHOKKEI": 61.2, "TANBOKUZAISEKI": 3.451, "JUKANCHORITSU": 96, "KEIJOHI": 49, "SHURYOHISU": 0, "DATANENDO": 2023, "UNIQUENO": 61305419, "ADDDATE": "2024-03-29", "ADDTENANT": "17000F", "ADDUSER": "kikaku", "EDITDATE": "2024-03-29", "EDITTENANT": null, "EDITUSER": null, "X": -35063.249999999098, "Y": 65918.249999998094 }, "geometry": { "type": "Point", "coordinates": [ 136.774787137830913, 36.593463176904599 ] } },
{ "type": "Feature", "properties": { "JYUSYU": "スギ", "JYUKO": 21.9, "CHOKKEI": 31.9, "TANBOKUZAISEKI": 0.768, "JUKANCHORITSU": 15, "KEIJOHI": 69, "SHURYOHISU": 0, "DATANENDO": 2023, "UNIQUENO": 61305421, "ADDDATE": "2024-03-29", "ADDTENANT": "17000F", "ADDUSER": "kikaku", "EDITDATE": "2024-03-29", "EDITTENANT": null, "EDITUSER": null, "X": -34976.749999999098, "Y": 65917.75 }, "geometry": { "type": "Point", "coordinates": [ 136.775753895359969, 36.593461845429374 ] } },
{ "type": "Feature", "properties": { "JYUSYU": "スギ", "JYUKO": 27.4, "CHOKKEI": 44.6, "TANBOKUZAISEKI": 1.763, "JUKANCHORITSU": 54, "KEIJOHI": 61, "SHURYOHISU": 0, "DATANENDO": 2023, "UNIQUENO": 61305422, "ADDDATE": "2024-03-29", "ADDTENANT": "17000F", "ADDUSER": "kikaku", "EDITDATE": "2024-03-29", "EDITTENANT": null, "EDITUSER": null, "X": -35076.249999999098, "Y": 65917.250000001906 }, "geometry": { "type": "Point", "coordinates": [ 136.774641893806859, 36.593453686989712 ] } },
{ "type": "Feature", "properties": { "JYUSYU": "スギ", "JYUKO": 34.5, "CHOKKEI": 64.0, "TANBOKUZAISEKI": 4.309, "JUKANCHORITSU": 96, "KEIJOHI": 54, "SHURYOHISU": 0, "DATANENDO": 2023, "UNIQUENO": 61305423, "ADDDATE": "2024-03-29", "ADDTENANT": "17000F", "ADDUSER": "kikaku", "EDITDATE": "2024-03-29", "EDITTENANT": null, "EDITUSER": null, "X": -35031.749999998101, "Y": 65917.250000001906 }, "geometry": { "type": "Point", "coordinates": [ 136.775139231274835, 36.593455321745701 ] } },
{ "type": "Feature", "properties": { "JYUSYU": "スギ", "JYUKO": 22.5, "CHOKKEI": 37.6, "TANBOKUZAISEKI": 1.068, "JUKANCHORITSU": 60, "KEIJOHI": 60, "SHURYOHISU": 0, "DATANENDO": 2023, "UNIQUENO": 61305424, "ADDDATE": "2024-03-29", "ADDTENANT": "17000F", "ADDUSER": "kikaku", "EDITDATE": "2024-03-29", "EDITTENANT": null, "EDITUSER": null, "X": -34982.249999999098, "Y": 65917.250000001906 }, "geometry": { "type": "Point", "coordinates": [ 136.775692449404232, 36.593457137744167 ] } },
{ "type": "Feature", "properties": { "JYUSYU": "スギ", "JYUKO": 19.9, "CHOKKEI": 36.2, "TANBOKUZAISEKI": 0.88, "JUKANCHORITSU": 19, "KEIJOHI": 55, "SHURYOHISU": 0, "DATANENDO": 2023, "UNIQUENO": 61305425, "ADDDATE": "2024-03-29", "ADDTENANT": "17000F", "ADDUSER": "kikaku", "EDITDATE": "2024-03-29", "EDITTENANT": null, "EDITUSER": null, "X": -35136.75, "Y": 65916.749999998094 }, "geometry": { "type": "Point", "coordinates": [ 136.773965761269523, 36.593446955062639 ] } },
{ "type": "Feature", "properties": { "JYUSYU": "スギ", "JYUKO": 23.6, "CHOKKEI": 48.5, "TANBOKUZAISEKI": 1.777, "JUKANCHORITSU": 95, "KEIJOHI": 49, "SHURYOHISU": 0, "DATANENDO": 2023, "UNIQUENO": 61305426, "ADDDATE": "2024-03-29", "ADDTENANT": "17000F", "ADDUSER": "kikaku", "EDITDATE": "2024-03-29", "EDITTENANT": null, "EDITUSER": null, "X": -35047.749999999098, "Y": 65916.749999998094 }, "geometry": { "type": "Point", "coordinates": [ 136.774960436078715, 36.593450228141442 ] } },
{ "type": "Feature", "properties": { "JYUSYU": "スギ", "JYUKO": 19.5, "CHOKKEI": 30.1, "TANBOKUZAISEKI": 0.617, "JUKANCHORITSU": 10, "KEIJOHI": 65, "SHURYOHISU": 0, "DATANENDO": 2023, "UNIQUENO": 61305427, "ADDDATE": "2024-03-29", "ADDTENANT": "17000F", "ADDUSER": "kikaku", "EDITDATE": "2024-03-29", "EDITTENANT": null, "EDITUSER": null, "X": -35124.749999999098, "Y": 65916.25 }, "geometry": { "type": "Point", "coordinates": [ 136.774099897542129, 36.593442890795558 ] } },
{ "type": "Feature", "properties": { "JYUSYU": "スギ", "JYUKO": 20.4, "CHOKKEI": 28.1, "TANBOKUZAISEKI": 0.568, "JUKANCHORITSU": 16, "KEIJOHI": 73, "SHURYOHISU": 0, "DATANENDO": 2023, "UNIQUENO": 61305428, "ADDDATE": "2024-03-29", "ADDTENANT": "17000F", "ADDUSER": "kikaku", "EDITDATE": "2024-03-29", "EDITTENANT": null, "EDITUSER": null, "X": -35128.749999999098, "Y": 65915.750000001906 }, "geometry": { "type": "Point", "coordinates": [ 136.774055215888836, 36.593438237481109 ] } },
{ "type": "Feature", "properties": { "JYUSYU": "スギ", "JYUKO": 20.4, "CHOKKEI": 24.7, "TANBOKUZAISEKI": 0.449, "JUKANCHORITSU": 15, "KEIJOHI": 83, "SHURYOHISU": 0, "DATANENDO": 2023, "UNIQUENO": 61305429, "ADDDATE": "2024-03-29", "ADDTENANT": "17000F", "ADDUSER": "kikaku", "EDITDATE": "2024-03-29", "EDITTENANT": null, "EDITUSER": null, "X": -35126.75, "Y": 65915.750000001906 }, "geometry": { "type": "Point", "coordinates": [ 136.774077568127694, 36.593438311107818 ] } },
{ "type": "Feature", "properties": { "JYUSYU": "スギ", "JYUKO": 22.0, "CHOKKEI": 43.2, "TANBOKUZAISEKI": 1.343, "JUKANCHORITSU": 57, "KEIJOHI": 51, "SHURYOHISU": 0, "DATANENDO": 2023, "UNIQUENO": 61305430, "ADDDATE": "2024-03-29", "ADDTENANT": "17000F", "ADDUSER": "kikaku", "EDITDATE": "2024-03-29", "EDITTENANT": null, "EDITUSER": null, "X": -35083.75, "Y": 65915.750000001906 }, "geometry": { "type": "Point", "coordinates": [ 136.77455814128291, 36.593439893068236 ] } },
{ "type": "Feature", "properties": { "JYUSYU": "スギ", "JYUKO": 29.8, "CHOKKEI": 60.0, "TANBOKUZAISEKI": 3.306, "JUKANCHORITSU": 72, "KEIJOHI": 50, "SHURYOHISU": 0, "DATANENDO": 2023, "UNIQUENO": 61305432, "ADDDATE": "2024-03-29", "ADDTENANT": "17000F", "ADDUSER": "kikaku", "EDITDATE": "2024-03-29", "EDITTENANT": null, "EDITUSER": null, "X": -35001.75, "Y": 65915.750000001906 }, "geometry": { "type": "Point", "coordinates": [ 136.775474583217544, 36.593442904459408 ] } },
{ "type": "Feature", "properties": { "JYUSYU": "スギ", "JYUKO": 28.9, "CHOKKEI": 52.9, "TANBOKUZAISEKI": 2.546, "JUKANCHORITSU": 40, "KEIJOHI": 55, "SHURYOHISU": 0, "DATANENDO": 2023, "UNIQUENO": 61305433, "ADDDATE": "2024-03-29", "ADDTENANT": "17000F", "ADDUSER": "kikaku", "EDITDATE": "2024-03-29", "EDITTENANT": null, "EDITUSER": null, "X": -35093.75, "Y": 65915.250000003696 }, "geometry": { "type": "Point", "coordinates": [ 136.774446402885076, 36.593435019277955 ] } },
{ "type": "Feature", "properties": { "JYUSYU": "スギ", "JYUKO": 28.9, "CHOKKEI": 55.8, "TANBOKUZAISEKI": 2.809, "JUKANCHORITSU": 43, "KEIJOHI": 52, "SHURYOHISU": 0, "DATANENDO": 2023, "UNIQUENO": 61305434, "ADDDATE": "2024-03-29", "ADDTENANT": "17000F", "ADDUSER": "kikaku", "EDITDATE": "2024-03-29", "EDITTENANT": null, "EDITUSER": null, "X": -35101.749999999098, "Y": 65914.75 }, "geometry": { "type": "Point", "coordinates": [ 136.774357016739543, 36.593430218957231 ] } },
{ "type": "Feature", "properties": { "JYUSYU": "スギ", "JYUKO": 29.5, "CHOKKEI": 52.1, "TANBOKUZAISEKI": 2.524, "JUKANCHORITSU": 45, "KEIJOHI": 57, "SHURYOHISU": 0, "DATANENDO": 2023, "UNIQUENO": 61305435, "ADDDATE": "2024-03-29", "ADDTENANT": "17000F", "ADDUSER": "kikaku", "EDITDATE": "2024-03-29", "EDITTENANT": null, "EDITUSER": null, "X": -35076.75, "Y": 65914.75 }, "geometry": { "type": "Point", "coordinates": [ 136.774636419712351, 36.593431138282199 ] } },
{ "type": "Feature", "properties": { "JYUSYU": "スギ", "JYUKO": 24.7, "CHOKKEI": 32.2, "TANBOKUZAISEKI": 0.881, "JUKANCHORITSU": 36, "KEIJOHI": 77, "SHURYOHISU": 0, "DATANENDO": 2023, "UNIQUENO": 61305436, "ADDDATE": "2024-03-29", "ADDTENANT": "17000F", "ADDUSER": "kikaku", "EDITDATE": "2024-03-29", "EDITTENANT": null, "EDITUSER": null, "X": -35072.249999999098, "Y": 65914.75 }, "geometry": { "type": "Point", "coordinates": [ 136.774686712248808, 36.593431303691126 ] } },
{ "type": "Feature", "properties": { "JYUSYU": "スギ", "JYUKO": 27.7, "CHOKKEI": 49.7, "TANBOKUZAISEKI": 2.177, "JUKANCHORITSU": 47, "KEIJOHI": 56, "SHURYOHISU": 0, "DATANENDO": 2023, "UNIQUENO": 61305438, "ADDDATE": "2024-03-29", "ADDTENANT": "17000F", "ADDUSER": "kikaku", "EDITDATE": "2024-03-29", "EDITTENANT": null, "EDITUSER": null, "X": -34973.25, "Y": 65914.75 }, "geometry": { "type": "Point", "coordinates": [ 136.775793148154492, 36.593434937319053 ] } },
{ "type": "Feature", "properties": { "JYUSYU": "スギ", "JYUKO": 27.8, "CHOKKEI": 46.5, "TANBOKUZAISEKI": 1.94, "JUKANCHORITSU": 49, "KEIJOHI": 60, "SHURYOHISU": 0, "DATANENDO": 2023, "UNIQUENO": 61305439, "ADDDATE": "2024-03-29", "ADDTENANT": "17000F", "ADDUSER": "kikaku", "EDITDATE": "2024-03-29", "EDITTENANT": null, "EDITUSER": null, "X": -35090.249999999098, "Y": 65914.250000001906 }, "geometry": { "type": "Point", "coordinates": [ 136.774485564907565, 36.593426135862607 ] } },
{ "type": "Feature", "properties": { "JYUSYU": "スギ", "JYUKO": 25.3, "CHOKKEI": 40.6, "TANBOKUZAISEKI": 1.379, "JUKANCHORITSU": 38, "KEIJOHI": 62, "SHURYOHISU": 0, "DATANENDO": 2023, "UNIQUENO": 61305440, "ADDDATE": "2024-03-29", "ADDTENANT": "17000F", "ADDUSER": "kikaku", "EDITDATE": "2024-03-29", "EDITTENANT": null, "EDITUSER": null, "X": -34981.75, "Y": 65914.250000001906 }, "geometry": { "type": "Point", "coordinates": [ 136.775698173856085, 36.593430119677855 ] } },
{ "type": "Feature", "properties": { "JYUSYU": "スギ", "JYUKO": 26.1, "CHOKKEI": 43.5, "TANBOKUZAISEKI": 1.605, "JUKANCHORITSU": 67, "KEIJOHI": 60, "SHURYOHISU": 0, "DATANENDO": 2023, "UNIQUENO": 61305441, "ADDDATE": "2024-03-29", "ADDTENANT": "17000F", "ADDUSER": "kikaku", "EDITDATE": "2024-03-29", "EDITTENANT": null, "EDITUSER": null, "X": -34969.749999999098, "Y": 65914.250000001906 }, "geometry": { "type": "Point", "coordinates": [ 136.775832287302819, 36.593430559526503 ] } },
{ "type": "Feature", "properties": { "JYUSYU": "スギ", "JYUKO": 25.8, "CHOKKEI": 48.1, "TANBOKUZAISEKI": 1.916, "JUKANCHORITSU": 35, "KEIJOHI": 54, "SHURYOHISU": 0, "DATANENDO": 2023, "UNIQUENO": 61305442, "ADDDATE": "2024-03-29", "ADDTENANT": "17000F", "ADDUSER": "kikaku", "EDITDATE": "2024-03-29", "EDITTENANT": null, "EDITUSER": null, "X": -35132.749999998101, "Y": 65913.750000003696 }, "geometry": { "type": "Point", "coordinates": [ 136.774010602730272, 36.593420065954298 ] } },
{ "type": "Feature", "properties": { "JYUSYU": "スギ", "JYUKO": 19.3, "CHOKKEI": 21.9, "TANBOKUZAISEKI": 0.341, "JUKANCHORITSU": 93, "KEIJOHI": 88, "SHURYOHISU": 0, "DATANENDO": 2023, "UNIQUENO": 61305443, "ADDDATE": "2024-03-29", "ADDTENANT": "17000F", "ADDUSER": "kikaku", "EDITDATE": "2024-03-29", "EDITTENANT": null, "EDITUSER": null, "X": -35126.75, "Y": 65913.750000003696 }, "geometry": { "type": "Point", "coordinates": [ 136.774077659430986, 36.593420286846857 ] } },
{ "type": "Feature", "properties": { "JYUSYU": "スギ", "JYUKO": 26.4, "CHOKKEI": 49.2, "TANBOKUZAISEKI": 2.035, "JUKANCHORITSU": 61, "KEIJOHI": 54, "SHURYOHISU": 0, "DATANENDO": 2023, "UNIQUENO": 61305444, "ADDDATE": "2024-03-29", "ADDTENANT": "17000F", "ADDUSER": "kikaku", "EDITDATE": "2024-03-29", "EDITTENANT": null, "EDITUSER": null, "X": -35119.75, "Y": 65913.750000003696 }, "geometry": { "type": "Point", "coordinates": [ 136.774155892249468, 36.593420544507161 ] } },
{ "type": "Feature", "properties": { "JYUSYU": "スギ", "JYUKO": 25.2, "CHOKKEI": 34.7, "TANBOKUZAISEKI": 1.03, "JUKANCHORITSU": 20, "KEIJOHI": 73, "SHURYOHISU": 0, "DATANENDO": 2023, "UNIQUENO": 61305445, "ADDDATE": "2024-03-29", "ADDTENANT": "17000F", "ADDUSER": "kikaku", "EDITDATE": "2024-03-29", "EDITTENANT": null, "EDITUSER": null, "X": -35061.749999999098, "Y": 65913.750000003696 }, "geometry": { "type": "Point", "coordinates": [ 136.774804107069315, 36.593422677431562 ] } },
{ "type": "Feature", "properties": { "JYUSYU": "スギ", "JYUKO": 22.5, "CHOKKEI": 46.1, "TANBOKUZAISEKI": 1.549, "JUKANCHORITSU": 94, "KEIJOHI": 49, "SHURYOHISU": 0, "DATANENDO": 2023, "UNIQUENO": 61305446, "ADDDATE": "2024-03-29", "ADDTENANT": "17000F", "ADDUSER": "kikaku", "EDITDATE": "2024-03-29", "EDITTENANT": null, "EDITUSER": null, "X": -35019.249999999098, "Y": 65913.750000003696 }, "geometry": { "type": "Point", "coordinates": [ 136.775279092109827, 36.593424238112341 ] } },
{ "type": "Feature", "properties": { "JYUSYU": "スギ", "JYUKO": 30.7, "CHOKKEI": 63.4, "TANBOKUZAISEKI": 3.761, "JUKANCHORITSU": 76, "KEIJOHI": 48, "SHURYOHISU": 0, "DATANENDO": 2023, "UNIQUENO": 61305447, "ADDDATE": "2024-03-29", "ADDTENANT": "17000F", "ADDUSER": "kikaku", "EDITDATE": "2024-03-29", "EDITTENANT": null, "EDITUSER": null, "X": -35053.249999999098, "Y": 65913.25 }, "geometry": { "type": "Point", "coordinates": [ 136.774899126852517, 36.593418483653409 ] } },
{ "type": "Feature", "properties": { "JYUSYU": "スギ", "JYUKO": 20.1, "CHOKKEI": 36.4, "TANBOKUZAISEKI": 0.897, "JUKANCHORITSU": 21, "KEIJOHI": 55, "SHURYOHISU": 0, "DATANENDO": 2023, "UNIQUENO": 61305448, "ADDDATE": "2024-03-29", "ADDTENANT": "17000F", "ADDUSER": "kikaku", "EDITDATE": "2024-03-29", "EDITTENANT": null, "EDITUSER": null, "X": -34977.25, "Y": 65913.25 }, "geometry": { "type": "Point", "coordinates": [ 136.775748511855625, 36.593421272506475 ] } },
{ "type": "Feature", "properties": { "JYUSYU": "スギ", "JYUKO": 23.9, "CHOKKEI": 48.1, "TANBOKUZAISEKI": 1.778, "JUKANCHORITSU": 64, "KEIJOHI": 50, "SHURYOHISU": 0, "DATANENDO": 2023, "UNIQUENO": 61305449, "ADDDATE": "2024-03-29", "ADDTENANT": "17000F", "ADDUSER": "kikaku", "EDITDATE": "2024-03-29", "EDITTENANT": null, "EDITUSER": null, "X": -35058.25, "Y": 65912.750000001906 }, "geometry": { "type": "Point", "coordinates": [ 136.774843269045618, 36.593413793898399 ] } },
{ "type": "Feature", "properties": { "JYUSYU": "スギ", "JYUKO": 27.0, "CHOKKEI": 46.9, "TANBOKUZAISEKI": 1.917, "JUKANCHORITSU": 41, "KEIJOHI": 58, "SHURYOHISU": 0, "DATANENDO": 2023, "UNIQUENO": 61305450, "ADDDATE": "2024-03-29", "ADDTENANT": "17000F", "ADDUSER": "kikaku", "EDITDATE": "2024-03-29", "EDITTENANT": null, "EDITUSER": null, "X": -35115.25, "Y": 65912.250000003696 }, "geometry": { "type": "Point", "coordinates": [ 136.774206253231142, 36.593407191922871 ] } },
{ "type": "Feature", "properties": { "JYUSYU": "スギ", "JYUKO": 22.0, "CHOKKEI": 33.5, "TANBOKUZAISEKI": 0.842, "JUKANCHORITSU": 30, "KEIJOHI": 66, "SHURYOHISU": 0, "DATANENDO": 2023, "UNIQUENO": 61305451, "ADDDATE": "2024-03-29", "ADDTENANT": "17000F", "ADDUSER": "kikaku", "EDITDATE": "2024-03-29", "EDITTENANT": null, "EDITUSER": null, "X": -35135.749999999098, "Y": 65911.75 }, "geometry": { "type": "Point", "coordinates": [ 136.773977165706725, 36.593401931233025 ] } },
{ "type": "Feature", "properties": { "JYUSYU": "スギ", "JYUKO": 22.1, "CHOKKEI": 35.8, "TANBOKUZAISEKI": 0.956, "JUKANCHORITSU": 47, "KEIJOHI": 62, "SHURYOHISU": 0, "DATANENDO": 2023, "UNIQUENO": 61305452, "ADDDATE": "2024-03-29", "ADDTENANT": "17000F", "ADDUSER": "kikaku", "EDITDATE": "2024-03-29", "EDITTENANT": null, "EDITUSER": null, "X": -35105.749999998101, "Y": 65911.75 }, "geometry": { "type": "Point", "coordinates": [ 136.774312449138023, 36.593403035412194 ] } },
{ "type": "Feature", "properties": { "JYUSYU": "スギ", "JYUKO": 34.5, "CHOKKEI": 69.2, "TANBOKUZAISEKI": 4.957, "JUKANCHORITSU": 69, "KEIJOHI": 50, "SHURYOHISU": 0, "DATANENDO": 2023, "UNIQUENO": 61305453, "ADDDATE": "2024-03-29", "ADDTENANT": "17000F", "ADDUSER": "kikaku", "EDITDATE": "2024-03-29", "EDITTENANT": null, "EDITUSER": null, "X": -35034.25, "Y": 65911.75 }, "geometry": { "type": "Point", "coordinates": [ 136.775111541389435, 36.593405663236688 ] } },
{ "type": "Feature", "properties": { "JYUSYU": "スギ", "JYUKO": 27.1, "CHOKKEI": 50.3, "TANBOKUZAISEKI": 2.179, "JUKANCHORITSU": 67, "KEIJOHI": 54, "SHURYOHISU": 0, "DATANENDO": 2023, "UNIQUENO": 61305454, "ADDDATE": "2024-03-29", "ADDTENANT": "17000F", "ADDUSER": "kikaku", "EDITDATE": "2024-03-29", "EDITTENANT": null, "EDITUSER": null, "X": -34985.249999999098, "Y": 65911.75 }, "geometry": { "type": "Point", "coordinates": [ 136.775659171104024, 36.593407461029713 ] } },
{ "type": "Feature", "properties": { "JYUSYU": "スギ", "JYUKO": 26.0, "CHOKKEI": 46.8, "TANBOKUZAISEKI": 1.833, "JUKANCHORITSU": 73, "KEIJOHI": 56, "SHURYOHISU": 0, "DATANENDO": 2023, "UNIQUENO": 61305455, "ADDDATE": "2024-03-29", "ADDTENANT": "17000F", "ADDUSER": "kikaku", "EDITDATE": "2024-03-29", "EDITTENANT": null, "EDITUSER": null, "X": -35096.249999999098, "Y": 65911.250000001906 }, "geometry": { "type": "Point", "coordinates": [ 136.774418645034388, 36.593398878806873 ] } },
{ "type": "Feature", "properties": { "JYUSYU": "スギ", "JYUKO": 21.6, "CHOKKEI": 34.1, "TANBOKUZAISEKI": 0.855, "JUKANCHORITSU": 64, "KEIJOHI": 63, "SHURYOHISU": 0, "DATANENDO": 2023, "UNIQUENO": 61305456, "ADDDATE": "2024-03-29", "ADDTENANT": "17000F", "ADDUSER": "kikaku", "EDITDATE": "2024-03-29", "EDITTENANT": null, "EDITUSER": null, "X": -35090.249999999098, "Y": 65911.250000001906 }, "geometry": { "type": "Point", "coordinates": [ 136.774485701720067, 36.593399099469764 ] } },
{ "type": "Feature", "properties": { "JYUSYU": "スギ", "JYUKO": 24.6, "CHOKKEI": 49.5, "TANBOKUZAISEKI": 1.927, "JUKANCHORITSU": 92, "KEIJOHI": 50, "SHURYOHISU": 0, "DATANENDO": 2023, "UNIQUENO": 61305457, "ADDDATE": "2024-03-29", "ADDTENANT": "17000F", "ADDUSER": "kikaku", "EDITDATE": "2024-03-29", "EDITTENANT": null, "EDITUSER": null, "X": -35074.25, "Y": 65911.250000001906 }, "geometry": { "type": "Point", "coordinates": [ 136.774664519552175, 36.59339968771971 ] } },
{ "type": "Feature", "properties": { "JYUSYU": "スギ", "JYUKO": 22.2, "CHOKKEI": 35.9, "TANBOKUZAISEKI": 0.964, "JUKANCHORITSU": 18, "KEIJOHI": 62, "SHURYOHISU": 0, "DATANENDO": 2023, "UNIQUENO": 61305458, "ADDDATE": "2024-03-29", "ADDTENANT": "17000F", "ADDUSER": "kikaku", "EDITDATE": "2024-03-29", "EDITTENANT": null, "EDITUSER": null, "X": -35015.75, "Y": 65911.250000001906 }, "geometry": { "type": "Point", "coordinates": [ 136.775318322294936, 36.593401836224999 ] } },
{ "type": "Feature", "properties": { "JYUSYU": "スギ", "JYUKO": 24.9, "CHOKKEI": 39.8, "TANBOKUZAISEKI": 1.311, "JUKANCHORITSU": 31, "KEIJOHI": 63, "SHURYOHISU": 0, "DATANENDO": 2023, "UNIQUENO": 61305459, "ADDDATE": "2024-03-29", "ADDTENANT": "17000F", "ADDUSER": "kikaku", "EDITDATE": "2024-03-29", "EDITTENANT": null, "EDITUSER": null, "X": -35003.250000000902, "Y": 65911.250000001906 }, "geometry": { "type": "Point", "coordinates": [ 136.775458023744676, 36.593402294842321 ] } },
{ "type": "Feature", "properties": { "JYUSYU": "スギ", "JYUKO": 19.2, "CHOKKEI": 29.7, "TANBOKUZAISEKI": 0.591, "JUKANCHORITSU": 42, "KEIJOHI": 65, "SHURYOHISU": 0, "DATANENDO": 2023, "UNIQUENO": 61305460, "ADDDATE": "2024-03-29", "ADDTENANT": "17000F", "ADDUSER": "kikaku", "EDITDATE": "2024-03-29", "EDITTENANT": null, "EDITUSER": null, "X": -35122.749999998101, "Y": 65910.750000003696 }, "geometry": { "type": "Point", "coordinates": [ 136.774122500837763, 36.59339339769592 ] } },
{ "type": "Feature", "properties": { "JYUSYU": "スギ", "JYUKO": 25.2, "CHOKKEI": 47.7, "TANBOKUZAISEKI": 1.843, "JUKANCHORITSU": 66, "KEIJOHI": 53, "SHURYOHISU": 0, "DATANENDO": 2023, "UNIQUENO": 61305461, "ADDDATE": "2024-03-29", "ADDTENANT": "17000F", "ADDUSER": "kikaku", "EDITDATE": "2024-03-29", "EDITTENANT": null, "EDITUSER": null, "X": -35111.25, "Y": 65910.750000003696 }, "geometry": { "type": "Point", "coordinates": [ 136.774251026138984, 36.593393820919268 ] } },
{ "type": "Feature", "properties": { "JYUSYU": "スギ", "JYUKO": 5.4, "CHOKKEI": 10.6, "TANBOKUZAISEKI": 0.026, "JUKANCHORITSU": 81, "KEIJOHI": 51, "SHURYOHISU": 0, "DATANENDO": 2023, "UNIQUENO": 61305462, "ADDDATE": "2024-03-29", "ADDTENANT": "17000F", "ADDUSER": "kikaku", "EDITDATE": "2024-03-29", "EDITTENANT": null, "EDITUSER": null, "X": -35084.25, "Y": 65910.750000003696 }, "geometry": { "type": "Point", "coordinates": [ 136.774552781204648, 36.593394814029431 ] } },
{ "type": "Feature", "properties": { "JYUSYU": "スギ", "JYUKO": 29.4, "CHOKKEI": 54.1, "TANBOKUZAISEKI": 2.696, "JUKANCHORITSU": 58, "KEIJOHI": 54, "SHURYOHISU": 0, "DATANENDO": 2023, "UNIQUENO": 61305463, "ADDDATE": "2024-03-29", "ADDTENANT": "17000F", "ADDUSER": "kikaku", "EDITDATE": "2024-03-29", "EDITTENANT": null, "EDITUSER": null, "X": -35065.25, "Y": 65910.750000003696 }, "geometry": { "type": "Point", "coordinates": [ 136.774765127370841, 36.593395512426788 ] } },
{ "type": "Feature", "properties": { "JYUSYU": "スギ", "JYUKO": 20.1, "CHOKKEI": 36.5, "TANBOKUZAISEKI": 0.9, "JUKANCHORITSU": 54, "KEIJOHI": 55, "SHURYOHISU": 0, "DATANENDO": 2023, "UNIQUENO": 61305464, "ADDDATE": "2024-03-29", "ADDTENANT": "17000F", "ADDUSER": "kikaku", "EDITDATE": "2024-03-29", "EDITTENANT": null, "EDITUSER": null, "X": -35102.25, "Y": 65910.25 }, "geometry": { "type": "Point", "coordinates": [ 136.774351633969104, 36.593389645975414 ] } },
{ "type": "Feature", "properties": { "JYUSYU": "スギ", "JYUKO": 21.7, "CHOKKEI": 35.6, "TANBOKUZAISEKI": 0.931, "JUKANCHORITSU": 92, "KEIJOHI": 61, "SHURYOHISU": 0, "DATANENDO": 2023, "UNIQUENO": 61305465, "ADDDATE": "2024-03-29", "ADDTENANT": "17000F", "ADDUSER": "kikaku", "EDITDATE": "2024-03-29", "EDITTENANT": null, "EDITUSER": null, "X": -35037.749999999098, "Y": 65910.25 }, "geometry": { "type": "Point", "coordinates": [ 136.775072493286984, 36.593392016529222 ] } },
{ "type": "Feature", "properties": { "JYUSYU": "スギ", "JYUKO": 26.6, "CHOKKEI": 52.4, "TANBOKUZAISEKI": 2.308, "JUKANCHORITSU": 67, "KEIJOHI": 51, "SHURYOHISU": 0, "DATANENDO": 2023, "UNIQUENO": 61305466, "ADDDATE": "2024-03-29", "ADDTENANT": "17000F", "ADDUSER": "kikaku", "EDITDATE": "2024-03-29", "EDITTENANT": null, "EDITUSER": null, "X": -34990.25, "Y": 65910.25 }, "geometry": { "type": "Point", "coordinates": [ 136.775603358729938, 36.593393759498461 ] } },
{ "type": "Feature", "properties": { "JYUSYU": "スギ", "JYUKO": 23.6, "CHOKKEI": 33.2, "TANBOKUZAISEKI": 0.891, "JUKANCHORITSU": 52, "KEIJOHI": 71, "SHURYOHISU": 0, "DATANENDO": 2023, "UNIQUENO": 61305468, "ADDDATE": "2024-03-29", "ADDTENANT": "17000F", "ADDUSER": "kikaku", "EDITDATE": "2024-03-29", "EDITTENANT": null, "EDITUSER": null, "X": -35000.25, "Y": 65909.250000001906 }, "geometry": { "type": "Point", "coordinates": [ 136.775491643067426, 36.593384380622005 ] } },
{ "type": "Feature", "properties": { "JYUSYU": "スギ", "JYUKO": 31.9, "CHOKKEI": 56.0, "TANBOKUZAISEKI": 3.114, "JUKANCHORITSU": 47, "KEIJOHI": 57, "SHURYOHISU": 0, "DATANENDO": 2023, "UNIQUENO": 61305470, "ADDDATE": "2024-03-29", "ADDTENANT": "17000F", "ADDUSER": "kikaku", "EDITDATE": "2024-03-29", "EDITTENANT": null, "EDITUSER": null, "X": -35006.249999998101, "Y": 65908.75 }, "geometry": { "type": "Point", "coordinates": [ 136.775424609133864, 36.593379654459113 ] } },
{ "type": "Feature", "properties": { "JYUSYU": "スギ", "JYUKO": 14.9, "CHOKKEI": 30.5, "TANBOKUZAISEKI": 0.484, "JUKANCHORITSU": 32, "KEIJOHI": 49, "SHURYOHISU": 0, "DATANENDO": 2023, "UNIQUENO": 61305471, "ADDDATE": "2024-03-29", "ADDTENANT": "17000F", "ADDUSER": "kikaku", "EDITDATE": "2024-03-29", "EDITTENANT": null, "EDITUSER": null, "X": -34974.25, "Y": 65908.250000001906 }, "geometry": { "type": "Point", "coordinates": [ 136.775782267480338, 36.59337632180678 ] } },
{ "type": "Feature", "properties": { "JYUSYU": "スギ", "JYUKO": 18.3, "CHOKKEI": 31.4, "TANBOKUZAISEKI": 0.624, "JUKANCHORITSU": 41, "KEIJOHI": 58, "SHURYOHISU": 0, "DATANENDO": 2023, "UNIQUENO": 61305472, "ADDDATE": "2024-03-29", "ADDTENANT": "17000F", "ADDUSER": "kikaku", "EDITDATE": "2024-03-29", "EDITTENANT": null, "EDITUSER": null, "X": -35093.249999999098, "Y": 65907.750000001906 }, "geometry": { "type": "Point", "coordinates": [ 136.774452333005115, 36.593367446684695 ] } },
{ "type": "Feature", "properties": { "JYUSYU": "スギ", "JYUKO": 13.2, "CHOKKEI": 24.6, "TANBOKUZAISEKI": 0.289, "JUKANCHORITSU": 90, "KEIJOHI": 54, "SHURYOHISU": 0, "DATANENDO": 2023, "UNIQUENO": 61305473, "ADDDATE": "2024-03-29", "ADDTENANT": "17000F", "ADDUSER": "kikaku", "EDITDATE": "2024-03-29", "EDITTENANT": null, "EDITUSER": null, "X": -35088.749999998101, "Y": 65907.750000001906 }, "geometry": { "type": "Point", "coordinates": [ 136.774502625499167, 36.593367612171065 ] } },
{ "type": "Feature", "properties": { "JYUSYU": "スギ", "JYUKO": 17.6, "CHOKKEI": 28.9, "TANBOKUZAISEKI": 0.519, "JUKANCHORITSU": 27, "KEIJOHI": 61, "SHURYOHISU": 0, "DATANENDO": 2023, "UNIQUENO": 61305474, "ADDDATE": "2024-03-29", "ADDTENANT": "17000F", "ADDUSER": "kikaku", "EDITDATE": "2024-03-29", "EDITTENANT": null, "EDITUSER": null, "X": -35069.249999999098, "Y": 65907.750000001906 }, "geometry": { "type": "Point", "coordinates": [ 136.774720559644635, 36.593368329033439 ] } },
{ "type": "Feature", "properties": { "JYUSYU": "スギ", "JYUKO": 20.1, "CHOKKEI": 29.7, "TANBOKUZAISEKI": 0.618, "JUKANCHORITSU": 94, "KEIJOHI": 68, "SHURYOHISU": 0, "DATANENDO": 2023, "UNIQUENO": 61305475, "ADDDATE": "2024-03-29", "ADDTENANT": "17000F", "ADDUSER": "kikaku", "EDITDATE": "2024-03-29", "EDITTENANT": null, "EDITUSER": null, "X": -35041.749999998101, "Y": 65907.750000001906 }, "geometry": { "type": "Point", "coordinates": [ 136.775027902683405, 36.593369339315998 ] } },
{ "type": "Feature", "properties": { "JYUSYU": "スギ", "JYUKO": 24.4, "CHOKKEI": 38.2, "TANBOKUZAISEKI": 1.191, "JUKANCHORITSU": 32, "KEIJOHI": 64, "SHURYOHISU": 0, "DATANENDO": 2023, "UNIQUENO": 61305476, "ADDDATE": "2024-03-29", "ADDTENANT": "17000F", "ADDUSER": "kikaku", "EDITDATE": "2024-03-29", "EDITTENANT": null, "EDITUSER": null, "X": -34986.749999999098, "Y": 65907.750000001906 }, "geometry": { "type": "Point", "coordinates": [ 136.775642588806818, 36.593371357503656 ] } },
{ "type": "Feature", "properties": { "JYUSYU": "スギ", "JYUKO": 19.8, "CHOKKEI": 35.0, "TANBOKUZAISEKI": 0.826, "JUKANCHORITSU": 60, "KEIJOHI": 57, "SHURYOHISU": 0, "DATANENDO": 2023, "UNIQUENO": 61305478, "ADDDATE": "2024-03-29", "ADDTENANT": "17000F", "ADDUSER": "kikaku", "EDITDATE": "2024-03-29", "EDITTENANT": null, "EDITUSER": null, "X": -35109.75, "Y": 65907.25 }, "geometry": { "type": "Point", "coordinates": [ 136.774267950011961, 36.593362333654383 ] } },
{ "type": "Feature", "properties": { "JYUSYU": "スギ", "JYUKO": 25.4, "CHOKKEI": 43.5, "TANBOKUZAISEKI": 1.57, "JUKANCHORITSU": 41, "KEIJOHI": 58, "SHURYOHISU": 0, "DATANENDO": 2023, "UNIQUENO": 61305479, "ADDDATE": "2024-03-29", "ADDTENANT": "17000F", "ADDUSER": "kikaku", "EDITDATE": "2024-03-29", "EDITTENANT": null, "EDITUSER": null, "X": -35014.749999998101, "Y": 65907.25 }, "geometry": { "type": "Point", "coordinates": [ 136.775329680434766, 36.593365824392798 ] } },
{ "type": "Feature", "properties": { "JYUSYU": "スギ", "JYUKO": 27.2, "CHOKKEI": 51.9, "TANBOKUZAISEKI": 2.324, "JUKANCHORITSU": 61, "KEIJOHI": 52, "SHURYOHISU": 0, "DATANENDO": 2023, "UNIQUENO": 61305480, "ADDDATE": "2024-03-29", "ADDTENANT": "17000F", "ADDUSER": "kikaku", "EDITDATE": "2024-03-29", "EDITTENANT": null, "EDITUSER": null, "X": -35115.25, "Y": 65906.750000001906 }, "geometry": { "type": "Point", "coordinates": [ 136.774206504232382, 36.593357625204035 ] } },
{ "type": "Feature", "properties": { "JYUSYU": "スギ", "JYUKO": 14.9, "CHOKKEI": 25.0, "TANBOKUZAISEKI": 0.337, "JUKANCHORITSU": 43, "KEIJOHI": 60, "SHURYOHISU": 0, "DATANENDO": 2023, "UNIQUENO": 61305481, "ADDDATE": "2024-03-29", "ADDTENANT": "17000F", "ADDUSER": "kikaku", "EDITDATE": "2024-03-29", "EDITTENANT": null, "EDITUSER": null, "X": -35105.25, "Y": 65906.750000001906 }, "geometry": { "type": "Point", "coordinates": [ 136.774318265313298, 36.59335799315312 ] } },
{ "type": "Feature", "properties": { "JYUSYU": "スギ", "JYUKO": 22.3, "CHOKKEI": 30.9, "TANBOKUZAISEKI": 0.74, "JUKANCHORITSU": 29, "KEIJOHI": 72, "SHURYOHISU": 0, "DATANENDO": 2023, "UNIQUENO": 61305482, "ADDDATE": "2024-03-29", "ADDTENANT": "17000F", "ADDUSER": "kikaku", "EDITDATE": "2024-03-29", "EDITTENANT": null, "EDITUSER": null, "X": -35062.75, "Y": 65906.750000001906 }, "geometry": { "type": "Point", "coordinates": [ 136.774793249929814, 36.59335955576767 ] } },
{ "type": "Feature", "properties": { "JYUSYU": "スギ", "JYUKO": 29.6, "CHOKKEI": 51.7, "TANBOKUZAISEKI": 2.508, "JUKANCHORITSU": 77, "KEIJOHI": 57, "SHURYOHISU": 0, "DATANENDO": 2023, "UNIQUENO": 61305483, "ADDDATE": "2024-03-29", "ADDTENANT": "17000F", "ADDUSER": "kikaku", "EDITDATE": "2024-03-29", "EDITTENANT": null, "EDITUSER": null, "X": -34998.249999999098, "Y": 65906.750000001906 }, "geometry": { "type": "Point", "coordinates": [ 136.775514109005883, 36.593361923648949 ] } },
{ "type": "Feature", "properties": { "JYUSYU": "スギ", "JYUKO": 29.0, "CHOKKEI": 53.4, "TANBOKUZAISEKI": 2.601, "JUKANCHORITSU": 69, "KEIJOHI": 54, "SHURYOHISU": 0, "DATANENDO": 2023, "UNIQUENO": 61305484, "ADDDATE": "2024-03-29", "ADDTENANT": "17000F", "ADDUSER": "kikaku", "EDITDATE": "2024-03-29", "EDITTENANT": null, "EDITUSER": null, "X": -34993.749999999098, "Y": 65906.750000001906 }, "geometry": { "type": "Point", "coordinates": [ 136.77556440150272, 36.593362088687272 ] } },
{ "type": "Feature", "properties": { "JYUSYU": "スギ", "JYUKO": 14.4, "CHOKKEI": 23.1, "TANBOKUZAISEKI": 0.281, "JUKANCHORITSU": 19, "KEIJOHI": 62, "SHURYOHISU": 0, "DATANENDO": 2023, "UNIQUENO": 61305485, "ADDDATE": "2024-03-29", "ADDTENANT": "17000F", "ADDUSER": "kikaku", "EDITDATE": "2024-03-29", "EDITTENANT": null, "EDITUSER": null, "X": -35123.75, "Y": 65906.250000001906 }, "geometry": { "type": "Point", "coordinates": [ 136.77411153013901, 36.593352806299606 ] } },
{ "type": "Feature", "properties": { "JYUSYU": "スギ", "JYUKO": 24.2, "CHOKKEI": 49.7, "TANBOKUZAISEKI": 1.909, "JUKANCHORITSU": 76, "KEIJOHI": 49, "SHURYOHISU": 0, "DATANENDO": 2023, "UNIQUENO": 61305486, "ADDDATE": "2024-03-29", "ADDTENANT": "17000F", "ADDUSER": "kikaku", "EDITDATE": "2024-03-29", "EDITTENANT": null, "EDITUSER": null, "X": -35045.75, "Y": 65906.250000001906 }, "geometry": { "type": "Point", "coordinates": [ 136.774983266559758, 36.593355674217719 ] } },
{ "type": "Feature", "properties": { "JYUSYU": "スギ", "JYUKO": 26.0, "CHOKKEI": 40.6, "TANBOKUZAISEKI": 1.418, "JUKANCHORITSU": 32, "KEIJOHI": 64, "SHURYOHISU": 0, "DATANENDO": 2023, "UNIQUENO": 61305487, "ADDDATE": "2024-03-29", "ADDTENANT": "17000F", "ADDUSER": "kikaku", "EDITDATE": "2024-03-29", "EDITTENANT": null, "EDITUSER": null, "X": -35012.249999999098, "Y": 65906.250000001906 }, "geometry": { "type": "Point", "coordinates": [ 136.775357666214205, 36.593356903994668 ] } },
{ "type": "Feature", "properties": { "JYUSYU": "スギ", "JYUKO": 24.2, "CHOKKEI": 42.1, "TANBOKUZAISEKI": 1.411, "JUKANCHORITSU": 40, "KEIJOHI": 58, "SHURYOHISU": 0, "DATANENDO": 2023, "UNIQUENO": 61305488, "ADDDATE": "2024-03-29", "ADDTENANT": "17000F", "ADDUSER": "kikaku", "EDITDATE": "2024-03-29", "EDITTENANT": null, "EDITUSER": null, "X": -35064.25, "Y": 65905.250000001906 }, "geometry": { "type": "Point", "coordinates": [ 136.774776554121615, 36.593345982451751 ] } },
{ "type": "Feature", "properties": { "JYUSYU": "スギ", "JYUKO": 19.6, "CHOKKEI": 32.6, "TANBOKUZAISEKI": 0.718, "JUKANCHORITSU": 57, "KEIJOHI": 60, "SHURYOHISU": 0, "DATANENDO": 2023, "UNIQUENO": 61305489, "ADDDATE": "2024-03-29", "ADDTENANT": "17000F", "ADDUSER": "kikaku", "EDITDATE": "2024-03-29", "EDITTENANT": null, "EDITUSER": null, "X": -35041.749999998101, "Y": 65905.250000001906 }, "geometry": { "type": "Point", "coordinates": [ 136.775028016535941, 36.593346808986951 ] } },
{ "type": "Feature", "properties": { "JYUSYU": "スギ", "JYUKO": 24.1, "CHOKKEI": 40.3, "TANBOKUZAISEKI": 1.296, "JUKANCHORITSU": 49, "KEIJOHI": 60, "SHURYOHISU": 0, "DATANENDO": 2023, "UNIQUENO": 61305490, "ADDDATE": "2024-03-29", "ADDTENANT": "17000F", "ADDUSER": "kikaku", "EDITDATE": "2024-03-29", "EDITTENANT": null, "EDITUSER": null, "X": -35118.749999999098, "Y": 65904.750000001906 }, "geometry": { "type": "Point", "coordinates": [ 136.774167479136707, 36.593339472135703 ] } },
{ "type": "Feature", "properties": { "JYUSYU": "スギ", "JYUKO": 16.8, "CHOKKEI": 27.6, "TANBOKUZAISEKI": 0.453, "JUKANCHORITSU": 31, "KEIJOHI": 61, "SHURYOHISU": 0, "DATANENDO": 2023, "UNIQUENO": 61305491, "ADDDATE": "2024-03-29", "ADDTENANT": "17000F", "ADDUSER": "kikaku", "EDITDATE": "2024-03-29", "EDITTENANT": null, "EDITUSER": null, "X": -35072.249999999098, "Y": 65904.750000001906 }, "geometry": { "type": "Point", "coordinates": [ 136.774687168056005, 36.593341182379099 ] } },
{ "type": "Feature", "properties": { "JYUSYU": "スギ", "JYUKO": 27.2, "CHOKKEI": 50.9, "TANBOKUZAISEKI": 2.233, "JUKANCHORITSU": 61, "KEIJOHI": 53, "SHURYOHISU": 0, "DATANENDO": 2023, "UNIQUENO": 61305492, "ADDDATE": "2024-03-29", "ADDTENANT": "17000F", "ADDUSER": "kikaku", "EDITDATE": "2024-03-29", "EDITTENANT": null, "EDITUSER": null, "X": -35054.25, "Y": 65904.750000001906 }, "geometry": { "type": "Point", "coordinates": [ 136.774888337971987, 36.593341843800481 ] } },
{ "type": "Feature", "properties": { "JYUSYU": "スギ", "JYUKO": 17.6, "CHOKKEI": 34.8, "TANBOKUZAISEKI": 0.724, "JUKANCHORITSU": 52, "KEIJOHI": 51, "SHURYOHISU": 0, "DATANENDO": 2023, "UNIQUENO": 61305494, "ADDDATE": "2024-03-29", "ADDTENANT": "17000F", "ADDUSER": "kikaku", "EDITDATE": "2024-03-29", "EDITTENANT": null, "EDITUSER": null, "X": -35035.249999999098, "Y": 65904.25 }, "geometry": { "type": "Point", "coordinates": [ 136.77510070676783, 36.5933380355333 ] } },
{ "type": "Feature", "properties": { "JYUSYU": "スギ", "JYUKO": 22.2, "CHOKKEI": 30.8, "TANBOKUZAISEKI": 0.733, "JUKANCHORITSU": 25, "KEIJOHI": 72, "SHURYOHISU": 0, "DATANENDO": 2023, "UNIQUENO": 61305495, "ADDDATE": "2024-03-29", "ADDTENANT": "17000F", "ADDUSER": "kikaku", "EDITDATE": "2024-03-29", "EDITTENANT": null, "EDITUSER": null, "X": -35007.25, "Y": 65904.25 }, "geometry": { "type": "Point", "coordinates": [ 136.775413637753871, 36.593339063178497 ] } },
{ "type": "Feature", "properties": { "JYUSYU": "スギ", "JYUKO": 27.9, "CHOKKEI": 39.7, "TANBOKUZAISEKI": 1.461, "JUKANCHORITSU": 28, "KEIJOHI": 70, "SHURYOHISU": 0, "DATANENDO": 2023, "UNIQUENO": 61305496, "ADDDATE": "2024-03-29", "ADDTENANT": "17000F", "ADDUSER": "kikaku", "EDITDATE": "2024-03-29", "EDITTENANT": null, "EDITUSER": null, "X": -35000.25, "Y": 65904.25 }, "geometry": { "type": "Point", "coordinates": [ 136.77549187050289, 36.59333931996143 ] } },
{ "type": "Feature", "properties": { "JYUSYU": "スギ", "JYUKO": 22.4, "CHOKKEI": 37.6, "TANBOKUZAISEKI": 1.06, "JUKANCHORITSU": 59, "KEIJOHI": 60, "SHURYOHISU": 0, "DATANENDO": 2023, "UNIQUENO": 61305498, "ADDDATE": "2024-03-29", "ADDTENANT": "17000F", "ADDUSER": "kikaku", "EDITDATE": "2024-03-29", "EDITTENANT": null, "EDITUSER": null, "X": -35104.749999999098, "Y": 65903.250000001906 }, "geometry": { "type": "Point", "coordinates": [ 136.774324013047419, 36.593326469089746 ] } },
{ "type": "Feature", "properties": { "JYUSYU": "スギ", "JYUKO": 18.7, "CHOKKEI": 36.4, "TANBOKUZAISEKI": 0.834, "JUKANCHORITSU": 65, "KEIJOHI": 51, "SHURYOHISU": 0, "DATANENDO": 2023, "UNIQUENO": 61305499, "ADDDATE": "2024-03-29", "ADDTENANT": "17000F", "ADDUSER": "kikaku", "EDITDATE": "2024-03-29", "EDITTENANT": null, "EDITUSER": null, "X": -35094.250000000902, "Y": 65903.250000001906 }, "geometry": { "type": "Point", "coordinates": [ 136.774441362136884, 36.593326855317564 ] } },
{ "type": "Feature", "properties": { "JYUSYU": "スギ", "JYUKO": 16.9, "CHOKKEI": 29.1, "TANBOKUZAISEKI": 0.505, "JUKANCHORITSU": 93, "KEIJOHI": 58, "SHURYOHISU": 0, "DATANENDO": 2023, "UNIQUENO": 61305500, "ADDDATE": "2024-03-29", "ADDTENANT": "17000F", "ADDUSER": "kikaku", "EDITDATE": "2024-03-29", "EDITTENANT": null, "EDITUSER": null, "X": -35073.249999999098, "Y": 65903.250000001906 }, "geometry": { "type": "Point", "coordinates": [ 136.774676060322577, 36.593327627426596 ] } },
{ "type": "Feature", "properties": { "JYUSYU": "スギ", "JYUKO": 23.7, "CHOKKEI": 40.4, "TANBOKUZAISEKI": 1.28, "JUKANCHORITSU": 38, "KEIJOHI": 59, "SHURYOHISU": 0, "DATANENDO": 2023, "UNIQUENO": 61305501, "ADDDATE": "2024-03-29", "ADDTENANT": "17000F", "ADDUSER": "kikaku", "EDITDATE": "2024-03-29", "EDITTENANT": null, "EDITUSER": null, "X": -34985.249999999098, "Y": 65903.250000001906 }, "geometry": { "type": "Point", "coordinates": [ 136.775659557578734, 36.593330857905357 ] } },
{ "type": "Feature", "properties": { "JYUSYU": "スギ", "JYUKO": 12.7, "CHOKKEI": 23.0, "TANBOKUZAISEKI": 0.246, "JUKANCHORITSU": 90, "KEIJOHI": 55, "SHURYOHISU": 0, "DATANENDO": 2023, "UNIQUENO": 61305502, "ADDDATE": "2024-03-29", "ADDTENANT": "17000F", "ADDUSER": "kikaku", "EDITDATE": "2024-03-29", "EDITTENANT": null, "EDITUSER": null, "X": -35088.25, "Y": 65902.75 }, "geometry": { "type": "Point", "coordinates": [ 136.774508441561153, 36.59332256990173 ] } },
{ "type": "Feature", "properties": { "JYUSYU": "スギ", "JYUKO": 17.2, "CHOKKEI": 28.4, "TANBOKUZAISEKI": 0.491, "JUKANCHORITSU": 14, "KEIJOHI": 61, "SHURYOHISU": 0, "DATANENDO": 2023, "UNIQUENO": 61305503, "ADDDATE": "2024-03-29", "ADDTENANT": "17000F", "ADDUSER": "kikaku", "EDITDATE": "2024-03-29", "EDITTENANT": null, "EDITUSER": null, "X": -35069.75, "Y": 65902.75 }, "geometry": { "type": "Point", "coordinates": [ 136.774715199476418, 36.593323250000829 ] } },
{ "type": "Feature", "properties": { "JYUSYU": "スギ", "JYUKO": 18.1, "CHOKKEI": 27.6, "TANBOKUZAISEKI": 0.486, "JUKANCHORITSU": 41, "KEIJOHI": 66, "SHURYOHISU": 0, "DATANENDO": 2023, "UNIQUENO": 61305504, "ADDDATE": "2024-03-29", "ADDTENANT": "17000F", "ADDUSER": "kikaku", "EDITDATE": "2024-03-29", "EDITTENANT": null, "EDITUSER": null, "X": -35045.75, "Y": 65902.75 }, "geometry": { "type": "Point", "coordinates": [ 136.774983425971385, 36.593324131757122 ] } },
{ "type": "Feature", "properties": { "JYUSYU": "スギ", "JYUKO": 29.2, "CHOKKEI": 54.9, "TANBOKUZAISEKI": 2.753, "JUKANCHORITSU": 53, "KEIJOHI": 53, "SHURYOHISU": 0, "DATANENDO": 2023, "UNIQUENO": 61305505, "ADDDATE": "2024-03-29", "ADDTENANT": "17000F", "ADDUSER": "kikaku", "EDITDATE": "2024-03-29", "EDITTENANT": null, "EDITUSER": null, "X": -35058.749999998101, "Y": 65902.25 }, "geometry": { "type": "Point", "coordinates": [ 136.774838159400019, 36.593319148148332 ] } },
{ "type": "Feature", "properties": { "JYUSYU": "スギ", "JYUKO": 27.1, "CHOKKEI": 45.6, "TANBOKUZAISEKI": 1.818, "JUKANCHORITSU": 49, "KEIJOHI": 59, "SHURYOHISU": 0, "DATANENDO": 2023, "UNIQUENO": 61305506, "ADDDATE": "2024-03-29", "ADDTENANT": "17000F", "ADDUSER": "kikaku", "EDITDATE": "2024-03-29", "EDITTENANT": null, "EDITUSER": null, "X": -35002.249999999098, "Y": 65902.25 }, "geometry": { "type": "Point", "coordinates": [ 136.775469609268043, 36.593321222335845 ] } },
{ "type": "Feature", "properties": { "JYUSYU": "スギ", "JYUKO": 21.6, "CHOKKEI": 38.5, "TANBOKUZAISEKI": 1.068, "JUKANCHORITSU": 47, "KEIJOHI": 56, "SHURYOHISU": 0, "DATANENDO": 2023, "UNIQUENO": 61305508, "ADDDATE": "2024-03-29", "ADDTENANT": "17000F", "ADDUSER": "kikaku", "EDITDATE": "2024-03-29", "EDITTENANT": null, "EDITUSER": null, "X": -35119.75, "Y": 65901.750000001906 }, "geometry": { "type": "Point", "coordinates": [ 136.774156439958318, 36.593312398939212 ] } },
{ "type": "Feature", "properties": { "JYUSYU": "スギ", "JYUKO": 24.4, "CHOKKEI": 45.4, "TANBOKUZAISEKI": 1.63, "JUKANCHORITSU": 67, "KEIJOHI": 54, "SHURYOHISU": 0, "DATANENDO": 2023, "UNIQUENO": 61305509, "ADDDATE": "2024-03-29", "ADDTENANT": "17000F", "ADDUSER": "kikaku", "EDITDATE": "2024-03-29", "EDITTENANT": null, "EDITUSER": null, "X": -34980.749999999098, "Y": 65901.750000001906 }, "geometry": { "type": "Point", "coordinates": [ 136.775709918248765, 36.593317504683583 ] } },
{ "type": "Feature", "properties": { "JYUSYU": "スギ", "JYUKO": 18.6, "CHOKKEI": 22.3, "TANBOKUZAISEKI": 0.339, "JUKANCHORITSU": 15, "KEIJOHI": 83, "SHURYOHISU": 0, "DATANENDO": 2023, "UNIQUENO": 61305510, "ADDDATE": "2024-03-29", "ADDTENANT": "17000F", "ADDUSER": "kikaku", "EDITDATE": "2024-03-29", "EDITTENANT": null, "EDITUSER": null, "X": -35043.249999998101, "Y": 65901.25 }, "geometry": { "type": "Point", "coordinates": [ 136.775011434546258, 36.593310705374513 ] } },
{ "type": "Feature", "properties": { "JYUSYU": "スギ", "JYUKO": 27.2, "CHOKKEI": 55.6, "TANBOKUZAISEKI": 2.624, "JUKANCHORITSU": 92, "KEIJOHI": 49, "SHURYOHISU": 0, "DATANENDO": 2023, "UNIQUENO": 61305511, "ADDDATE": "2024-03-29", "ADDTENANT": "17000F", "ADDUSER": "kikaku", "EDITDATE": "2024-03-29", "EDITTENANT": null, "EDITUSER": null, "X": -35031.25, "Y": 65901.25 }, "geometry": { "type": "Point", "coordinates": [ 136.77514554777531, 36.593311145994662 ] } },
{ "type": "Feature", "properties": { "JYUSYU": "スギ", "JYUKO": 27.7, "CHOKKEI": 55.8, "TANBOKUZAISEKI": 2.696, "JUKANCHORITSU": 39, "KEIJOHI": 50, "SHURYOHISU": 0, "DATANENDO": 2023, "UNIQUENO": 61305512, "ADDDATE": "2024-03-29", "ADDTENANT": "17000F", "ADDUSER": "kikaku", "EDITDATE": "2024-03-29", "EDITTENANT": null, "EDITUSER": null, "X": -35013.249999998101, "Y": 65901.25 }, "geometry": { "type": "Point", "coordinates": [ 136.775346717624416, 36.593311806641957 ] } },
{ "type": "Feature", "properties": { "JYUSYU": "スギ", "JYUKO": 17.1, "CHOKKEI": 31.3, "TANBOKUZAISEKI": 0.581, "JUKANCHORITSU": 53, "KEIJOHI": 55, "SHURYOHISU": 0, "DATANENDO": 2023, "UNIQUENO": 61305514, "ADDDATE": "2024-03-29", "ADDTENANT": "17000F", "ADDUSER": "kikaku", "EDITDATE": "2024-03-29", "EDITTENANT": null, "EDITUSER": null, "X": -35092.75, "Y": 65900.75 }, "geometry": { "type": "Point", "coordinates": [ 136.774458240310736, 36.59330438015585 ] } },
{ "type": "Feature", "properties": { "JYUSYU": "スギ", "JYUKO": 27.4, "CHOKKEI": 50.1, "TANBOKUZAISEKI": 2.188, "JUKANCHORITSU": 46, "KEIJOHI": 55, "SHURYOHISU": 0, "DATANENDO": 2023, "UNIQUENO": 61305515, "ADDDATE": "2024-03-29", "ADDTENANT": "17000F", "ADDUSER": "kikaku", "EDITDATE": "2024-03-29", "EDITTENANT": null, "EDITUSER": null, "X": -34990.25, "Y": 65900.75 }, "geometry": { "type": "Point", "coordinates": [ 136.775603790733612, 36.593308144242108 ] } },
{ "type": "Feature", "properties": { "JYUSYU": "スギ", "JYUKO": 25.6, "CHOKKEI": 45.6, "TANBOKUZAISEKI": 1.724, "JUKANCHORITSU": 64, "KEIJOHI": 56, "SHURYOHISU": 0, "DATANENDO": 2023, "UNIQUENO": 61305516, "ADDDATE": "2024-03-29", "ADDTENANT": "17000F", "ADDUSER": "kikaku", "EDITDATE": "2024-03-29", "EDITTENANT": null, "EDITUSER": null, "X": -34977.25, "Y": 65900.75 }, "geometry": { "type": "Point", "coordinates": [ 136.775749080070739, 36.593308620851694 ] } },
{ "type": "Feature", "properties": { "JYUSYU": "スギ", "JYUKO": 21.4, "CHOKKEI": 39.9, "TANBOKUZAISEKI": 1.128, "JUKANCHORITSU": 81, "KEIJOHI": 54, "SHURYOHISU": 0, "DATANENDO": 2023, "UNIQUENO": 61305518, "ADDDATE": "2024-03-29", "ADDTENANT": "17000F", "ADDUSER": "kikaku", "EDITDATE": "2024-03-29", "EDITTENANT": null, "EDITUSER": null, "X": -35065.75, "Y": 65900.250000001906 }, "geometry": { "type": "Point", "coordinates": [ 136.774760017821677, 36.593300866673658 ] } },
{ "type": "Feature", "properties": { "JYUSYU": "スギ", "JYUKO": 21.3, "CHOKKEI": 30.9, "TANBOKUZAISEKI": 0.707, "JUKANCHORITSU": 32, "KEIJOHI": 69, "SHURYOHISU": 0, "DATANENDO": 2023, "UNIQUENO": 61305520, "ADDDATE": "2024-03-29", "ADDTENANT": "17000F", "ADDUSER": "kikaku", "EDITDATE": "2024-03-29", "EDITTENANT": null, "EDITUSER": null, "X": -35037.25, "Y": 65899.749999998094 }, "geometry": { "type": "Point", "coordinates": [ 136.775078559462997, 36.593297407505815 ] } },
{ "type": "Feature", "properties": { "JYUSYU": "スギ", "JYUKO": 26.7, "CHOKKEI": 54.0, "TANBOKUZAISEKI": 2.45, "JUKANCHORITSU": 64, "KEIJOHI": 49, "SHURYOHISU": 0, "DATANENDO": 2023, "UNIQUENO": 61305521, "ADDDATE": "2024-03-29", "ADDTENANT": "17000F", "ADDUSER": "kikaku", "EDITDATE": "2024-03-29", "EDITTENANT": null, "EDITUSER": null, "X": -35007.749999999098, "Y": 65899.749999998094 }, "geometry": { "type": "Point", "coordinates": [ 136.775408254435774, 36.593298490240493 ] } },
{ "type": "Feature", "properties": { "JYUSYU": "スギ", "JYUKO": 23.0, "CHOKKEI": 36.5, "TANBOKUZAISEKI": 1.029, "JUKANCHORITSU": 45, "KEIJOHI": 63, "SHURYOHISU": 0, "DATANENDO": 2023, "UNIQUENO": 61305522, "ADDDATE": "2024-03-29", "ADDTENANT": "17000F", "ADDUSER": "kikaku", "EDITDATE": "2024-03-29", "EDITTENANT": null, "EDITUSER": null, "X": -35045.75, "Y": 65899.25 }, "geometry": { "type": "Point", "coordinates": [ 136.774983585382728, 36.593292589296361 ] } },
{ "type": "Feature", "properties": { "JYUSYU": "スギ", "JYUKO": 27.5, "CHOKKEI": 51.1, "TANBOKUZAISEKI": 2.276, "JUKANCHORITSU": 63, "KEIJOHI": 54, "SHURYOHISU": 0, "DATANENDO": 2023, "UNIQUENO": 61305523, "ADDDATE": "2024-03-29", "ADDTENANT": "17000F", "ADDUSER": "kikaku", "EDITDATE": "2024-03-29", "EDITTENANT": null, "EDITUSER": null, "X": -35051.749999998101, "Y": 65898.750000001906 }, "geometry": { "type": "Point", "coordinates": [ 136.774916551562143, 36.593287862848364 ] } },
{ "type": "Feature", "properties": { "JYUSYU": "スギ", "JYUKO": 24.0, "CHOKKEI": 42.0, "TANBOKUZAISEKI": 1.394, "JUKANCHORITSU": 36, "KEIJOHI": 57, "SHURYOHISU": 0, "DATANENDO": 2023, "UNIQUENO": 61305524, "ADDDATE": "2024-03-29", "ADDTENANT": "17000F", "ADDUSER": "kikaku", "EDITDATE": "2024-03-29", "EDITTENANT": null, "EDITUSER": null, "X": -35039.75, "Y": 65898.750000001906 }, "geometry": { "type": "Point", "coordinates": [ 136.775050664750125, 36.593288303575015 ] } },
{ "type": "Feature", "properties": { "JYUSYU": "スギ", "JYUKO": 24.3, "CHOKKEI": 43.9, "TANBOKUZAISEKI": 1.529, "JUKANCHORITSU": 37, "KEIJOHI": 55, "SHURYOHISU": 0, "DATANENDO": 2023, "UNIQUENO": 61305525, "ADDDATE": "2024-03-29", "ADDTENANT": "17000F", "ADDUSER": "kikaku", "EDITDATE": "2024-03-29", "EDITTENANT": null, "EDITUSER": null, "X": -34988.249999999098, "Y": 65898.750000001906 }, "geometry": { "type": "Point", "coordinates": [ 136.775626233881837, 36.593290193313507 ] } },
{ "type": "Feature", "properties": { "JYUSYU": "スギ", "JYUKO": 21.0, "CHOKKEI": 35.0, "TANBOKUZAISEKI": 0.874, "JUKANCHORITSU": 40, "KEIJOHI": 60, "SHURYOHISU": 0, "DATANENDO": 2023, "UNIQUENO": 61305527, "ADDDATE": "2024-03-29", "ADDTENANT": "17000F", "ADDUSER": "kikaku", "EDITDATE": "2024-03-29", "EDITTENANT": null, "EDITUSER": null, "X": -35126.249999999098, "Y": 65897.75 }, "geometry": { "type": "Point", "coordinates": [ 136.774083977902393, 36.59327611116305 ] } },
{ "type": "Feature", "properties": { "JYUSYU": "スギ", "JYUKO": 20.9, "CHOKKEI": 36.9, "TANBOKUZAISEKI": 0.956, "JUKANCHORITSU": 36, "KEIJOHI": 57, "SHURYOHISU": 0, "DATANENDO": 2023, "UNIQUENO": 61305528, "ADDDATE": "2024-03-29", "ADDTENANT": "17000F", "ADDUSER": "kikaku", "EDITDATE": "2024-03-29", "EDITTENANT": null, "EDITUSER": null, "X": -35121.749999999098, "Y": 65897.75 }, "geometry": { "type": "Point", "coordinates": [ 136.77413427033494, 36.593276276804488 ] } },
{ "type": "Feature", "properties": { "JYUSYU": "スギ", "JYUKO": 26.9, "CHOKKEI": 53.0, "TANBOKUZAISEKI": 2.384, "JUKANCHORITSU": 76, "KEIJOHI": 51, "SHURYOHISU": 0, "DATANENDO": 2023, "UNIQUENO": 61305529, "ADDDATE": "2024-03-29", "ADDTENANT": "17000F", "ADDUSER": "kikaku", "EDITDATE": "2024-03-29", "EDITTENANT": null, "EDITUSER": null, "X": -35113.75, "Y": 65897.75 }, "geometry": { "type": "Point", "coordinates": [ 136.774223679104892, 36.593276571225772 ] } },
{ "type": "Feature", "properties": { "JYUSYU": "スギ", "JYUKO": 22.6, "CHOKKEI": 29.9, "TANBOKUZAISEKI": 0.706, "JUKANCHORITSU": 20, "KEIJOHI": 76, "SHURYOHISU": 0, "DATANENDO": 2023, "UNIQUENO": 61305530, "ADDDATE": "2024-03-29", "ADDTENANT": "17000F", "ADDUSER": "kikaku", "EDITDATE": "2024-03-29", "EDITTENANT": null, "EDITUSER": null, "X": -35044.25, "Y": 65897.75 }, "geometry": { "type": "Point", "coordinates": [ 136.775000417848389, 36.593279126188477 ] } },
{ "type": "Feature", "properties": { "JYUSYU": "スギ", "JYUKO": 21.9, "CHOKKEI": 37.7, "TANBOKUZAISEKI": 1.041, "JUKANCHORITSU": 21, "KEIJOHI": 58, "SHURYOHISU": 0, "DATANENDO": 2023, "UNIQUENO": 61305531, "ADDDATE": "2024-03-29", "ADDTENANT": "17000F", "ADDUSER": "kikaku", "EDITDATE": "2024-03-29", "EDITTENANT": null, "EDITUSER": null, "X": -35019.249999999098, "Y": 65897.75 }, "geometry": { "type": "Point", "coordinates": [ 136.775279820298039, 36.593280044001972 ] } },
{ "type": "Feature", "properties": { "JYUSYU": "スギ", "JYUKO": 22.2, "CHOKKEI": 40.1, "TANBOKUZAISEKI": 1.182, "JUKANCHORITSU": 43, "KEIJOHI": 55, "SHURYOHISU": 0, "DATANENDO": 2023, "UNIQUENO": 61305533, "ADDDATE": "2024-03-29", "ADDTENANT": "17000F", "ADDUSER": "kikaku", "EDITDATE": "2024-03-29", "EDITTENANT": null, "EDITUSER": null, "X": -35046.75, "Y": 65896.750000003696 }, "geometry": { "type": "Point", "coordinates": [ 136.774972523151462, 36.593270022239473 ] } },
{ "type": "Feature", "properties": { "JYUSYU": "スギ", "JYUKO": 33.2, "CHOKKEI": 64.7, "TANBOKUZAISEKI": 4.221, "JUKANCHORITSU": 53, "KEIJOHI": 51, "SHURYOHISU": 0, "DATANENDO": 2023, "UNIQUENO": 61305536, "ADDDATE": "2024-03-29", "ADDTENANT": "17000F", "ADDUSER": "kikaku", "EDITDATE": "2024-03-29", "EDITTENANT": null, "EDITUSER": null, "X": -35026.249999999098, "Y": 65896.25 }, "geometry": { "type": "Point", "coordinates": [ 136.775201655891891, 36.59326626888231 ] } },
{ "type": "Feature", "properties": { "JYUSYU": "スギ", "JYUKO": 26.4, "CHOKKEI": 52.9, "TANBOKUZAISEKI": 2.328, "JUKANCHORITSU": 63, "KEIJOHI": 50, "SHURYOHISU": 0, "DATANENDO": 2023, "UNIQUENO": 61305537, "ADDDATE": "2024-03-29", "ADDTENANT": "17000F", "ADDUSER": "kikaku", "EDITDATE": "2024-03-29", "EDITTENANT": null, "EDITUSER": null, "X": -34998.75, "Y": 65896.25 }, "geometry": { "type": "Point", "coordinates": [ 136.775508998543614, 36.593267277921925 ] } },
{ "type": "Feature", "properties": { "JYUSYU": "スギ", "JYUKO": 27.2, "CHOKKEI": 55.4, "TANBOKUZAISEKI": 2.606, "JUKANCHORITSU": 78, "KEIJOHI": 49, "SHURYOHISU": 0, "DATANENDO": 2023, "UNIQUENO": 61305538, "ADDDATE": "2024-03-29", "ADDTENANT": "17000F", "ADDUSER": "kikaku", "EDITDATE": "2024-03-29", "EDITTENANT": null, "EDITUSER": null, "X": -35060.249999998101, "Y": 65895.750000001906 }, "geometry": { "type": "Point", "coordinates": [ 136.774821691416975, 36.593260514181097 ] } },
{ "type": "Feature", "properties": { "JYUSYU": "スギ", "JYUKO": 23.4, "CHOKKEI": 44.0, "TANBOKUZAISEKI": 1.472, "JUKANCHORITSU": 43, "KEIJOHI": 53, "SHURYOHISU": 0, "DATANENDO": 2023, "UNIQUENO": 61305539, "ADDDATE": "2024-03-29", "ADDTENANT": "17000F", "ADDUSER": "kikaku", "EDITDATE": "2024-03-29", "EDITTENANT": null, "EDITUSER": null, "X": -34978.249999999098, "Y": 65895.750000001906 }, "geometry": { "type": "Point", "coordinates": [ 136.775738131259402, 36.593263523533281 ] } },
{ "type": "Feature", "properties": { "JYUSYU": "スギ", "JYUKO": 23.4, "CHOKKEI": 39.9, "TANBOKUZAISEKI": 1.231, "JUKANCHORITSU": 40, "KEIJOHI": 59, "SHURYOHISU": 0, "DATANENDO": 2023, "UNIQUENO": 61305541, "ADDDATE": "2024-03-29", "ADDTENANT": "17000F", "ADDUSER": "kikaku", "EDITDATE": "2024-03-29", "EDITTENANT": null, "EDITUSER": null, "X": -35116.75, "Y": 65895.250000003696 }, "geometry": { "type": "Point", "coordinates": [ 136.774190264911681, 36.593253930498562 ] } },
{ "type": "Feature", "properties": { "JYUSYU": "スギ", "JYUKO": 25.8, "CHOKKEI": 48.2, "TANBOKUZAISEKI": 1.927, "JUKANCHORITSU": 47, "KEIJOHI": 54, "SHURYOHISU": 0, "DATANENDO": 2023, "UNIQUENO": 61305542, "ADDDATE": "2024-03-29", "ADDTENANT": "17000F", "ADDUSER": "kikaku", "EDITDATE": "2024-03-29", "EDITTENANT": null, "EDITUSER": null, "X": -34990.25, "Y": 65895.250000003696 }, "geometry": { "type": "Point", "coordinates": [ 136.775604040840193, 36.593258577514227 ] } },
{ "type": "Feature", "properties": { "JYUSYU": "スギ", "JYUKO": 21.6, "CHOKKEI": 28.7, "TANBOKUZAISEKI": 0.622, "JUKANCHORITSU": 19, "KEIJOHI": 75, "SHURYOHISU": 0, "DATANENDO": 2023, "UNIQUENO": 61305546, "ADDDATE": "2024-03-29", "ADDTENANT": "17000F", "ADDUSER": "kikaku", "EDITDATE": "2024-03-29", "EDITTENANT": null, "EDITUSER": null, "X": -35056.249999999098, "Y": 65894.250000001906 }, "geometry": { "type": "Point", "coordinates": [ 136.774866464135812, 36.59324714294484 ] } },
{ "type": "Feature", "properties": { "JYUSYU": "スギ", "JYUKO": 22.4, "CHOKKEI": 37.0, "TANBOKUZAISEKI": 1.027, "JUKANCHORITSU": 46, "KEIJOHI": 61, "SHURYOHISU": 0, "DATANENDO": 2023, "UNIQUENO": 61305547, "ADDDATE": "2024-03-29", "ADDTENANT": "17000F", "ADDUSER": "kikaku", "EDITDATE": "2024-03-29", "EDITTENANT": null, "EDITUSER": null, "X": -35053.749999999098, "Y": 65894.250000001906 }, "geometry": { "type": "Point", "coordinates": [ 136.77489440436824, 36.593247234787 ] } },
{ "type": "Feature", "properties": { "JYUSYU": "スギ", "JYUKO": 25.8, "CHOKKEI": 40.1, "TANBOKUZAISEKI": 1.374, "JUKANCHORITSU": 36, "KEIJOHI": 64, "SHURYOHISU": 0, "DATANENDO": 2023, "UNIQUENO": 61305548, "ADDDATE": "2024-03-29", "ADDTENANT": "17000F", "ADDUSER": "kikaku", "EDITDATE": "2024-03-29", "EDITTENANT": null, "EDITUSER": null, "X": -35041.25, "Y": 65894.250000001906 }, "geometry": { "type": "Point", "coordinates": [ 136.775034105532228, 36.593247693899521 ] } },
{ "type": "Feature", "properties": { "JYUSYU": "スギ", "JYUKO": 17.3, "CHOKKEI": 33.2, "TANBOKUZAISEKI": 0.651, "JUKANCHORITSU": 30, "KEIJOHI": 52, "SHURYOHISU": 0, "DATANENDO": 2023, "UNIQUENO": 61305549, "ADDDATE": "2024-03-29", "ADDTENANT": "17000F", "ADDUSER": "kikaku", "EDITDATE": "2024-03-29", "EDITTENANT": null, "EDITUSER": null, "X": -35015.249999999098, "Y": 65894.250000001906 }, "geometry": { "type": "Point", "coordinates": [ 136.775324683963447, 36.593248648329094 ] } },
{ "type": "Feature", "properties": { "JYUSYU": "スギ", "JYUKO": 27.8, "CHOKKEI": 52.2, "TANBOKUZAISEKI": 2.391, "JUKANCHORITSU": 64, "KEIJOHI": 53, "SHURYOHISU": 0, "DATANENDO": 2023, "UNIQUENO": 61305550, "ADDDATE": "2024-03-29", "ADDTENANT": "17000F", "ADDUSER": "kikaku", "EDITDATE": "2024-03-29", "EDITTENANT": null, "EDITUSER": null, "X": -35038.75, "Y": 65893.750000003696 }, "geometry": { "type": "Point", "coordinates": [ 136.775062068533828, 36.593243279636482 ] } },
{ "type": "Feature", "properties": { "JYUSYU": "スギ", "JYUKO": 15.2, "CHOKKEI": 29.2, "TANBOKUZAISEKI": 0.456, "JUKANCHORITSU": 59, "KEIJOHI": 52, "SHURYOHISU": 0, "DATANENDO": 2023, "UNIQUENO": 61305552, "ADDDATE": "2024-03-29", "ADDTENANT": "17000F", "ADDUSER": "kikaku", "EDITDATE": "2024-03-29", "EDITTENANT": null, "EDITUSER": null, "X": -35127.249999999098, "Y": 65892.750000001906 }, "geometry": { "type": "Point", "coordinates": [ 136.774073030065807, 36.593231013697256 ] } },
{ "type": "Feature", "properties": { "JYUSYU": "スギ", "JYUKO": 22.9, "CHOKKEI": 37.7, "TANBOKUZAISEKI": 1.085, "JUKANCHORITSU": 45, "KEIJOHI": 61, "SHURYOHISU": 0, "DATANENDO": 2023, "UNIQUENO": 61305553, "ADDDATE": "2024-03-29", "ADDTENANT": "17000F", "ADDUSER": "kikaku", "EDITDATE": "2024-03-29", "EDITTENANT": null, "EDITUSER": null, "X": -35118.25, "Y": 65892.750000001906 }, "geometry": { "type": "Point", "coordinates": [ 136.774173614872609, 36.593231344967819 ] } },
{ "type": "Feature", "properties": { "JYUSYU": "スギ", "JYUKO": 25.9, "CHOKKEI": 48.7, "TANBOKUZAISEKI": 1.967, "JUKANCHORITSU": 70, "KEIJOHI": 53, "SHURYOHISU": 0, "DATANENDO": 2023, "UNIQUENO": 61305554, "ADDDATE": "2024-03-29", "ADDTENANT": "17000F", "ADDUSER": "kikaku", "EDITDATE": "2024-03-29", "EDITTENANT": null, "EDITUSER": null, "X": -35110.75, "Y": 65892.750000001906 }, "geometry": { "type": "Point", "coordinates": [ 136.77425743554619, 36.593231620961781 ] } },
{ "type": "Feature", "properties": { "JYUSYU": "スギ", "JYUKO": 28.1, "CHOKKEI": 48.0, "TANBOKUZAISEKI": 2.069, "JUKANCHORITSU": 80, "KEIJOHI": 59, "SHURYOHISU": 0, "DATANENDO": 2023, "UNIQUENO": 61305555, "ADDDATE": "2024-03-29", "ADDTENANT": "17000F", "ADDUSER": "kikaku", "EDITDATE": "2024-03-29", "EDITTENANT": null, "EDITUSER": null, "X": -35028.25, "Y": 65892.750000001906 }, "geometry": { "type": "Point", "coordinates": [ 136.775179463030923, 36.59323465300492 ] } },
{ "type": "Feature", "properties": { "JYUSYU": "スギ", "JYUKO": 21.8, "CHOKKEI": 41.0, "TANBOKUZAISEKI": 1.209, "JUKANCHORITSU": 29, "KEIJOHI": 53, "SHURYOHISU": 0, "DATANENDO": 2023, "UNIQUENO": 61305556, "ADDDATE": "2024-03-29", "ADDTENANT": "17000F", "ADDUSER": "kikaku", "EDITDATE": "2024-03-29", "EDITTENANT": null, "EDITUSER": null, "X": -35020.749999999098, "Y": 65892.250000003696 }, "geometry": { "type": "Point", "coordinates": [ 136.775263306474926, 36.593230422225538 ] } },
{ "type": "Feature", "properties": { "JYUSYU": "スギ", "JYUKO": 16.5, "CHOKKEI": 27.1, "TANBOKUZAISEKI": 0.43, "JUKANCHORITSU": 31, "KEIJOHI": 61, "SHURYOHISU": 0, "DATANENDO": 2023, "UNIQUENO": 61305557, "ADDDATE": "2024-03-29", "ADDTENANT": "17000F", "ADDUSER": "kikaku", "EDITDATE": "2024-03-29", "EDITTENANT": null, "EDITUSER": null, "X": -35014.749999998101, "Y": 65891.75 }, "geometry": { "type": "Point", "coordinates": [ 136.775330385774481, 36.593226136346239 ] } },
{ "type": "Feature", "properties": { "JYUSYU": "スギ", "JYUKO": 23.8, "CHOKKEI": 46.3, "TANBOKUZAISEKI": 1.65, "JUKANCHORITSU": 70, "KEIJOHI": 51, "SHURYOHISU": 0, "DATANENDO": 2023, "UNIQUENO": 61305561, "ADDDATE": "2024-03-29", "ADDTENANT": "17000F", "ADDUSER": "kikaku", "EDITDATE": "2024-03-29", "EDITTENANT": null, "EDITUSER": null, "X": -35122.25, "Y": 65891.250000001906 }, "geometry": { "type": "Point", "coordinates": [ 136.774128978981821, 36.593217679550669 ] } },
{ "type": "Feature", "properties": { "JYUSYU": "スギ", "JYUKO": 19.7, "CHOKKEI": 37.4, "TANBOKUZAISEKI": 0.927, "JUKANCHORITSU": 55, "KEIJOHI": 53, "SHURYOHISU": 0, "DATANENDO": 2023, "UNIQUENO": 61305562, "ADDDATE": "2024-03-29", "ADDTENANT": "17000F", "ADDUSER": "kikaku", "EDITDATE": "2024-03-29", "EDITTENANT": null, "EDITUSER": null, "X": -35055.25, "Y": 65891.250000001906 }, "geometry": { "type": "Point", "coordinates": [ 136.774877776903622, 36.59322014328756 ] } },
{ "type": "Feature", "properties": { "JYUSYU": "スギ", "JYUKO": 27.1, "CHOKKEI": 49.5, "TANBOKUZAISEKI": 2.123, "JUKANCHORITSU": 78, "KEIJOHI": 55, "SHURYOHISU": 0, "DATANENDO": 2023, "UNIQUENO": 61305563, "ADDDATE": "2024-03-29", "ADDTENANT": "17000F", "ADDUSER": "kikaku", "EDITDATE": "2024-03-29", "EDITTENANT": null, "EDITUSER": null, "X": -35000.25, "Y": 65891.250000001906 }, "geometry": { "type": "Point", "coordinates": [ 136.775492461832698, 36.593222162242412 ] } },
{ "type": "Feature", "properties": { "JYUSYU": "スギ", "JYUKO": 25.3, "CHOKKEI": 40.0, "TANBOKUZAISEKI": 1.338, "JUKANCHORITSU": 43, "KEIJOHI": 63, "SHURYOHISU": 0, "DATANENDO": 2023, "UNIQUENO": 61305564, "ADDDATE": "2024-03-29", "ADDTENANT": "17000F", "ADDUSER": "kikaku", "EDITDATE": "2024-03-29", "EDITTENANT": null, "EDITUSER": null, "X": -34995.249999999098, "Y": 65890.750000001906 }, "geometry": { "type": "Point", "coordinates": [ 136.77554836502398, 36.593217839560388 ] } },
{ "type": "Feature", "properties": { "JYUSYU": "スギ", "JYUKO": 17.5, "CHOKKEI": 23.5, "TANBOKUZAISEKI": 0.352, "JUKANCHORITSU": 44, "KEIJOHI": 75, "SHURYOHISU": 0, "DATANENDO": 2023, "UNIQUENO": 61305565, "ADDDATE": "2024-03-29", "ADDTENANT": "17000F", "ADDUSER": "kikaku", "EDITDATE": "2024-03-29", "EDITTENANT": null, "EDITUSER": null, "X": -34978.75, "Y": 65890.750000001906 }, "geometry": { "type": "Point", "coordinates": [ 136.775732770505584, 36.593218444542153 ] } },
{ "type": "Feature", "properties": { "JYUSYU": "スギ", "JYUKO": 19.6, "CHOKKEI": 40.3, "TANBOKUZAISEKI": 1.056, "JUKANCHORITSU": 66, "KEIJOHI": 49, "SHURYOHISU": 0, "DATANENDO": 2023, "UNIQUENO": 61305568, "ADDDATE": "2024-03-29", "ADDTENANT": "17000F", "ADDUSER": "kikaku", "EDITDATE": "2024-03-29", "EDITTENANT": null, "EDITUSER": null, "X": -35009.75, "Y": 65889.750000001906 }, "geometry": { "type": "Point", "coordinates": [ 136.775386357225614, 36.593208295542006 ] } },
{ "type": "Feature", "properties": { "JYUSYU": "スギ", "JYUKO": 24.0, "CHOKKEI": 47.4, "TANBOKUZAISEKI": 1.734, "JUKANCHORITSU": 57, "KEIJOHI": 51, "SHURYOHISU": 0, "DATANENDO": 2023, "UNIQUENO": 61305569, "ADDDATE": "2024-03-29", "ADDTENANT": "17000F", "ADDUSER": "kikaku", "EDITDATE": "2024-03-29", "EDITTENANT": null, "EDITUSER": null, "X": -34984.750000000902, "Y": 65889.750000001906 }, "geometry": { "type": "Point", "coordinates": [ 136.775665759432798, 36.593209212449274 ] } },
{ "type": "Feature", "properties": { "JYUSYU": "スギ", "JYUKO": 30.6, "CHOKKEI": 54.9, "TANBOKUZAISEKI": 2.888, "JUKANCHORITSU": 42, "KEIJOHI": 56, "SHURYOHISU": 0, "DATANENDO": 2023, "UNIQUENO": 61305572, "ADDDATE": "2024-03-29", "ADDTENANT": "17000F", "ADDUSER": "kikaku", "EDITDATE": "2024-03-29", "EDITTENANT": null, "EDITUSER": null, "X": -35027.749999999098, "Y": 65889.250000001906 }, "geometry": { "type": "Point", "coordinates": [ 136.77518521040551, 36.593203128897215 ] } },
{ "type": "Feature", "properties": { "JYUSYU": "スギ", "JYUKO": 20.3, "CHOKKEI": 40.0, "TANBOKUZAISEKI": 1.075, "JUKANCHORITSU": 75, "KEIJOHI": 51, "SHURYOHISU": 0, "DATANENDO": 2023, "UNIQUENO": 61305573, "ADDDATE": "2024-03-29", "ADDTENANT": "17000F", "ADDUSER": "kikaku", "EDITDATE": "2024-03-29", "EDITTENANT": null, "EDITUSER": null, "X": -35065.25, "Y": 65888.75 }, "geometry": { "type": "Point", "coordinates": [ 136.774766129942037, 36.593197245535372 ] } },
{ "type": "Feature", "properties": { "JYUSYU": "スギ", "JYUKO": 29.2, "CHOKKEI": 51.6, "TANBOKUZAISEKI": 2.467, "JUKANCHORITSU": 46, "KEIJOHI": 57, "SHURYOHISU": 0, "DATANENDO": 2023, "UNIQUENO": 61305574, "ADDDATE": "2024-03-29", "ADDTENANT": "17000F", "ADDUSER": "kikaku", "EDITDATE": "2024-03-29", "EDITTENANT": null, "EDITUSER": null, "X": -34992.249999999098, "Y": 65888.75 }, "geometry": { "type": "Point", "coordinates": [ 136.775581984245662, 36.593199925313392 ] } },
{ "type": "Feature", "properties": { "JYUSYU": "スギ", "JYUKO": 37.9, "CHOKKEI": 77.6, "TANBOKUZAISEKI": 6.706, "JUKANCHORITSU": 81, "KEIJOHI": 49, "SHURYOHISU": 0, "DATANENDO": 2023, "UNIQUENO": 61305576, "ADDDATE": "2024-03-29", "ADDTENANT": "17000F", "ADDUSER": "kikaku", "EDITDATE": "2024-03-29", "EDITTENANT": null, "EDITUSER": null, "X": -35045.75, "Y": 65888.250000001906 }, "geometry": { "type": "Point", "coordinates": [ 136.774984086388258, 36.593193455847214 ] } },
{ "type": "Feature", "properties": { "JYUSYU": "スギ", "JYUKO": 22.0, "CHOKKEI": 38.7, "TANBOKUZAISEKI": 1.099, "JUKANCHORITSU": 38, "KEIJOHI": 57, "SHURYOHISU": 0, "DATANENDO": 2023, "UNIQUENO": 61305577, "ADDDATE": "2024-03-29", "ADDTENANT": "17000F", "ADDUSER": "kikaku", "EDITDATE": "2024-03-29", "EDITTENANT": null, "EDITUSER": null, "X": -35012.75, "Y": 65888.250000001906 }, "geometry": { "type": "Point", "coordinates": [ 136.775352897216067, 36.593194667270808 ] } },
{ "type": "Feature", "properties": { "JYUSYU": "スギ", "JYUKO": 25.0, "CHOKKEI": 51.4, "TANBOKUZAISEKI": 2.091, "JUKANCHORITSU": 66, "KEIJOHI": 49, "SHURYOHISU": 0, "DATANENDO": 2023, "UNIQUENO": 61305578, "ADDDATE": "2024-03-29", "ADDTENANT": "17000F", "ADDUSER": "kikaku", "EDITDATE": "2024-03-29", "EDITTENANT": null, "EDITUSER": null, "X": -35037.749999999098, "Y": 65887.750000001906 }, "geometry": { "type": "Point", "coordinates": [ 136.775073517839502, 36.593189243564495 ] } },
{ "type": "Feature", "properties": { "JYUSYU": "スギ", "JYUKO": 13.6, "CHOKKEI": 25.4, "TANBOKUZAISEKI": 0.316, "JUKANCHORITSU": 57, "KEIJOHI": 54, "SHURYOHISU": 0, "DATANENDO": 2023, "UNIQUENO": 61305579, "ADDDATE": "2024-03-29", "ADDTENANT": "17000F", "ADDUSER": "kikaku", "EDITDATE": "2024-03-29", "EDITTENANT": null, "EDITUSER": null, "X": -35114.249999998101, "Y": 65887.25 }, "geometry": { "type": "Point", "coordinates": [ 136.774218570223695, 36.593181925451567 ] } },
{ "type": "Feature", "properties": { "JYUSYU": "スギ", "JYUKO": 31.0, "CHOKKEI": 60.2, "TANBOKUZAISEKI": 3.454, "JUKANCHORITSU": 69, "KEIJOHI": 52, "SHURYOHISU": 0, "DATANENDO": 2023, "UNIQUENO": 61305580, "ADDDATE": "2024-03-29", "ADDTENANT": "17000F", "ADDUSER": "kikaku", "EDITDATE": "2024-03-29", "EDITTENANT": null, "EDITUSER": null, "X": -35059.249999999098, "Y": 65887.25 }, "geometry": { "type": "Point", "coordinates": [ 136.774833254801166, 36.593183947804242 ] } },
{ "type": "Feature", "properties": { "JYUSYU": "スギ", "JYUKO": 24.1, "CHOKKEI": 36.5, "TANBOKUZAISEKI": 1.079, "JUKANCHORITSU": 25, "KEIJOHI": 66, "SHURYOHISU": 0, "DATANENDO": 2023, "UNIQUENO": 61305581, "ADDDATE": "2024-03-29", "ADDTENANT": "17000F", "ADDUSER": "kikaku", "EDITDATE": "2024-03-29", "EDITTENANT": null, "EDITUSER": null, "X": -34998.75, "Y": 65887.25 }, "geometry": { "type": "Point", "coordinates": [ 136.775509407907151, 36.593186168730917 ] } },
{ "type": "Feature", "properties": { "JYUSYU": "スギ", "JYUKO": 22.9, "CHOKKEI": 29.7, "TANBOKUZAISEKI": 0.703, "JUKANCHORITSU": 28, "KEIJOHI": 77, "SHURYOHISU": 0, "DATANENDO": 2023, "UNIQUENO": 61305582, "ADDDATE": "2024-03-29", "ADDTENANT": "17000F", "ADDUSER": "kikaku", "EDITDATE": "2024-03-29", "EDITTENANT": null, "EDITUSER": null, "X": -34989.249999999098, "Y": 65886.75 }, "geometry": { "type": "Point", "coordinates": [ 136.775615603451854, 36.59318201105679 ] } },
{ "type": "Feature", "properties": { "JYUSYU": "スギ", "JYUKO": 23.5, "CHOKKEI": 34.4, "TANBOKUZAISEKI": 0.949, "JUKANCHORITSU": 32, "KEIJOHI": 68, "SHURYOHISU": 0, "DATANENDO": 2023, "UNIQUENO": 61305583, "ADDDATE": "2024-03-29", "ADDTENANT": "17000F", "ADDUSER": "kikaku", "EDITDATE": "2024-03-29", "EDITTENANT": null, "EDITUSER": null, "X": -34986.249999998101, "Y": 65886.75 }, "geometry": { "type": "Point", "coordinates": [ 136.77564913170562, 36.593182121055705 ] } },
{ "type": "Feature", "properties": { "JYUSYU": "スギ", "JYUKO": 9.8, "CHOKKEI": 19.5, "TANBOKUZAISEKI": 0.14, "JUKANCHORITSU": 87, "KEIJOHI": 50, "SHURYOHISU": 0, "DATANENDO": 2023, "UNIQUENO": 61305584, "ADDDATE": "2024-03-29", "ADDTENANT": "17000F", "ADDUSER": "kikaku", "EDITDATE": "2024-03-29", "EDITTENANT": null, "EDITUSER": null, "X": -35110.249999999098, "Y": 65886.250000001906 }, "geometry": { "type": "Point", "coordinates": [ 136.774263320184161, 36.59317306050761 ] } },
{ "type": "Feature", "properties": { "JYUSYU": "スギ", "JYUKO": 27.6, "CHOKKEI": 56.5, "TANBOKUZAISEKI": 2.748, "JUKANCHORITSU": 64, "KEIJOHI": 49, "SHURYOHISU": 0, "DATANENDO": 2023, "UNIQUENO": 61305585, "ADDDATE": "2024-03-29", "ADDTENANT": "17000F", "ADDUSER": "kikaku", "EDITDATE": "2024-03-29", "EDITTENANT": null, "EDITUSER": null, "X": -35075.25, "Y": 65886.250000001906 }, "geometry": { "type": "Point", "coordinates": [ 136.774654483047357, 36.593174347678953 ] } },
{ "type": "Feature", "properties": { "JYUSYU": "スギ", "JYUKO": 19.1, "CHOKKEI": 23.4, "TANBOKUZAISEKI": 0.382, "JUKANCHORITSU": 17, "KEIJOHI": 82, "SHURYOHISU": 0, "DATANENDO": 2023, "UNIQUENO": 61305586, "ADDDATE": "2024-03-29", "ADDTENANT": "17000F", "ADDUSER": "kikaku", "EDITDATE": "2024-03-29", "EDITTENANT": null, "EDITUSER": null, "X": -35064.25, "Y": 65886.250000001906 }, "geometry": { "type": "Point", "coordinates": [ 136.774777419952358, 36.593174751953384 ] } },
{ "type": "Feature", "properties": { "JYUSYU": "スギ", "JYUKO": 28.4, "CHOKKEI": 51.2, "TANBOKUZAISEKI": 2.353, "JUKANCHORITSU": 58, "KEIJOHI": 56, "SHURYOHISU": 0, "DATANENDO": 2023, "UNIQUENO": 61305587, "ADDDATE": "2024-03-29", "ADDTENANT": "17000F", "ADDUSER": "kikaku", "EDITDATE": "2024-03-29", "EDITTENANT": null, "EDITUSER": null, "X": -35004.25, "Y": 65886.250000001906 }, "geometry": { "type": "Point", "coordinates": [ 136.775447984931816, 36.593176954854684 ] } },
{ "type": "Feature", "properties": { "JYUSYU": "スギ", "JYUKO": 31.5, "CHOKKEI": 57.6, "TANBOKUZAISEKI": 3.249, "JUKANCHORITSU": 51, "KEIJOHI": 55, "SHURYOHISU": 0, "DATANENDO": 2023, "UNIQUENO": 61305590, "ADDDATE": "2024-03-29", "ADDTENANT": "17000F", "ADDUSER": "kikaku", "EDITDATE": "2024-03-29", "EDITTENANT": null, "EDITUSER": null, "X": -35020.749999999098, "Y": 65885.75 }, "geometry": { "type": "Point", "coordinates": [ 136.775263602311867, 36.593171843366797 ] } },
{ "type": "Feature", "properties": { "JYUSYU": "スギ", "JYUKO": 24.8, "CHOKKEI": 47.0, "TANBOKUZAISEKI": 1.761, "JUKANCHORITSU": 47, "KEIJOHI": 53, "SHURYOHISU": 0, "DATANENDO": 2023, "UNIQUENO": 61305591, "ADDDATE": "2024-03-29", "ADDTENANT": "17000F", "ADDUSER": "kikaku", "EDITDATE": "2024-03-29", "EDITTENANT": null, "EDITUSER": null, "X": -35067.749999999098, "Y": 65885.25 }, "geometry": { "type": "Point", "coordinates": [ 136.774738349238504, 36.593165611202757 ] } },
{ "type": "Feature", "properties": { "JYUSYU": "スギ", "JYUKO": 26.2, "CHOKKEI": 39.9, "TANBOKUZAISEKI": 1.381, "JUKANCHORITSU": 40, "KEIJOHI": 66, "SHURYOHISU": 0, "DATANENDO": 2023, "UNIQUENO": 61305592, "ADDDATE": "2024-03-29", "ADDTENANT": "17000F", "ADDUSER": "kikaku", "EDITDATE": "2024-03-29", "EDITTENANT": null, "EDITUSER": null, "X": -34995.249999999098, "Y": 65884.750000001906 }, "geometry": { "type": "Point", "coordinates": [ 136.775548637905246, 36.593163766765798 ] } },
{ "type": "Feature", "properties": { "JYUSYU": "スギ", "JYUKO": 29.3, "CHOKKEI": 44.7, "TANBOKUZAISEKI": 1.904, "JUKANCHORITSU": 47, "KEIJOHI": 66, "SHURYOHISU": 0, "DATANENDO": 2023, "UNIQUENO": 61305593, "ADDDATE": "2024-03-29", "ADDTENANT": "17000F", "ADDUSER": "kikaku", "EDITDATE": "2024-03-29", "EDITTENANT": null, "EDITUSER": null, "X": -35024.25, "Y": 65884.25 }, "geometry": { "type": "Point", "coordinates": [ 136.775224554299569, 36.593158196709155 ] } },
{ "type": "Feature", "properties": { "JYUSYU": "スギ", "JYUKO": 24.2, "CHOKKEI": 40.3, "TANBOKUZAISEKI": 1.299, "JUKANCHORITSU": 34, "KEIJOHI": 60, "SHURYOHISU": 0, "DATANENDO": 2023, "UNIQUENO": 61305594, "ADDDATE": "2024-03-29", "ADDTENANT": "17000F", "ADDUSER": "kikaku", "EDITDATE": "2024-03-29", "EDITTENANT": null, "EDITUSER": null, "X": -34999.249999999098, "Y": 65884.25 }, "geometry": { "type": "Point", "coordinates": [ 136.775503956320762, 36.593159113994645 ] } },
{ "type": "Feature", "properties": { "JYUSYU": "スギ", "JYUKO": 35.1, "CHOKKEI": 62.7, "TANBOKUZAISEKI": 4.218, "JUKANCHORITSU": 80, "KEIJOHI": 56, "SHURYOHISU": 0, "DATANENDO": 2023, "UNIQUENO": 61305595, "ADDDATE": "2024-03-29", "ADDTENANT": "17000F", "ADDUSER": "kikaku", "EDITDATE": "2024-03-29", "EDITTENANT": null, "EDITUSER": null, "X": -35028.25, "Y": 65883.75 }, "geometry": { "type": "Point", "coordinates": [ 136.775179872738875, 36.593153543816662 ] } },
{ "type": "Feature", "properties": { "JYUSYU": "スギ", "JYUKO": 27.0, "CHOKKEI": 45.3, "TANBOKUZAISEKI": 1.795, "JUKANCHORITSU": 44, "KEIJOHI": 60, "SHURYOHISU": 0, "DATANENDO": 2023, "UNIQUENO": 61305596, "ADDDATE": "2024-03-29", "ADDTENANT": "17000F", "ADDUSER": "kikaku", "EDITDATE": "2024-03-29", "EDITTENANT": null, "EDITUSER": null, "X": -35016.749999999098, "Y": 65883.75 }, "geometry": { "type": "Point", "coordinates": [ 136.775308397658648, 36.593153965897464 ] } },
{ "type": "Feature", "properties": { "JYUSYU": "スギ", "JYUKO": 24.5, "CHOKKEI": 42.6, "TANBOKUZAISEKI": 1.459, "JUKANCHORITSU": 49, "KEIJOHI": 58, "SHURYOHISU": 0, "DATANENDO": 2023, "UNIQUENO": 61305598, "ADDDATE": "2024-03-29", "ADDTENANT": "17000F", "ADDUSER": "kikaku", "EDITDATE": "2024-03-29", "EDITTENANT": null, "EDITUSER": null, "X": -34992.75, "Y": 65883.250000001906 }, "geometry": { "type": "Point", "coordinates": [ 136.775576646325192, 36.593150340249103 ] } },
{ "type": "Feature", "properties": { "JYUSYU": "スギ", "JYUKO": 17.4, "CHOKKEI": 22.9, "TANBOKUZAISEKI": 0.334, "JUKANCHORITSU": 19, "KEIJOHI": 76, "SHURYOHISU": 0, "DATANENDO": 2023, "UNIQUENO": 61305602, "ADDDATE": "2024-03-29", "ADDTENANT": "17000F", "ADDUSER": "kikaku", "EDITDATE": "2024-03-29", "EDITTENANT": null, "EDITUSER": null, "X": -35115.749999998101, "Y": 65882.75 }, "geometry": { "type": "Point", "coordinates": [ 136.774202011465036, 36.593141315662493 ] } },
{ "type": "Feature", "properties": { "JYUSYU": "スギ", "JYUKO": 24.7, "CHOKKEI": 41.4, "TANBOKUZAISEKI": 1.393, "JUKANCHORITSU": 41, "KEIJOHI": 60, "SHURYOHISU": 0, "DATANENDO": 2023, "UNIQUENO": 61305603, "ADDDATE": "2024-03-29", "ADDTENANT": "17000F", "ADDUSER": "kikaku", "EDITDATE": "2024-03-29", "EDITTENANT": null, "EDITUSER": null, "X": -35004.749999998101, "Y": 65882.75 }, "geometry": { "type": "Point", "coordinates": [ 136.775442556113745, 36.593145394049472 ] } },
{ "type": "Feature", "properties": { "JYUSYU": "スギ", "JYUKO": 25.3, "CHOKKEI": 42.8, "TANBOKUZAISEKI": 1.52, "JUKANCHORITSU": 27, "KEIJOHI": 59, "SHURYOHISU": 0, "DATANENDO": 2023, "UNIQUENO": 61305604, "ADDDATE": "2024-03-29", "ADDTENANT": "17000F", "ADDUSER": "kikaku", "EDITDATE": "2024-03-29", "EDITTENANT": null, "EDITUSER": null, "X": -34986.749999999098, "Y": 65882.75 }, "geometry": { "type": "Point", "coordinates": [ 136.775643725539709, 36.593146054192907 ] } },
{ "type": "Feature", "properties": { "JYUSYU": "スギ", "JYUKO": 17.3, "CHOKKEI": 21.8, "TANBOKUZAISEKI": 0.303, "JUKANCHORITSU": 25, "KEIJOHI": 79, "SHURYOHISU": 0, "DATANENDO": 2023, "UNIQUENO": 61305605, "ADDDATE": "2024-03-29", "ADDTENANT": "17000F", "ADDUSER": "kikaku", "EDITDATE": "2024-03-29", "EDITTENANT": null, "EDITUSER": null, "X": -35111.25, "Y": 65882.25 }, "geometry": { "type": "Point", "coordinates": [ 136.774252326626225, 36.593136975188045 ] } },
{ "type": "Feature", "properties": { "JYUSYU": "スギ", "JYUKO": 18.2, "CHOKKEI": 35.1, "TANBOKUZAISEKI": 0.759, "JUKANCHORITSU": 89, "KEIJOHI": 52, "SHURYOHISU": 0, "DATANENDO": 2023, "UNIQUENO": 61305606, "ADDDATE": "2024-03-29", "ADDTENANT": "17000F", "ADDUSER": "kikaku", "EDITDATE": "2024-03-29", "EDITTENANT": null, "EDITUSER": null, "X": -35108.25, "Y": 65882.25 }, "geometry": { "type": "Point", "coordinates": [ 136.774285854855009, 36.593137085570334 ] } },
{ "type": "Feature", "properties": { "JYUSYU": "スギ", "JYUKO": 18.3, "CHOKKEI": 29.8, "TANBOKUZAISEKI": 0.569, "JUKANCHORITSU": 20, "KEIJOHI": 61, "SHURYOHISU": 0, "DATANENDO": 2023, "UNIQUENO": 61305608, "ADDDATE": "2024-03-29", "ADDTENANT": "17000F", "ADDUSER": "kikaku", "EDITDATE": "2024-03-29", "EDITTENANT": null, "EDITUSER": null, "X": -35113.75, "Y": 65881.750000001906 }, "geometry": { "type": "Point", "coordinates": [ 136.774224409252724, 36.59313237713009 ] } },
{ "type": "Feature", "properties": { "JYUSYU": "スギ", "JYUKO": 14.6, "CHOKKEI": 30.2, "TANBOKUZAISEKI": 0.465, "JUKANCHORITSU": 53, "KEIJOHI": 48, "SHURYOHISU": 0, "DATANENDO": 2023, "UNIQUENO": 61305609, "ADDDATE": "2024-03-29", "ADDTENANT": "17000F", "ADDUSER": "kikaku", "EDITDATE": "2024-03-29", "EDITTENANT": null, "EDITUSER": null, "X": -35057.250000000902, "Y": 65881.750000001906 }, "geometry": { "type": "Point", "coordinates": [ 136.774855857552666, 36.593134454560108 ] } },
{ "type": "Feature", "properties": { "JYUSYU": "スギ", "JYUKO": 15.4, "CHOKKEI": 19.6, "TANBOKUZAISEKI": 0.222, "JUKANCHORITSU": 93, "KEIJOHI": 79, "SHURYOHISU": 0, "DATANENDO": 2023, "UNIQUENO": 61305611, "ADDDATE": "2024-03-29", "ADDTENANT": "17000F", "ADDUSER": "kikaku", "EDITDATE": "2024-03-29", "EDITTENANT": null, "EDITUSER": null, "X": -35117.249999999098, "Y": 65881.249999998094 }, "geometry": { "type": "Point", "coordinates": [ 136.774185315807841, 36.593127742264151 ] } },
{ "type": "Feature", "properties": { "JYUSYU": "スギ", "JYUKO": 34.4, "CHOKKEI": 69.9, "TANBOKUZAISEKI": 5.043, "JUKANCHORITSU": 82, "KEIJOHI": 49, "SHURYOHISU": 0, "DATANENDO": 2023, "UNIQUENO": 61305612, "ADDDATE": "2024-03-29", "ADDTENANT": "17000F", "ADDUSER": "kikaku", "EDITDATE": "2024-03-29", "EDITTENANT": null, "EDITUSER": null, "X": -35044.25, "Y": 65881.249999998094 }, "geometry": { "type": "Point", "coordinates": [ 136.775001169323104, 36.593130426013452 ] } },
{ "type": "Feature", "properties": { "JYUSYU": "スギ", "JYUKO": 29.3, "CHOKKEI": 56.8, "TANBOKUZAISEKI": 2.94, "JUKANCHORITSU": 50, "KEIJOHI": 52, "SHURYOHISU": 0, "DATANENDO": 2023, "UNIQUENO": 61305613, "ADDDATE": "2024-03-29", "ADDTENANT": "17000F", "ADDUSER": "kikaku", "EDITDATE": "2024-03-29", "EDITTENANT": null, "EDITUSER": null, "X": -35011.25, "Y": 65881.249999998094 }, "geometry": { "type": "Point", "coordinates": [ 136.775369979851718, 36.593131637382406 ] } },
{ "type": "Feature", "properties": { "JYUSYU": "スギ", "JYUKO": 17.7, "CHOKKEI": 20.6, "TANBOKUZAISEKI": 0.28, "JUKANCHORITSU": 18, "KEIJOHI": 86, "SHURYOHISU": 0, "DATANENDO": 2023, "UNIQUENO": 61305614, "ADDDATE": "2024-03-29", "ADDTENANT": "17000F", "ADDUSER": "kikaku", "EDITDATE": "2024-03-29", "EDITTENANT": null, "EDITUSER": null, "X": -35111.749999999098, "Y": 65880.75 }, "geometry": { "type": "Point", "coordinates": [ 136.774246807035325, 36.593123438593416 ] } },
{ "type": "Feature", "properties": { "JYUSYU": "スギ", "JYUKO": 21.7, "CHOKKEI": 32.4, "TANBOKUZAISEKI": 0.78, "JUKANCHORITSU": 23, "KEIJOHI": 67, "SHURYOHISU": 0, "DATANENDO": 2023, "UNIQUENO": 61305615, "ADDDATE": "2024-03-29", "ADDTENANT": "17000F", "ADDUSER": "kikaku", "EDITDATE": "2024-03-29", "EDITTENANT": null, "EDITUSER": null, "X": -35006.749999999098, "Y": 65880.250000001906 }, "geometry": { "type": "Point", "coordinates": [ 136.775420317693261, 36.593122790348311 ] } },
{ "type": "Feature", "properties": { "JYUSYU": "スギ", "JYUKO": 30.9, "CHOKKEI": 62.9, "TANBOKUZAISEKI": 3.734, "JUKANCHORITSU": 70, "KEIJOHI": 49, "SHURYOHISU": 0, "DATANENDO": 2023, "UNIQUENO": 61305616, "ADDDATE": "2024-03-29", "ADDTENANT": "17000F", "ADDUSER": "kikaku", "EDITDATE": "2024-03-29", "EDITTENANT": null, "EDITUSER": null, "X": -35065.75, "Y": 65879.750000003696 }, "geometry": { "type": "Point", "coordinates": [ 136.774760952045028, 36.593116117976813 ] } },
{ "type": "Feature", "properties": { "JYUSYU": "スギ", "JYUKO": 22.3, "CHOKKEI": 38.4, "TANBOKUZAISEKI": 1.096, "JUKANCHORITSU": 40, "KEIJOHI": 58, "SHURYOHISU": 0, "DATANENDO": 2023, "UNIQUENO": 61305617, "ADDDATE": "2024-03-29", "ADDTENANT": "17000F", "ADDUSER": "kikaku", "EDITDATE": "2024-03-29", "EDITTENANT": null, "EDITUSER": null, "X": -34987.749999998101, "Y": 65879.750000003696 }, "geometry": { "type": "Point", "coordinates": [ 136.775632685871329, 36.593118981129386 ] } },
{ "type": "Feature", "properties": { "JYUSYU": "スギ", "JYUKO": 23.9, "CHOKKEI": 36.6, "TANBOKUZAISEKI": 1.077, "JUKANCHORITSU": 39, "KEIJOHI": 65, "SHURYOHISU": 0, "DATANENDO": 2023, "UNIQUENO": 61305622, "ADDDATE": "2024-03-29", "ADDTENANT": "17000F", "ADDUSER": "kikaku", "EDITDATE": "2024-03-29", "EDITTENANT": null, "EDITUSER": null, "X": -35093.249999999098, "Y": 65879.25 }, "geometry": { "type": "Point", "coordinates": [ 136.774453632823963, 36.593110600946162 ] } },
{ "type": "Feature", "properties": { "JYUSYU": "スギ", "JYUKO": 28.1, "CHOKKEI": 56.8, "TANBOKUZAISEKI": 2.827, "JUKANCHORITSU": 79, "KEIJOHI": 50, "SHURYOHISU": 0, "DATANENDO": 2023, "UNIQUENO": 61305623, "ADDDATE": "2024-03-29", "ADDTENANT": "17000F", "ADDUSER": "kikaku", "EDITDATE": "2024-03-29", "EDITTENANT": null, "EDITUSER": null, "X": -35026.749999999098, "Y": 65878.750000001906 }, "geometry": { "type": "Point", "coordinates": [ 136.775196864463766, 36.593108538217841 ] } },
{ "type": "Feature", "properties": { "JYUSYU": "スギ", "JYUKO": 26.3, "CHOKKEI": 47.1, "TANBOKUZAISEKI": 1.882, "JUKANCHORITSU": 85, "KEIJOHI": 56, "SHURYOHISU": 0, "DATANENDO": 2023, "UNIQUENO": 61305626, "ADDDATE": "2024-03-29", "ADDTENANT": "17000F", "ADDUSER": "kikaku", "EDITDATE": "2024-03-29", "EDITTENANT": null, "EDITUSER": null, "X": -35040.249999998101, "Y": 65878.250000003696 }, "geometry": { "type": "Point", "coordinates": [ 136.775046010244012, 36.593103536510881 ] } },
{ "type": "Feature", "properties": { "JYUSYU": "スギ", "JYUKO": 30.6, "CHOKKEI": 64.1, "TANBOKUZAISEKI": 3.823, "JUKANCHORITSU": 83, "KEIJOHI": 48, "SHURYOHISU": 0, "DATANENDO": 2023, "UNIQUENO": 61305627, "ADDDATE": "2024-03-29", "ADDTENANT": "17000F", "ADDUSER": "kikaku", "EDITDATE": "2024-03-29", "EDITTENANT": null, "EDITUSER": null, "X": -35018.75, "Y": 65878.250000003696 }, "geometry": { "type": "Point", "coordinates": [ 136.775286295806865, 36.593104325774767 ] } },
{ "type": "Feature", "properties": { "JYUSYU": "スギ", "JYUKO": 24.0, "CHOKKEI": 39.7, "TANBOKUZAISEKI": 1.256, "JUKANCHORITSU": 40, "KEIJOHI": 61, "SHURYOHISU": 0, "DATANENDO": 2023, "UNIQUENO": 61305628, "ADDDATE": "2024-03-29", "ADDTENANT": "17000F", "ADDUSER": "kikaku", "EDITDATE": "2024-03-29", "EDITTENANT": null, "EDITUSER": null, "X": -34999.749999999098, "Y": 65877.75 }, "geometry": { "type": "Point", "coordinates": [ 136.775498663938691, 36.593100516794301 ] } },
{ "type": "Feature", "properties": { "JYUSYU": "スギ", "JYUKO": 24.7, "CHOKKEI": 39.0, "TANBOKUZAISEKI": 1.246, "JUKANCHORITSU": 37, "KEIJOHI": 63, "SHURYOHISU": 0, "DATANENDO": 2023, "UNIQUENO": 61305630, "ADDDATE": "2024-03-29", "ADDTENANT": "17000F", "ADDUSER": "kikaku", "EDITDATE": "2024-03-29", "EDITTENANT": null, "EDITUSER": null, "X": -35085.749999998101, "Y": 65877.250000001906 }, "geometry": { "type": "Point", "coordinates": [ 136.77453754456505, 36.593092852479472 ] } },
{ "type": "Feature", "properties": { "JYUSYU": "スギ", "JYUKO": 11.2, "CHOKKEI": 22.8, "TANBOKUZAISEKI": 0.215, "JUKANCHORITSU": 74, "KEIJOHI": 49, "SHURYOHISU": 0, "DATANENDO": 2023, "UNIQUENO": 61305632, "ADDDATE": "2024-03-29", "ADDTENANT": "17000F", "ADDUSER": "kikaku", "EDITDATE": "2024-03-29", "EDITTENANT": null, "EDITUSER": null, "X": -35059.75, "Y": 65876.750000003696 }, "geometry": { "type": "Point", "coordinates": [ 136.774828145180351, 36.593089302050295 ] } },
{ "type": "Feature", "properties": { "JYUSYU": "スギ", "JYUKO": 22.3, "CHOKKEI": 43.3, "TANBOKUZAISEKI": 1.365, "JUKANCHORITSU": 76, "KEIJOHI": 52, "SHURYOHISU": 0, "DATANENDO": 2023, "UNIQUENO": 61305633, "ADDDATE": "2024-03-29", "ADDTENANT": "17000F", "ADDUSER": "kikaku", "EDITDATE": "2024-03-29", "EDITTENANT": null, "EDITUSER": null, "X": -35095.749999998101, "Y": 65876.25 }, "geometry": { "type": "Point", "coordinates": [ 136.774425829474097, 36.593083472606885 ] } },
{ "type": "Feature", "properties": { "JYUSYU": "スギ", "JYUKO": 26.0, "CHOKKEI": 38.8, "TANBOKUZAISEKI": 1.301, "JUKANCHORITSU": 44, "KEIJOHI": 67, "SHURYOHISU": 0, "DATANENDO": 2023, "UNIQUENO": 61305634, "ADDDATE": "2024-03-29", "ADDTENANT": "17000F", "ADDUSER": "kikaku", "EDITDATE": "2024-03-29", "EDITTENANT": null, "EDITUSER": null, "X": -34997.749999998101, "Y": 65876.25 }, "geometry": { "type": "Point", "coordinates": [ 136.775521084308906, 36.593087071950933 ] } },
{ "type": "Feature", "properties": { "JYUSYU": "スギ", "JYUKO": 18.9, "CHOKKEI": 32.6, "TANBOKUZAISEKI": 0.691, "JUKANCHORITSU": 44, "KEIJOHI": 58, "SHURYOHISU": 0, "DATANENDO": 2023, "UNIQUENO": 61305635, "ADDDATE": "2024-03-29", "ADDTENANT": "17000F", "ADDUSER": "kikaku", "EDITDATE": "2024-03-29", "EDITTENANT": null, "EDITUSER": null, "X": -35091.25, "Y": 65875.750000001906 }, "geometry": { "type": "Point", "coordinates": [ 136.774476144586032, 36.59307913203763 ] } },
{ "type": "Feature", "properties": { "JYUSYU": "スギ", "JYUKO": 30.9, "CHOKKEI": 55.8, "TANBOKUZAISEKI": 3.003, "JUKANCHORITSU": 42, "KEIJOHI": 55, "SHURYOHISU": 0, "DATANENDO": 2023, "UNIQUENO": 61305636, "ADDDATE": "2024-03-29", "ADDTENANT": "17000F", "ADDUSER": "kikaku", "EDITDATE": "2024-03-29", "EDITTENANT": null, "EDITUSER": null, "X": -35079.249999999098, "Y": 65875.750000001906 }, "geometry": { "type": "Point", "coordinates": [ 136.774610257405811, 36.593079573257704 ] } },
{ "type": "Feature", "properties": { "JYUSYU": "スギ", "JYUKO": 21.7, "CHOKKEI": 40.8, "TANBOKUZAISEKI": 1.194, "JUKANCHORITSU": 45, "KEIJOHI": 53, "SHURYOHISU": 0, "DATANENDO": 2023, "UNIQUENO": 61305637, "ADDDATE": "2024-03-29", "ADDTENANT": "17000F", "ADDUSER": "kikaku", "EDITDATE": "2024-03-29", "EDITTENANT": null, "EDITUSER": null, "X": -35067.749999999098, "Y": 65875.750000001906 }, "geometry": { "type": "Point", "coordinates": [ 136.774738782194163, 36.593079995952003 ] } },
{ "type": "Feature", "properties": { "JYUSYU": "スギ", "JYUKO": 37.5, "CHOKKEI": 80.2, "TANBOKUZAISEKI": 7.047, "JUKANCHORITSU": 76, "KEIJOHI": 47, "SHURYOHISU": 0, "DATANENDO": 2023, "UNIQUENO": 61305639, "ADDDATE": "2024-03-29", "ADDTENANT": "17000F", "ADDUSER": "kikaku", "EDITDATE": "2024-03-29", "EDITTENANT": null, "EDITUSER": null, "X": -35053.249999999098, "Y": 65875.250000003696 }, "geometry": { "type": "Point", "coordinates": [ 136.774900857969641, 36.593076022650919 ] } },
{ "type": "Feature", "properties": { "JYUSYU": "スギ", "JYUKO": 26.4, "CHOKKEI": 42.2, "TANBOKUZAISEKI": 1.541, "JUKANCHORITSU": 39, "KEIJOHI": 63, "SHURYOHISU": 0, "DATANENDO": 2023, "UNIQUENO": 61305640, "ADDDATE": "2024-03-29", "ADDTENANT": "17000F", "ADDUSER": "kikaku", "EDITDATE": "2024-03-29", "EDITTENANT": null, "EDITUSER": null, "X": -35006.249999998101, "Y": 65875.250000003696 }, "geometry": { "type": "Point", "coordinates": [ 136.775426133202672, 36.593077748029096 ] } },
{ "type": "Feature", "properties": { "JYUSYU": "スギ", "JYUKO": 24.8, "CHOKKEI": 38.9, "TANBOKUZAISEKI": 1.248, "JUKANCHORITSU": 30, "KEIJOHI": 64, "SHURYOHISU": 0, "DATANENDO": 2023, "UNIQUENO": 61305641, "ADDDATE": "2024-03-29", "ADDTENANT": "17000F", "ADDUSER": "kikaku", "EDITDATE": "2024-03-29", "EDITTENANT": null, "EDITUSER": null, "X": -35001.25, "Y": 65875.250000003696 }, "geometry": { "type": "Point", "coordinates": [ 136.775482013549208, 36.593077931443737 ] } },
{ "type": "Feature", "properties": { "JYUSYU": "スギ", "JYUKO": 15.2, "CHOKKEI": 22.7, "TANBOKUZAISEKI": 0.286, "JUKANCHORITSU": 15, "KEIJOHI": 67, "SHURYOHISU": 0, "DATANENDO": 2023, "UNIQUENO": 61305642, "ADDDATE": "2024-03-29", "ADDTENANT": "17000F", "ADDUSER": "kikaku", "EDITDATE": "2024-03-29", "EDITTENANT": null, "EDITUSER": null, "X": -34987.749999998101, "Y": 65875.250000003696 }, "geometry": { "type": "Point", "coordinates": [ 136.775632890487486, 36.593078426532415 ] } },
{ "type": "Feature", "properties": { "JYUSYU": "スギ", "JYUKO": 23.6, "CHOKKEI": 27.4, "TANBOKUZAISEKI": 0.626, "JUKANCHORITSU": 22, "KEIJOHI": 86, "SHURYOHISU": 0, "DATANENDO": 2023, "UNIQUENO": 61305643, "ADDDATE": "2024-03-29", "ADDTENANT": "17000F", "ADDUSER": "kikaku", "EDITDATE": "2024-03-29", "EDITTENANT": null, "EDITUSER": null, "X": -34996.249999998101, "Y": 65874.75 }, "geometry": { "type": "Point", "coordinates": [ 136.775537916636921, 36.593073608765849 ] } },
{ "type": "Feature", "properties": { "JYUSYU": "スギ", "JYUKO": 24.3, "CHOKKEI": 45.4, "TANBOKUZAISEKI": 1.625, "JUKANCHORITSU": 50, "KEIJOHI": 54, "SHURYOHISU": 0, "DATANENDO": 2023, "UNIQUENO": 61305644, "ADDDATE": "2024-03-29", "ADDTENANT": "17000F", "ADDUSER": "kikaku", "EDITDATE": "2024-03-29", "EDITTENANT": null, "EDITUSER": null, "X": -34992.249999999098, "Y": 65874.75 }, "geometry": { "type": "Point", "coordinates": [ 136.775582620912331, 36.593073755457709 ] } },
{ "type": "Feature", "properties": { "JYUSYU": "スギ", "JYUKO": 27.9, "CHOKKEI": 56.4, "TANBOKUZAISEKI": 2.764, "JUKANCHORITSU": 60, "KEIJOHI": 50, "SHURYOHISU": 0, "DATANENDO": 2023, "UNIQUENO": 61305646, "ADDDATE": "2024-03-29", "ADDTENANT": "17000F", "ADDUSER": "kikaku", "EDITDATE": "2024-03-29", "EDITTENANT": null, "EDITUSER": null, "X": -35075.750000000902, "Y": 65874.250000001906 }, "geometry": { "type": "Point", "coordinates": [ 136.77464944202228, 36.593066183721 ] } },
{ "type": "Feature", "properties": { "JYUSYU": "スギ", "JYUKO": 27.8, "CHOKKEI": 52.2, "TANBOKUZAISEKI": 2.397, "JUKANCHORITSU": 95, "KEIJOHI": 53, "SHURYOHISU": 0, "DATANENDO": 2023, "UNIQUENO": 61305647, "ADDDATE": "2024-03-29", "ADDTENANT": "17000F", "ADDUSER": "kikaku", "EDITDATE": "2024-03-29", "EDITTENANT": null, "EDITUSER": null, "X": -35040.749999999098, "Y": 65874.250000001906 }, "geometry": { "type": "Point", "coordinates": [ 136.775040604364193, 36.593067469621957 ] } },
{ "type": "Feature", "properties": { "JYUSYU": "スギ", "JYUKO": 19.7, "CHOKKEI": 33.5, "TANBOKUZAISEKI": 0.757, "JUKANCHORITSU": 19, "KEIJOHI": 59, "SHURYOHISU": 0, "DATANENDO": 2023, "UNIQUENO": 61305648, "ADDDATE": "2024-03-29", "ADDTENANT": "17000F", "ADDUSER": "kikaku", "EDITDATE": "2024-03-29", "EDITTENANT": null, "EDITUSER": null, "X": -35086.75, "Y": 65873.750000003696 }, "geometry": { "type": "Point", "coordinates": [ 136.774526528090831, 36.593061273249837 ] } },
{ "type": "Feature", "properties": { "JYUSYU": "スギ", "JYUKO": 26.2, "CHOKKEI": 49.3, "TANBOKUZAISEKI": 2.031, "JUKANCHORITSU": 64, "KEIJOHI": 53, "SHURYOHISU": 0, "DATANENDO": 2023, "UNIQUENO": 61305649, "ADDDATE": "2024-03-29", "ADDTENANT": "17000F", "ADDUSER": "kikaku", "EDITDATE": "2024-03-29", "EDITTENANT": null, "EDITUSER": null, "X": -35010.25, "Y": 65873.750000003696 }, "geometry": { "type": "Point", "coordinates": [ 136.775381497174919, 36.593064083079859 ] } },
{ "type": "Feature", "properties": { "JYUSYU": "スギ", "JYUKO": 21.2, "CHOKKEI": 23.7, "TANBOKUZAISEKI": 0.433, "JUKANCHORITSU": 10, "KEIJOHI": 90, "SHURYOHISU": 0, "DATANENDO": 2023, "UNIQUENO": 61305652, "ADDDATE": "2024-03-29", "ADDTENANT": "17000F", "ADDUSER": "kikaku", "EDITDATE": "2024-03-29", "EDITTENANT": null, "EDITUSER": null, "X": -34999.749999999098, "Y": 65872.750000001906 }, "geometry": { "type": "Point", "coordinates": [ 136.775498891367761, 36.593055456131587 ] } },
{ "type": "Feature", "properties": { "JYUSYU": "スギ", "JYUKO": 12.7, "CHOKKEI": 24.5, "TANBOKUZAISEKI": 0.275, "JUKANCHORITSU": 75, "KEIJOHI": 52, "SHURYOHISU": 0, "DATANENDO": 2023, "UNIQUENO": 61305654, "ADDDATE": "2024-03-29", "ADDTENANT": "17000F", "ADDUSER": "kikaku", "EDITDATE": "2024-03-29", "EDITTENANT": null, "EDITUSER": null, "X": -35063.249999999098, "Y": 65872.250000001906 }, "geometry": { "type": "Point", "coordinates": [ 136.774789233992408, 36.593048618855079 ] } },
{ "type": "Feature", "properties": { "JYUSYU": "スギ", "JYUKO": 20.0, "CHOKKEI": 31.4, "TANBOKUZAISEKI": 0.684, "JUKANCHORITSU": 16, "KEIJOHI": 64, "SHURYOHISU": 0, "DATANENDO": 2023, "UNIQUENO": 61305655, "ADDDATE": "2024-03-29", "ADDTENANT": "17000F", "ADDUSER": "kikaku", "EDITDATE": "2024-03-29", "EDITTENANT": null, "EDITUSER": null, "X": -35086.75, "Y": 65871.75 }, "geometry": { "type": "Point", "coordinates": [ 136.774526619288451, 36.593043248986739 ] } },
{ "type": "Feature", "properties": { "JYUSYU": "スギ", "JYUKO": 25.2, "CHOKKEI": 43.5, "TANBOKUZAISEKI": 1.56, "JUKANCHORITSU": 56, "KEIJOHI": 58, "SHURYOHISU": 0, "DATANENDO": 2023, "UNIQUENO": 61305656, "ADDDATE": "2024-03-29", "ADDTENANT": "17000F", "ADDUSER": "kikaku", "EDITDATE": "2024-03-29", "EDITTENANT": null, "EDITUSER": null, "X": -34994.749999998101, "Y": 65871.75 }, "geometry": { "type": "Point", "coordinates": [ 136.775554817177976, 36.593046627379366 ] } },
{ "type": "Feature", "properties": { "JYUSYU": "スギ", "JYUKO": 28.2, "CHOKKEI": 48.4, "TANBOKUZAISEKI": 2.118, "JUKANCHORITSU": 38, "KEIJOHI": 58, "SHURYOHISU": 0, "DATANENDO": 2023, "UNIQUENO": 61305657, "ADDDATE": "2024-03-29", "ADDTENANT": "17000F", "ADDUSER": "kikaku", "EDITDATE": "2024-03-29", "EDITTENANT": null, "EDITUSER": null, "X": -35080.249999999098, "Y": 65871.250000001906 }, "geometry": { "type": "Point", "coordinates": [ 136.774599286494094, 36.593038981902907 ] } },
{ "type": "Feature", "properties": { "JYUSYU": "スギ", "JYUKO": 36.6, "CHOKKEI": 73.5, "TANBOKUZAISEKI": 5.868, "JUKANCHORITSU": 48, "KEIJOHI": 50, "SHURYOHISU": 0, "DATANENDO": 2023, "UNIQUENO": 61305658, "ADDDATE": "2024-03-29", "ADDTENANT": "17000F", "ADDUSER": "kikaku", "EDITDATE": "2024-03-29", "EDITTENANT": null, "EDITUSER": null, "X": -35045.75, "Y": 65871.250000001906 }, "geometry": { "type": "Point", "coordinates": [ 136.774984860664716, 36.593040249604329 ] } },
{ "type": "Feature", "properties": { "JYUSYU": "スギ", "JYUKO": 24.2, "CHOKKEI": 49.7, "TANBOKUZAISEKI": 1.906, "JUKANCHORITSU": 93, "KEIJOHI": 49, "SHURYOHISU": 0, "DATANENDO": 2023, "UNIQUENO": 61305659, "ADDDATE": "2024-03-29", "ADDTENANT": "17000F", "ADDUSER": "kikaku", "EDITDATE": "2024-03-29", "EDITTENANT": null, "EDITUSER": null, "X": -35030.250000000902, "Y": 65871.250000001906 }, "geometry": { "type": "Point", "coordinates": [ 136.775158089647761, 36.59304081874528 ] } },
{ "type": "Feature", "properties": { "JYUSYU": "スギ", "JYUKO": 27.1, "CHOKKEI": 44.4, "TANBOKUZAISEKI": 1.729, "JUKANCHORITSU": 26, "KEIJOHI": 61, "SHURYOHISU": 0, "DATANENDO": 2023, "UNIQUENO": 61305660, "ADDDATE": "2024-03-29", "ADDTENANT": "17000F", "ADDUSER": "kikaku", "EDITDATE": "2024-03-29", "EDITTENANT": null, "EDITUSER": null, "X": -35004.749999998101, "Y": 65871.250000001906 }, "geometry": { "type": "Point", "coordinates": [ 136.775443079275647, 36.593041754526155 ] } },
{ "type": "Feature", "properties": { "JYUSYU": "スギ", "JYUKO": 21.3, "CHOKKEI": 35.7, "TANBOKUZAISEKI": 0.92, "JUKANCHORITSU": 13, "KEIJOHI": 60, "SHURYOHISU": 0, "DATANENDO": 2023, "UNIQUENO": 61305661, "ADDDATE": "2024-03-29", "ADDTENANT": "17000F", "ADDUSER": "kikaku", "EDITDATE": "2024-03-29", "EDITTENANT": null, "EDITUSER": null, "X": -35000.25, "Y": 65871.250000001906 }, "geometry": { "type": "Point", "coordinates": [ 136.775493371564238, 36.593041919593233 ] } },
{ "type": "Feature", "properties": { "JYUSYU": "スギ", "JYUKO": 19.4, "CHOKKEI": 36.5, "TANBOKUZAISEKI": 0.87, "JUKANCHORITSU": 62, "KEIJOHI": 53, "SHURYOHISU": 0, "DATANENDO": 2023, "UNIQUENO": 61305662, "ADDDATE": "2024-03-29", "ADDTENANT": "17000F", "ADDUSER": "kikaku", "EDITDATE": "2024-03-29", "EDITTENANT": null, "EDITUSER": null, "X": -35090.249999999098, "Y": 65870.750000001906 }, "geometry": { "type": "Point", "coordinates": [ 136.77448754867109, 36.593034108154285 ] } },
{ "type": "Feature", "properties": { "JYUSYU": "スギ", "JYUKO": 14.3, "CHOKKEI": 29.5, "TANBOKUZAISEKI": 0.437, "JUKANCHORITSU": 29, "KEIJOHI": 49, "SHURYOHISU": 0, "DATANENDO": 2023, "UNIQUENO": 61305663, "ADDDATE": "2024-03-29", "ADDTENANT": "17000F", "ADDUSER": "kikaku", "EDITDATE": "2024-03-29", "EDITTENANT": null, "EDITUSER": null, "X": -34990.25, "Y": 65870.750000001906 }, "geometry": { "type": "Point", "coordinates": [ 136.775605154943776, 36.593037780266606 ] } },
{ "type": "Feature", "properties": { "JYUSYU": "スギ", "JYUKO": 22.9, "CHOKKEI": 41.7, "TANBOKUZAISEKI": 1.31, "JUKANCHORITSU": 73, "KEIJOHI": 55, "SHURYOHISU": 0, "DATANENDO": 2023, "UNIQUENO": 61305668, "ADDDATE": "2024-03-29", "ADDTENANT": "17000F", "ADDUSER": "kikaku", "EDITDATE": "2024-03-29", "EDITTENANT": null, "EDITUSER": null, "X": -35068.25, "Y": 65868.75 }, "geometry": { "type": "Point", "coordinates": [ 136.774733513183122, 36.593016892654468 ] } },
{ "type": "Feature", "properties": { "JYUSYU": "スギ", "JYUKO": 22.7, "CHOKKEI": 38.1, "TANBOKUZAISEKI": 1.097, "JUKANCHORITSU": 69, "KEIJOHI": 60, "SHURYOHISU": 0, "DATANENDO": 2023, "UNIQUENO": 61305669, "ADDDATE": "2024-03-29", "ADDTENANT": "17000F", "ADDUSER": "kikaku", "EDITDATE": "2024-03-29", "EDITTENANT": null, "EDITUSER": null, "X": -35064.749999999098, "Y": 65868.75 }, "geometry": { "type": "Point", "coordinates": [ 136.774772629391748, 36.593017021274598 ] } },
{ "type": "Feature", "properties": { "JYUSYU": "スギ", "JYUKO": 25.4, "CHOKKEI": 45.3, "TANBOKUZAISEKI": 1.685, "JUKANCHORITSU": 34, "KEIJOHI": 56, "SHURYOHISU": 0, "DATANENDO": 2023, "UNIQUENO": 61305670, "ADDDATE": "2024-03-29", "ADDTENANT": "17000F", "ADDUSER": "kikaku", "EDITDATE": "2024-03-29", "EDITTENANT": null, "EDITUSER": null, "X": -35008.75, "Y": 65868.75 }, "geometry": { "type": "Point", "coordinates": [ 136.775398488762875, 36.593019077450762 ] } },
{ "type": "Feature", "properties": { "JYUSYU": "スギ", "JYUKO": 21.8, "CHOKKEI": 35.8, "TANBOKUZAISEKI": 0.943, "JUKANCHORITSU": 21, "KEIJOHI": 61, "SHURYOHISU": 0, "DATANENDO": 2023, "UNIQUENO": 61305671, "ADDDATE": "2024-03-29", "ADDTENANT": "17000F", "ADDUSER": "kikaku", "EDITDATE": "2024-03-29", "EDITTENANT": null, "EDITUSER": null, "X": -35087.249999998101, "Y": 65868.25 }, "geometry": { "type": "Point", "coordinates": [ 136.774521190854841, 36.593011688141175 ] } },
{ "type": "Feature", "properties": { "JYUSYU": "スギ", "JYUKO": 29.1, "CHOKKEI": 59.4, "TANBOKUZAISEKI": 3.17, "JUKANCHORITSU": 75, "KEIJOHI": 49, "SHURYOHISU": 0, "DATANENDO": 2023, "UNIQUENO": 61305672, "ADDDATE": "2024-03-29", "ADDTENANT": "17000F", "ADDUSER": "kikaku", "EDITDATE": "2024-03-29", "EDITTENANT": null, "EDITUSER": null, "X": -35016.749999999098, "Y": 65868.25 }, "geometry": { "type": "Point", "coordinates": [ 136.775309103031276, 36.593014277846294 ] } },
{ "type": "Feature", "properties": { "JYUSYU": "スギ", "JYUKO": 23.7, "CHOKKEI": 35.2, "TANBOKUZAISEKI": 0.993, "JUKANCHORITSU": 40, "KEIJOHI": 67, "SHURYOHISU": 0, "DATANENDO": 2023, "UNIQUENO": 61305675, "ADDDATE": "2024-03-29", "ADDTENANT": "17000F", "ADDUSER": "kikaku", "EDITDATE": "2024-03-29", "EDITTENANT": null, "EDITUSER": null, "X": -35027.749999999098, "Y": 65867.750000001906 }, "geometry": { "type": "Point", "coordinates": [ 136.775186189134047, 36.593009368055611 ] } },
{ "type": "Feature", "properties": { "JYUSYU": "スギ", "JYUKO": 20.4, "CHOKKEI": 27.6, "TANBOKUZAISEKI": 0.552, "JUKANCHORITSU": 62, "KEIJOHI": 74, "SHURYOHISU": 0, "DATANENDO": 2023, "UNIQUENO": 61305676, "ADDDATE": "2024-03-29", "ADDTENANT": "17000F", "ADDUSER": "kikaku", "EDITDATE": "2024-03-29", "EDITTENANT": null, "EDITUSER": null, "X": -35002.75, "Y": 65867.750000001906 }, "geometry": { "type": "Point", "coordinates": [ 136.775465590617387, 36.593010285427845 ] } },
{ "type": "Feature", "properties": { "JYUSYU": "スギ", "JYUKO": 12.9, "CHOKKEI": 24.6, "TANBOKUZAISEKI": 0.283, "JUKANCHORITSU": 54, "KEIJOHI": 52, "SHURYOHISU": 0, "DATANENDO": 2023, "UNIQUENO": 61305677, "ADDDATE": "2024-03-29", "ADDTENANT": "17000F", "ADDUSER": "kikaku", "EDITDATE": "2024-03-29", "EDITTENANT": null, "EDITUSER": null, "X": -35095.25, "Y": 65867.25 }, "geometry": { "type": "Point", "coordinates": [ 136.774431827997006, 36.593002381813378 ] } },
{ "type": "Feature", "properties": { "JYUSYU": "スギ", "JYUKO": 25.3, "CHOKKEI": 48.3, "TANBOKUZAISEKI": 1.889, "JUKANCHORITSU": 75, "KEIJOHI": 52, "SHURYOHISU": 0, "DATANENDO": 2023, "UNIQUENO": 61305679, "ADDDATE": "2024-03-29", "ADDTENANT": "17000F", "ADDUSER": "kikaku", "EDITDATE": "2024-03-29", "EDITTENANT": null, "EDITUSER": null, "X": -35075.25, "Y": 65866.250000001906 }, "geometry": { "type": "Point", "coordinates": [ 136.774655394726125, 36.592994105046365 ] } },
{ "type": "Feature", "properties": { "JYUSYU": "スギ", "JYUKO": 25.4, "CHOKKEI": 51.9, "TANBOKUZAISEKI": 2.169, "JUKANCHORITSU": 89, "KEIJOHI": 49, "SHURYOHISU": 0, "DATANENDO": 2023, "UNIQUENO": 61305680, "ADDDATE": "2024-03-29", "ADDTENANT": "17000F", "ADDUSER": "kikaku", "EDITDATE": "2024-03-29", "EDITTENANT": null, "EDITUSER": null, "X": -35025.75, "Y": 65866.250000001906 }, "geometry": { "type": "Point", "coordinates": [ 136.775208609531376, 36.592995923270962 ] } },
{ "type": "Feature", "properties": { "JYUSYU": "スギ", "JYUKO": 19.3, "CHOKKEI": 35.0, "TANBOKUZAISEKI": 0.804, "JUKANCHORITSU": 45, "KEIJOHI": 55, "SHURYOHISU": 0, "DATANENDO": 2023, "UNIQUENO": 61305681, "ADDDATE": "2024-03-29", "ADDTENANT": "17000F", "ADDUSER": "kikaku", "EDITDATE": "2024-03-29", "EDITTENANT": null, "EDITUSER": null, "X": -34999.249999999098, "Y": 65866.250000001906 }, "geometry": { "type": "Point", "coordinates": [ 136.775504775053577, 36.592996895608692 ] } },
{ "type": "Feature", "properties": { "JYUSYU": "スギ", "JYUKO": 16.5, "CHOKKEI": 33.8, "TANBOKUZAISEKI": 0.643, "JUKANCHORITSU": 82, "KEIJOHI": 49, "SHURYOHISU": 0, "DATANENDO": 2023, "UNIQUENO": 61305682, "ADDDATE": "2024-03-29", "ADDTENANT": "17000F", "ADDUSER": "kikaku", "EDITDATE": "2024-03-29", "EDITTENANT": null, "EDITUSER": null, "X": -35065.75, "Y": 65865.75 }, "geometry": { "type": "Point", "coordinates": [ 136.774761590046324, 36.592989948131695 ] } },
{ "type": "Feature", "properties": { "JYUSYU": "スギ", "JYUKO": 31.0, "CHOKKEI": 60.5, "TANBOKUZAISEKI": 3.497, "JUKANCHORITSU": 95, "KEIJOHI": 51, "SHURYOHISU": 0, "DATANENDO": 2023, "UNIQUENO": 61305683, "ADDDATE": "2024-03-29", "ADDTENANT": "17000F", "ADDUSER": "kikaku", "EDITDATE": "2024-03-29", "EDITTENANT": null, "EDITUSER": null, "X": -35034.25, "Y": 65865.75 }, "geometry": { "type": "Point", "coordinates": [ 136.775113635811351, 36.59299110516703 ] } },
{ "type": "Feature", "properties": { "JYUSYU": "スギ", "JYUKO": 32.5, "CHOKKEI": 56.7, "TANBOKUZAISEKI": 3.248, "JUKANCHORITSU": 47, "KEIJOHI": 57, "SHURYOHISU": 0, "DATANENDO": 2023, "UNIQUENO": 61305684, "ADDDATE": "2024-03-29", "ADDTENANT": "17000F", "ADDUSER": "kikaku", "EDITDATE": "2024-03-29", "EDITTENANT": null, "EDITUSER": null, "X": -35080.249999999098, "Y": 65865.25 }, "geometry": { "type": "Point", "coordinates": [ 136.774599560035739, 36.592984909112801 ] } },
{ "type": "Feature", "properties": { "JYUSYU": "スギ", "JYUKO": 34.7, "CHOKKEI": 67.5, "TANBOKUZAISEKI": 4.775, "JUKANCHORITSU": 80, "KEIJOHI": 51, "SHURYOHISU": 0, "DATANENDO": 2023, "UNIQUENO": 61305685, "ADDDATE": "2024-03-29", "ADDTENANT": "17000F", "ADDUSER": "kikaku", "EDITDATE": "2024-03-29", "EDITTENANT": null, "EDITUSER": null, "X": -35059.249999999098, "Y": 65865.25 }, "geometry": { "type": "Point", "coordinates": [ 136.774834257190378, 36.592985680904178 ] } },
{ "type": "Feature", "properties": { "JYUSYU": "スギ", "JYUKO": 25.5, "CHOKKEI": 45.2, "TANBOKUZAISEKI": 1.692, "JUKANCHORITSU": 65, "KEIJOHI": 56, "SHURYOHISU": 0, "DATANENDO": 2023, "UNIQUENO": 61305686, "ADDDATE": "2024-03-29", "ADDTENANT": "17000F", "ADDUSER": "kikaku", "EDITDATE": "2024-03-29", "EDITTENANT": null, "EDITUSER": null, "X": -35009.75, "Y": 65865.25 }, "geometry": { "type": "Point", "coordinates": [ 136.77538747194734, 36.592987498298243 ] } },
{ "type": "Feature", "properties": { "JYUSYU": "スギ", "JYUKO": 25.7, "CHOKKEI": 44.7, "TANBOKUZAISEKI": 1.666, "JUKANCHORITSU": 56, "KEIJOHI": 58, "SHURYOHISU": 0, "DATANENDO": 2023, "UNIQUENO": 61305688, "ADDDATE": "2024-03-29", "ADDTENANT": "17000F", "ADDUSER": "kikaku", "EDITDATE": "2024-03-29", "EDITTENANT": null, "EDITUSER": null, "X": -35087.249999998101, "Y": 65864.750000001906 }, "geometry": { "type": "Point", "coordinates": [ 136.774521350452488, 36.592980145680528 ] } },
{ "type": "Feature", "properties": { "JYUSYU": "スギ", "JYUKO": 20.0, "CHOKKEI": 26.6, "TANBOKUZAISEKI": 0.504, "JUKANCHORITSU": 53, "KEIJOHI": 75, "SHURYOHISU": 0, "DATANENDO": 2023, "UNIQUENO": 61305691, "ADDDATE": "2024-03-29", "ADDTENANT": "17000F", "ADDUSER": "kikaku", "EDITDATE": "2024-03-29", "EDITTENANT": null, "EDITUSER": null, "X": -35095.25, "Y": 65864.25 }, "geometry": { "type": "Point", "coordinates": [ 136.774431964826164, 36.592975345418772 ] } },
{ "type": "Feature", "properties": { "JYUSYU": "スギ", "JYUKO": 29.5, "CHOKKEI": 57.3, "TANBOKUZAISEKI": 3.012, "JUKANCHORITSU": 92, "KEIJOHI": 52, "SHURYOHISU": 0, "DATANENDO": 2023, "UNIQUENO": 61305692, "ADDDATE": "2024-03-29", "ADDTENANT": "17000F", "ADDUSER": "kikaku", "EDITDATE": "2024-03-29", "EDITTENANT": null, "EDITUSER": null, "X": -35054.749999999098, "Y": 65864.25 }, "geometry": { "type": "Point", "coordinates": [ 136.774884594996024, 36.592976834095886 ] } },
{ "type": "Feature", "properties": { "JYUSYU": "スギ", "JYUKO": 34.9, "CHOKKEI": 63.4, "TANBOKUZAISEKI": 4.275, "JUKANCHORITSU": 64, "KEIJOHI": 55, "SHURYOHISU": 0, "DATANENDO": 2023, "UNIQUENO": 61305693, "ADDDATE": "2024-03-29", "ADDTENANT": "17000F", "ADDUSER": "kikaku", "EDITDATE": "2024-03-29", "EDITTENANT": null, "EDITUSER": null, "X": -35048.25, "Y": 65864.25 }, "geometry": { "type": "Point", "coordinates": [ 136.774957239347373, 36.59297707285932 ] } },
{ "type": "Feature", "properties": { "JYUSYU": "スギ", "JYUKO": 33.7, "CHOKKEI": 66.6, "TANBOKUZAISEKI": 4.52, "JUKANCHORITSU": 88, "KEIJOHI": 51, "SHURYOHISU": 0, "DATANENDO": 2023, "UNIQUENO": 61305695, "ADDDATE": "2024-03-29", "ADDTENANT": "17000F", "ADDUSER": "kikaku", "EDITDATE": "2024-03-29", "EDITTENANT": null, "EDITUSER": null, "X": -35043.749999999098, "Y": 65863.75 }, "geometry": { "type": "Point", "coordinates": [ 136.775007554362503, 36.592972732065057 ] } },
{ "type": "Feature", "properties": { "JYUSYU": "スギ", "JYUKO": 19.9, "CHOKKEI": 38.9, "TANBOKUZAISEKI": 1.0, "JUKANCHORITSU": 94, "KEIJOHI": 51, "SHURYOHISU": 0, "DATANENDO": 2023, "UNIQUENO": 61305696, "ADDDATE": "2024-03-29", "ADDTENANT": "17000F", "ADDUSER": "kikaku", "EDITDATE": "2024-03-29", "EDITTENANT": null, "EDITUSER": null, "X": -35016.249999999098, "Y": 65863.75 }, "geometry": { "type": "Point", "coordinates": [ 136.775314895843053, 36.592973741598243 ] } },
{ "type": "Feature", "properties": { "JYUSYU": "スギ", "JYUKO": 27.9, "CHOKKEI": 53.1, "TANBOKUZAISEKI": 2.47, "JUKANCHORITSU": 78, "KEIJOHI": 53, "SHURYOHISU": 0, "DATANENDO": 2023, "UNIQUENO": 61305697, "ADDDATE": "2024-03-29", "ADDTENANT": "17000F", "ADDUSER": "kikaku", "EDITDATE": "2024-03-29", "EDITTENANT": null, "EDITUSER": null, "X": -35005.75, "Y": 65863.75 }, "geometry": { "type": "Point", "coordinates": [ 136.775432244412372, 36.592974126847317 ] } },
{ "type": "Feature", "properties": { "JYUSYU": "スギ", "JYUKO": 21.7, "CHOKKEI": 40.8, "TANBOKUZAISEKI": 1.189, "JUKANCHORITSU": 55, "KEIJOHI": 53, "SHURYOHISU": 0, "DATANENDO": 2023, "UNIQUENO": 61305698, "ADDDATE": "2024-03-29", "ADDTENANT": "17000F", "ADDUSER": "kikaku", "EDITDATE": "2024-03-29", "EDITTENANT": null, "EDITUSER": null, "X": -35000.749999999098, "Y": 65863.75 }, "geometry": { "type": "Point", "coordinates": [ 136.775488124684273, 36.59297431025864 ] } },
{ "type": "Feature", "properties": { "JYUSYU": "スギ", "JYUKO": 26.7, "CHOKKEI": 44.0, "TANBOKUZAISEKI": 1.679, "JUKANCHORITSU": 40, "KEIJOHI": 61, "SHURYOHISU": 0, "DATANENDO": 2023, "UNIQUENO": 61305701, "ADDDATE": "2024-03-29", "ADDTENANT": "17000F", "ADDUSER": "kikaku", "EDITDATE": "2024-03-29", "EDITTENANT": null, "EDITUSER": null, "X": -35086.249999999098, "Y": 65862.25 }, "geometry": { "type": "Point", "coordinates": [ 136.774532640501434, 36.592957652121115 ] } },
{ "type": "Feature", "properties": { "JYUSYU": "スギ", "JYUKO": 23.7, "CHOKKEI": 43.7, "TANBOKUZAISEKI": 1.474, "JUKANCHORITSU": 48, "KEIJOHI": 54, "SHURYOHISU": 0, "DATANENDO": 2023, "UNIQUENO": 61305702, "ADDDATE": "2024-03-29", "ADDTENANT": "17000F", "ADDUSER": "kikaku", "EDITDATE": "2024-03-29", "EDITTENANT": null, "EDITUSER": null, "X": -35097.249999998101, "Y": 65861.750000001906 }, "geometry": { "type": "Point", "coordinates": [ 136.77440972675052, 36.592952741530482 ] } },
{ "type": "Feature", "properties": { "JYUSYU": "スギ", "JYUKO": 25.6, "CHOKKEI": 41.0, "TANBOKUZAISEKI": 1.413, "JUKANCHORITSU": 55, "KEIJOHI": 62, "SHURYOHISU": 0, "DATANENDO": 2023, "UNIQUENO": 61305707, "ADDDATE": "2024-03-29", "ADDTENANT": "17000F", "ADDUSER": "kikaku", "EDITDATE": "2024-03-29", "EDITTENANT": null, "EDITUSER": null, "X": -35092.75, "Y": 65860.75 }, "geometry": { "type": "Point", "coordinates": [ 136.774460064581547, 36.59294389490158 ] } },
{ "type": "Feature", "properties": { "JYUSYU": "スギ", "JYUKO": 31.4, "CHOKKEI": 56.2, "TANBOKUZAISEKI": 3.084, "JUKANCHORITSU": 55, "KEIJOHI": 56, "SHURYOHISU": 0, "DATANENDO": 2023, "UNIQUENO": 61305708, "ADDDATE": "2024-03-29", "ADDTENANT": "17000F", "ADDUSER": "kikaku", "EDITDATE": "2024-03-29", "EDITTENANT": null, "EDITUSER": null, "X": -35077.749999999098, "Y": 65860.75 }, "geometry": { "type": "Point", "coordinates": [ 136.774627705313861, 36.592944446423957 ] } },
{ "type": "Feature", "properties": { "JYUSYU": "スギ", "JYUKO": 27.2, "CHOKKEI": 46.0, "TANBOKUZAISEKI": 1.863, "JUKANCHORITSU": 90, "KEIJOHI": 59, "SHURYOHISU": 0, "DATANENDO": 2023, "UNIQUENO": 61305709, "ADDDATE": "2024-03-29", "ADDTENANT": "17000F", "ADDUSER": "kikaku", "EDITDATE": "2024-03-29", "EDITTENANT": null, "EDITUSER": null, "X": -35074.25, "Y": 65860.75 }, "geometry": { "type": "Point", "coordinates": [ 136.774666821485397, 36.592944575078583 ] } },
{ "type": "Feature", "properties": { "JYUSYU": "スギ", "JYUKO": 25.0, "CHOKKEI": 41.6, "TANBOKUZAISEKI": 1.422, "JUKANCHORITSU": 36, "KEIJOHI": 60, "SHURYOHISU": 0, "DATANENDO": 2023, "UNIQUENO": 61305710, "ADDDATE": "2024-03-29", "ADDTENANT": "17000F", "ADDUSER": "kikaku", "EDITDATE": "2024-03-29", "EDITTENANT": null, "EDITUSER": null, "X": -35032.75, "Y": 65860.75 }, "geometry": { "type": "Point", "coordinates": [ 136.775130627538147, 36.59294609957643 ] } },
{ "type": "Feature", "properties": { "JYUSYU": "スギ", "JYUKO": 19.3, "CHOKKEI": 35.1, "TANBOKUZAISEKI": 0.806, "JUKANCHORITSU": 34, "KEIJOHI": 55, "SHURYOHISU": 0, "DATANENDO": 2023, "UNIQUENO": 61305712, "ADDDATE": "2024-03-29", "ADDTENANT": "17000F", "ADDUSER": "kikaku", "EDITDATE": "2024-03-29", "EDITTENANT": null, "EDITUSER": null, "X": -35105.25, "Y": 65859.25 }, "geometry": { "type": "Point", "coordinates": [ 136.774320432408643, 36.592929916922259 ] } },
{ "type": "Feature", "properties": { "JYUSYU": "スギ", "JYUKO": 19.7, "CHOKKEI": 22.5, "TANBOKUZAISEKI": 0.365, "JUKANCHORITSU": 12, "KEIJOHI": 88, "SHURYOHISU": 0, "DATANENDO": 2023, "UNIQUENO": 61305713, "ADDDATE": "2024-03-29", "ADDTENANT": "17000F", "ADDUSER": "kikaku", "EDITDATE": "2024-03-29", "EDITTENANT": null, "EDITUSER": null, "X": -35100.75, "Y": 65859.25 }, "geometry": { "type": "Point", "coordinates": [ 136.774370724617938, 36.59293008246258 ] } },
{ "type": "Feature", "properties": { "JYUSYU": "スギ", "JYUKO": 20.3, "CHOKKEI": 41.8, "TANBOKUZAISEKI": 1.165, "JUKANCHORITSU": 93, "KEIJOHI": 49, "SHURYOHISU": 0, "DATANENDO": 2023, "UNIQUENO": 61305714, "ADDDATE": "2024-03-29", "ADDTENANT": "17000F", "ADDUSER": "kikaku", "EDITDATE": "2024-03-29", "EDITTENANT": null, "EDITUSER": null, "X": -35059.75, "Y": 65859.25 }, "geometry": { "type": "Point", "coordinates": [ 136.774828942543849, 36.592931589741532 ] } },
{ "type": "Feature", "properties": { "JYUSYU": "スギ", "JYUKO": 34.5, "CHOKKEI": 65.1, "TANBOKUZAISEKI": 4.439, "JUKANCHORITSU": 55, "KEIJOHI": 53, "SHURYOHISU": 0, "DATANENDO": 2023, "UNIQUENO": 61305715, "ADDDATE": "2024-03-29", "ADDTENANT": "17000F", "ADDUSER": "kikaku", "EDITDATE": "2024-03-29", "EDITTENANT": null, "EDITUSER": null, "X": -35038.25, "Y": 65859.25 }, "geometry": { "type": "Point", "coordinates": [ 136.775069227567371, 36.592932379439844 ] } },
{ "type": "Feature", "properties": { "JYUSYU": "スギ", "JYUKO": 20.4, "CHOKKEI": 26.6, "TANBOKUZAISEKI": 0.513, "JUKANCHORITSU": 19, "KEIJOHI": 77, "SHURYOHISU": 0, "DATANENDO": 2023, "UNIQUENO": 61305716, "ADDDATE": "2024-03-29", "ADDTENANT": "17000F", "ADDUSER": "kikaku", "EDITDATE": "2024-03-29", "EDITTENANT": null, "EDITUSER": null, "X": -35102.750000000902, "Y": 65858.750000001906 }, "geometry": { "type": "Point", "coordinates": [ 136.774348395334528, 36.592925502825985 ] } },
{ "type": "Feature", "properties": { "JYUSYU": "スギ", "JYUKO": 28.7, "CHOKKEI": 47.1, "TANBOKUZAISEKI": 2.05, "JUKANCHORITSU": 46, "KEIJOHI": 61, "SHURYOHISU": 0, "DATANENDO": 2023, "UNIQUENO": 61305717, "ADDDATE": "2024-03-29", "ADDTENANT": "17000F", "ADDUSER": "kikaku", "EDITDATE": "2024-03-29", "EDITTENANT": null, "EDITUSER": null, "X": -35086.249999999098, "Y": 65858.750000001906 }, "geometry": { "type": "Point", "coordinates": [ 136.774532800094136, 36.592926109660134 ] } },
{ "type": "Feature", "properties": { "JYUSYU": "スギ", "JYUKO": 26.0, "CHOKKEI": 43.5, "TANBOKUZAISEKI": 1.608, "JUKANCHORITSU": 43, "KEIJOHI": 60, "SHURYOHISU": 0, "DATANENDO": 2023, "UNIQUENO": 61305718, "ADDDATE": "2024-03-29", "ADDTENANT": "17000F", "ADDUSER": "kikaku", "EDITDATE": "2024-03-29", "EDITTENANT": null, "EDITUSER": null, "X": -35094.749999999098, "Y": 65858.250000003696 }, "geometry": { "type": "Point", "coordinates": [ 136.774437826506613, 36.592921291018428 ] } },
{ "type": "Feature", "properties": { "JYUSYU": "スギ", "JYUKO": 29.3, "CHOKKEI": 52.3, "TANBOKUZAISEKI": 2.534, "JUKANCHORITSU": 48, "KEIJOHI": 56, "SHURYOHISU": 0, "DATANENDO": 2023, "UNIQUENO": 61305720, "ADDDATE": "2024-03-29", "ADDTENANT": "17000F", "ADDUSER": "kikaku", "EDITDATE": "2024-03-29", "EDITTENANT": null, "EDITUSER": null, "X": -35091.25, "Y": 65857.75 }, "geometry": { "type": "Point", "coordinates": [ 136.774476965467699, 36.59291691366942 ] } },
{ "type": "Feature", "properties": { "JYUSYU": "スギ", "JYUKO": 19.0, "CHOKKEI": 25.1, "TANBOKUZAISEKI": 0.432, "JUKANCHORITSU": 18, "KEIJOHI": 76, "SHURYOHISU": 0, "DATANENDO": 2023, "UNIQUENO": 61305723, "ADDDATE": "2024-03-29", "ADDTENANT": "17000F", "ADDUSER": "kikaku", "EDITDATE": "2024-03-29", "EDITTENANT": null, "EDITUSER": null, "X": -35104.749999999098, "Y": 65857.250000001906 }, "geometry": { "type": "Point", "coordinates": [ 136.77432611167572, 36.592911911053662 ] } },
{ "type": "Feature", "properties": { "JYUSYU": "スギ", "JYUKO": 27.3, "CHOKKEI": 55.8, "TANBOKUZAISEKI": 2.655, "JUKANCHORITSU": 94, "KEIJOHI": 49, "SHURYOHISU": 0, "DATANENDO": 2023, "UNIQUENO": 61305724, "ADDDATE": "2024-03-29", "ADDTENANT": "17000F", "ADDUSER": "kikaku", "EDITDATE": "2024-03-29", "EDITTENANT": null, "EDITUSER": null, "X": -35028.25, "Y": 65857.250000001906 }, "geometry": { "type": "Point", "coordinates": [ 136.775181079091624, 36.592914722311491 ] } },
{ "type": "Feature", "properties": { "JYUSYU": "スギ", "JYUKO": 18.3, "CHOKKEI": 29.6, "TANBOKUZAISEKI": 0.56, "JUKANCHORITSU": 18, "KEIJOHI": 62, "SHURYOHISU": 0, "DATANENDO": 2023, "UNIQUENO": 61305725, "ADDDATE": "2024-03-29", "ADDTENANT": "17000F", "ADDUSER": "kikaku", "EDITDATE": "2024-03-29", "EDITTENANT": null, "EDITUSER": null, "X": -35099.249999999098, "Y": 65856.750000003696 }, "geometry": { "type": "Point", "coordinates": [ 136.774387602724715, 36.592907607309044 ] } },
{ "type": "Feature", "properties": { "JYUSYU": "スギ", "JYUKO": 25.5, "CHOKKEI": 43.3, "TANBOKUZAISEKI": 1.557, "JUKANCHORITSU": 41, "KEIJOHI": 59, "SHURYOHISU": 0, "DATANENDO": 2023, "UNIQUENO": 61305726, "ADDDATE": "2024-03-29", "ADDTENANT": "17000F", "ADDUSER": "kikaku", "EDITDATE": "2024-03-29", "EDITTENANT": null, "EDITUSER": null, "X": -35080.749999999098, "Y": 65856.750000003696 }, "geometry": { "type": "Point", "coordinates": [ 136.774594359529971, 36.592908287611166 ] } },
{ "type": "Feature", "properties": { "JYUSYU": "スギ", "JYUKO": 4.2, "CHOKKEI": 8.0, "TANBOKUZAISEKI": 0.012, "JUKANCHORITSU": 73, "KEIJOHI": 53, "SHURYOHISU": 0, "DATANENDO": 2023, "UNIQUENO": 61305727, "ADDDATE": "2024-03-29", "ADDTENANT": "17000F", "ADDUSER": "kikaku", "EDITDATE": "2024-03-29", "EDITTENANT": null, "EDITUSER": null, "X": -35049.75, "Y": 65856.750000003696 }, "geometry": { "type": "Point", "coordinates": [ 136.774940816894826, 36.592909426772898 ] } },
{ "type": "Feature", "properties": { "JYUSYU": "スギ", "JYUKO": 26.2, "CHOKKEI": 44.8, "TANBOKUZAISEKI": 1.711, "JUKANCHORITSU": 41, "KEIJOHI": 59, "SHURYOHISU": 0, "DATANENDO": 2023, "UNIQUENO": 61305731, "ADDDATE": "2024-03-29", "ADDTENANT": "17000F", "ADDUSER": "kikaku", "EDITDATE": "2024-03-29", "EDITTENANT": null, "EDITUSER": null, "X": -35074.25, "Y": 65854.75 }, "geometry": { "type": "Point", "coordinates": [ 136.774667094978952, 36.592890502287226 ] } },
{ "type": "Feature", "properties": { "JYUSYU": "スギ", "JYUKO": 25.9, "CHOKKEI": 48.9, "TANBOKUZAISEKI": 1.981, "JUKANCHORITSU": 94, "KEIJOHI": 53, "SHURYOHISU": 0, "DATANENDO": 2023, "UNIQUENO": 61305732, "ADDDATE": "2024-03-29", "ADDTENANT": "17000F", "ADDUSER": "kikaku", "EDITDATE": "2024-03-29", "EDITTENANT": null, "EDITUSER": null, "X": -35069.75, "Y": 65854.250000001906 }, "geometry": { "type": "Point", "coordinates": [ 136.774717409952956, 36.592886161615155 ] } },
{ "type": "Feature", "properties": { "JYUSYU": "スギ", "JYUKO": 22.2, "CHOKKEI": 43.1, "TANBOKUZAISEKI": 1.349, "JUKANCHORITSU": 68, "KEIJOHI": 52, "SHURYOHISU": 0, "DATANENDO": 2023, "UNIQUENO": 61305735, "ADDDATE": "2024-03-29", "ADDTENANT": "17000F", "ADDUSER": "kikaku", "EDITDATE": "2024-03-29", "EDITTENANT": null, "EDITUSER": null, "X": -35057.749999999098, "Y": 65853.750000001906 }, "geometry": { "type": "Point", "coordinates": [ 136.774851545223072, 36.592882096495686 ] } },
{ "type": "Feature", "properties": { "JYUSYU": "スギ", "JYUKO": 16.8, "CHOKKEI": 31.4, "TANBOKUZAISEKI": 0.575, "JUKANCHORITSU": 91, "KEIJOHI": 54, "SHURYOHISU": 0, "DATANENDO": 2023, "UNIQUENO": 61305736, "ADDDATE": "2024-03-29", "ADDTENANT": "17000F", "ADDUSER": "kikaku", "EDITDATE": "2024-03-29", "EDITTENANT": null, "EDITUSER": null, "X": -35045.75, "Y": 65853.750000001906 }, "geometry": { "type": "Point", "coordinates": [ 136.774985657707873, 36.592882537291338 ] } },
{ "type": "Feature", "properties": { "JYUSYU": "スギ", "JYUKO": 22.5, "CHOKKEI": 38.1, "TANBOKUZAISEKI": 1.092, "JUKANCHORITSU": 57, "KEIJOHI": 59, "SHURYOHISU": 0, "DATANENDO": 2023, "UNIQUENO": 61305737, "ADDDATE": "2024-03-29", "ADDTENANT": "17000F", "ADDUSER": "kikaku", "EDITDATE": "2024-03-29", "EDITTENANT": null, "EDITUSER": null, "X": -35040.749999999098, "Y": 65853.750000001906 }, "geometry": { "type": "Point", "coordinates": [ 136.775041537910766, 36.592882720911646 ] } },
{ "type": "Feature", "properties": { "JYUSYU": "スギ", "JYUKO": 24.6, "CHOKKEI": 45.1, "TANBOKUZAISEKI": 1.62, "JUKANCHORITSU": 43, "KEIJOHI": 55, "SHURYOHISU": 0, "DATANENDO": 2023, "UNIQUENO": 61305738, "ADDDATE": "2024-03-29", "ADDTENANT": "17000F", "ADDUSER": "kikaku", "EDITDATE": "2024-03-29", "EDITTENANT": null, "EDITUSER": null, "X": -35035.249999999098, "Y": 65853.750000001906 }, "geometry": { "type": "Point", "coordinates": [ 136.775103006134515, 36.592882922863737 ] } },
{ "type": "Feature", "properties": { "JYUSYU": "スギ", "JYUKO": 19.6, "CHOKKEI": 32.2, "TANBOKUZAISEKI": 0.7, "JUKANCHORITSU": 94, "KEIJOHI": 61, "SHURYOHISU": 0, "DATANENDO": 2023, "UNIQUENO": 61305739, "ADDDATE": "2024-03-29", "ADDTENANT": "17000F", "ADDUSER": "kikaku", "EDITDATE": "2024-03-29", "EDITTENANT": null, "EDITUSER": null, "X": -35053.249999999098, "Y": 65853.25 }, "geometry": { "type": "Point", "coordinates": [ 136.774901860181984, 36.592877755745619 ] } },
{ "type": "Feature", "properties": { "JYUSYU": "スギ", "JYUKO": 23.1, "CHOKKEI": 32.5, "TANBOKUZAISEKI": 0.836, "JUKANCHORITSU": 78, "KEIJOHI": 71, "SHURYOHISU": 0, "DATANENDO": 2023, "UNIQUENO": 61305741, "ADDDATE": "2024-03-29", "ADDTENANT": "17000F", "ADDUSER": "kikaku", "EDITDATE": "2024-03-29", "EDITTENANT": null, "EDITUSER": null, "X": -35055.75, "Y": 65852.750000001906 }, "geometry": { "type": "Point", "coordinates": [ 136.774873942861802, 36.592873157839939 ] } },
{ "type": "Feature", "properties": { "JYUSYU": "スギ", "JYUKO": 25.3, "CHOKKEI": 47.4, "TANBOKUZAISEKI": 1.832, "JUKANCHORITSU": 77, "KEIJOHI": 53, "SHURYOHISU": 0, "DATANENDO": 2023, "UNIQUENO": 61305742, "ADDDATE": "2024-03-29", "ADDTENANT": "17000F", "ADDUSER": "kikaku", "EDITDATE": "2024-03-29", "EDITTENANT": null, "EDITUSER": null, "X": -35023.749999999098, "Y": 65852.750000001906 }, "geometry": { "type": "Point", "coordinates": [ 136.775231576120888, 36.592874332892194 ] } },
{ "type": "Feature", "properties": { "JYUSYU": "スギ", "JYUKO": 23.8, "CHOKKEI": 43.5, "TANBOKUZAISEKI": 1.471, "JUKANCHORITSU": 48, "KEIJOHI": 55, "SHURYOHISU": 0, "DATANENDO": 2023, "UNIQUENO": 61305745, "ADDDATE": "2024-03-29", "ADDTENANT": "17000F", "ADDUSER": "kikaku", "EDITDATE": "2024-03-29", "EDITTENANT": null, "EDITUSER": null, "X": -35097.249999998101, "Y": 65851.75 }, "geometry": { "type": "Point", "coordinates": [ 136.774410182871833, 36.592862620214142 ] } },
{ "type": "Feature", "properties": { "JYUSYU": "スギ", "JYUKO": 26.0, "CHOKKEI": 52.4, "TANBOKUZAISEKI": 2.261, "JUKANCHORITSU": 44, "KEIJOHI": 50, "SHURYOHISU": 0, "DATANENDO": 2023, "UNIQUENO": 61305746, "ADDDATE": "2024-03-29", "ADDTENANT": "17000F", "ADDUSER": "kikaku", "EDITDATE": "2024-03-29", "EDITTENANT": null, "EDITUSER": null, "X": -35082.75, "Y": 65851.75 }, "geometry": { "type": "Point", "coordinates": [ 136.774572235408755, 36.592863153423046 ] } },
{ "type": "Feature", "properties": { "JYUSYU": "スギ", "JYUKO": 30.1, "CHOKKEI": 56.7, "TANBOKUZAISEKI": 3.012, "JUKANCHORITSU": 62, "KEIJOHI": 53, "SHURYOHISU": 0, "DATANENDO": 2023, "UNIQUENO": 61305749, "ADDDATE": "2024-03-29", "ADDTENANT": "17000F", "ADDUSER": "kikaku", "EDITDATE": "2024-03-29", "EDITTENANT": null, "EDITUSER": null, "X": -35087.749999999098, "Y": 65851.250000001906 }, "geometry": { "type": "Point", "coordinates": [ 136.77451637802298, 36.592858463516912 ] } },
{ "type": "Feature", "properties": { "JYUSYU": "スギ", "JYUKO": 26.6, "CHOKKEI": 41.5, "TANBOKUZAISEKI": 1.508, "JUKANCHORITSU": 37, "KEIJOHI": 64, "SHURYOHISU": 0, "DATANENDO": 2023, "UNIQUENO": 61305750, "ADDDATE": "2024-03-29", "ADDTENANT": "17000F", "ADDUSER": "kikaku", "EDITDATE": "2024-03-29", "EDITTENANT": null, "EDITUSER": null, "X": -35075.750000000902, "Y": 65850.750000001906 }, "geometry": { "type": "Point", "coordinates": [ 136.774650513253533, 36.592854398623452 ] } },
{ "type": "Feature", "properties": { "JYUSYU": "スギ", "JYUKO": 21.8, "CHOKKEI": 35.6, "TANBOKUZAISEKI": 0.932, "JUKANCHORITSU": 65, "KEIJOHI": 61, "SHURYOHISU": 0, "DATANENDO": 2023, "UNIQUENO": 61305751, "ADDDATE": "2024-03-29", "ADDTENANT": "17000F", "ADDUSER": "kikaku", "EDITDATE": "2024-03-29", "EDITTENANT": null, "EDITUSER": null, "X": -35040.749999999098, "Y": 65850.25 }, "geometry": { "type": "Point", "coordinates": [ 136.775041697295933, 36.592851178448313 ] } },
{ "type": "Feature", "properties": { "JYUSYU": "スギ", "JYUKO": 23.9, "CHOKKEI": 39.0, "TANBOKUZAISEKI": 1.209, "JUKANCHORITSU": 30, "KEIJOHI": 61, "SHURYOHISU": 0, "DATANENDO": 2023, "UNIQUENO": 61305752, "ADDDATE": "2024-03-29", "ADDTENANT": "17000F", "ADDUSER": "kikaku", "EDITDATE": "2024-03-29", "EDITTENANT": null, "EDITUSER": null, "X": -35038.25, "Y": 65850.25 }, "geometry": { "type": "Point", "coordinates": [ 136.775069637386167, 36.592851270248538 ] } },
{ "type": "Feature", "properties": { "JYUSYU": "スギ", "JYUKO": 17.7, "CHOKKEI": 25.4, "TANBOKUZAISEKI": 0.411, "JUKANCHORITSU": 33, "KEIJOHI": 70, "SHURYOHISU": 0, "DATANENDO": 2023, "UNIQUENO": 61305755, "ADDDATE": "2024-03-29", "ADDTENANT": "17000F", "ADDUSER": "kikaku", "EDITDATE": "2024-03-29", "EDITTENANT": null, "EDITUSER": null, "X": -35100.75, "Y": 65849.75 }, "geometry": { "type": "Point", "coordinates": [ 136.774371157975992, 36.59284446721221 ] } },
{ "type": "Feature", "properties": { "JYUSYU": "スギ", "JYUKO": 18.6, "CHOKKEI": 30.2, "TANBOKUZAISEKI": 0.591, "JUKANCHORITSU": 20, "KEIJOHI": 62, "SHURYOHISU": 0, "DATANENDO": 2023, "UNIQUENO": 61305758, "ADDDATE": "2024-03-29", "ADDTENANT": "17000F", "ADDUSER": "kikaku", "EDITDATE": "2024-03-29", "EDITTENANT": null, "EDITUSER": null, "X": -35102.750000000902, "Y": 65849.250000001906 }, "geometry": { "type": "Point", "coordinates": [ 136.774348828717137, 36.592839887575749 ] } },
{ "type": "Feature", "properties": { "JYUSYU": "スギ", "JYUKO": 25.3, "CHOKKEI": 48.9, "TANBOKUZAISEKI": 1.937, "JUKANCHORITSU": 93, "KEIJOHI": 52, "SHURYOHISU": 0, "DATANENDO": 2023, "UNIQUENO": 61305759, "ADDDATE": "2024-03-29", "ADDTENANT": "17000F", "ADDUSER": "kikaku", "EDITDATE": "2024-03-29", "EDITTENANT": null, "EDITUSER": null, "X": -35062.75, "Y": 65849.250000001906 }, "geometry": { "type": "Point", "coordinates": [ 136.774795870074257, 36.592841358191784 ] } },
{ "type": "Feature", "properties": { "JYUSYU": "スギ", "JYUKO": 25.1, "CHOKKEI": 43.5, "TANBOKUZAISEKI": 1.545, "JUKANCHORITSU": 48, "KEIJOHI": 58, "SHURYOHISU": 0, "DATANENDO": 2023, "UNIQUENO": 61305760, "ADDDATE": "2024-03-29", "ADDTENANT": "17000F", "ADDUSER": "kikaku", "EDITDATE": "2024-03-29", "EDITTENANT": null, "EDITUSER": null, "X": -35026.249999999098, "Y": 65849.250000001906 }, "geometry": { "type": "Point", "coordinates": [ 136.7752037953409, 36.592842698665919 ] } },
{ "type": "Feature", "properties": { "JYUSYU": "スギ", "JYUKO": 26.1, "CHOKKEI": 42.3, "TANBOKUZAISEKI": 1.529, "JUKANCHORITSU": 40, "KEIJOHI": 62, "SHURYOHISU": 0, "DATANENDO": 2023, "UNIQUENO": 61305761, "ADDDATE": "2024-03-29", "ADDTENANT": "17000F", "ADDUSER": "kikaku", "EDITDATE": "2024-03-29", "EDITTENANT": null, "EDITUSER": null, "X": -35020.749999999098, "Y": 65849.250000001906 }, "geometry": { "type": "Point", "coordinates": [ 136.775265263534124, 36.592842900534137 ] } },
{ "type": "Feature", "properties": { "JYUSYU": "スギ", "JYUKO": 20.9, "CHOKKEI": 30.5, "TANBOKUZAISEKI": 0.673, "JUKANCHORITSU": 40, "KEIJOHI": 69, "SHURYOHISU": 0, "DATANENDO": 2023, "UNIQUENO": 61305764, "ADDDATE": "2024-03-29", "ADDTENANT": "17000F", "ADDUSER": "kikaku", "EDITDATE": "2024-03-29", "EDITTENANT": null, "EDITUSER": null, "X": -35095.749999998101, "Y": 65848.75 }, "geometry": { "type": "Point", "coordinates": [ 136.774427083757359, 36.592835638988689 ] } },
{ "type": "Feature", "properties": { "JYUSYU": "スギ", "JYUKO": 27.2, "CHOKKEI": 51.3, "TANBOKUZAISEKI": 2.267, "JUKANCHORITSU": 81, "KEIJOHI": 53, "SHURYOHISU": 0, "DATANENDO": 2023, "UNIQUENO": 61305765, "ADDDATE": "2024-03-29", "ADDTENANT": "17000F", "ADDUSER": "kikaku", "EDITDATE": "2024-03-29", "EDITTENANT": null, "EDITUSER": null, "X": -35068.749999998101, "Y": 65848.25 }, "geometry": { "type": "Point", "coordinates": [ 136.774728859443599, 36.592832125574155 ] } },
{ "type": "Feature", "properties": { "JYUSYU": "スギ", "JYUKO": 24.8, "CHOKKEI": 41.8, "TANBOKUZAISEKI": 1.427, "JUKANCHORITSU": 43, "KEIJOHI": 59, "SHURYOHISU": 0, "DATANENDO": 2023, "UNIQUENO": 61305766, "ADDDATE": "2024-03-29", "ADDTENANT": "17000F", "ADDUSER": "kikaku", "EDITDATE": "2024-03-29", "EDITTENANT": null, "EDITUSER": null, "X": -35055.25, "Y": 65848.25 }, "geometry": { "type": "Point", "coordinates": [ 136.774879735889726, 36.592832621613354 ] } },
{ "type": "Feature", "properties": { "JYUSYU": "スギ", "JYUKO": 21.0, "CHOKKEI": 33.0, "TANBOKUZAISEKI": 0.783, "JUKANCHORITSU": 43, "KEIJOHI": 64, "SHURYOHISU": 0, "DATANENDO": 2023, "UNIQUENO": 61305768, "ADDDATE": "2024-03-29", "ADDTENANT": "17000F", "ADDUSER": "kikaku", "EDITDATE": "2024-03-29", "EDITTENANT": null, "EDITUSER": null, "X": -35097.249999998101, "Y": 65847.750000001906 }, "geometry": { "type": "Point", "coordinates": [ 136.774410365319795, 36.592826571687247 ] } },
{ "type": "Feature", "properties": { "JYUSYU": "スギ", "JYUKO": 23.6, "CHOKKEI": 36.3, "TANBOKUZAISEKI": 1.048, "JUKANCHORITSU": 34, "KEIJOHI": 65, "SHURYOHISU": 0, "DATANENDO": 2023, "UNIQUENO": 61305772, "ADDDATE": "2024-03-29", "ADDTENANT": "17000F", "ADDUSER": "kikaku", "EDITDATE": "2024-03-29", "EDITTENANT": null, "EDITUSER": null, "X": -35086.75, "Y": 65847.25 }, "geometry": { "type": "Point", "coordinates": [ 136.77452773645274, 36.592822451759595 ] } },
{ "type": "Feature", "properties": { "JYUSYU": "スギ", "JYUKO": 20.6, "CHOKKEI": 32.8, "TANBOKUZAISEKI": 0.758, "JUKANCHORITSU": 39, "KEIJOHI": 63, "SHURYOHISU": 0, "DATANENDO": 2023, "UNIQUENO": 61305773, "ADDDATE": "2024-03-29", "ADDTENANT": "17000F", "ADDUSER": "kikaku", "EDITDATE": "2024-03-29", "EDITTENANT": null, "EDITUSER": null, "X": -35092.75, "Y": 65846.75 }, "geometry": { "type": "Point", "coordinates": [ 136.774460703068655, 36.592817725057408 ] } },
{ "type": "Feature", "properties": { "JYUSYU": "スギ", "JYUKO": 24.6, "CHOKKEI": 36.2, "TANBOKUZAISEKI": 1.085, "JUKANCHORITSU": 42, "KEIJOHI": 68, "SHURYOHISU": 0, "DATANENDO": 2023, "UNIQUENO": 61305774, "ADDDATE": "2024-03-29", "ADDTENANT": "17000F", "ADDUSER": "kikaku", "EDITDATE": "2024-03-29", "EDITTENANT": null, "EDITUSER": null, "X": -35090.249999999098, "Y": 65846.75 }, "geometry": { "type": "Point", "coordinates": [ 136.774488643144934, 36.592817816993758 ] } },
{ "type": "Feature", "properties": { "JYUSYU": "スギ", "JYUKO": 30.1, "CHOKKEI": 56.7, "TANBOKUZAISEKI": 3.012, "JUKANCHORITSU": 50, "KEIJOHI": 53, "SHURYOHISU": 0, "DATANENDO": 2023, "UNIQUENO": 61305775, "ADDDATE": "2024-03-29", "ADDTENANT": "17000F", "ADDUSER": "kikaku", "EDITDATE": "2024-03-29", "EDITTENANT": null, "EDITUSER": null, "X": -35075.25, "Y": 65846.75 }, "geometry": { "type": "Point", "coordinates": [ 136.774656283605111, 36.592818368474312 ] } },
{ "type": "Feature", "properties": { "JYUSYU": "スギ", "JYUKO": 23.9, "CHOKKEI": 32.8, "TANBOKUZAISEKI": 0.883, "JUKANCHORITSU": 26, "KEIJOHI": 73, "SHURYOHISU": 0, "DATANENDO": 2023, "UNIQUENO": 61305776, "ADDDATE": "2024-03-29", "ADDTENANT": "17000F", "ADDUSER": "kikaku", "EDITDATE": "2024-03-29", "EDITTENANT": null, "EDITUSER": null, "X": -35020.25, "Y": 65846.75 }, "geometry": { "type": "Point", "coordinates": [ 136.77527096533143, 36.592820388552504 ] } },
{ "type": "Feature", "properties": { "JYUSYU": "スギ", "JYUKO": 18.4, "CHOKKEI": 24.1, "TANBOKUZAISEKI": 0.385, "JUKANCHORITSU": 29, "KEIJOHI": 76, "SHURYOHISU": 0, "DATANENDO": 2023, "UNIQUENO": 61305778, "ADDDATE": "2024-03-29", "ADDTENANT": "17000F", "ADDUSER": "kikaku", "EDITDATE": "2024-03-29", "EDITTENANT": null, "EDITUSER": null, "X": -35102.25, "Y": 65846.250000001906 }, "geometry": { "type": "Point", "coordinates": [ 136.774354553589262, 36.592812869573713 ] } },
{ "type": "Feature", "properties": { "JYUSYU": "スギ", "JYUKO": 25.2, "CHOKKEI": 47.3, "TANBOKUZAISEKI": 1.815, "JUKANCHORITSU": 55, "KEIJOHI": 53, "SHURYOHISU": 0, "DATANENDO": 2023, "UNIQUENO": 61305779, "ADDDATE": "2024-03-29", "ADDTENANT": "17000F", "ADDUSER": "kikaku", "EDITDATE": "2024-03-29", "EDITTENANT": null, "EDITUSER": null, "X": -35052.75, "Y": 65846.250000001906 }, "geometry": { "type": "Point", "coordinates": [ 136.774907767080975, 36.592814689186937 ] } },
{ "type": "Feature", "properties": { "JYUSYU": "スギ", "JYUKO": 27.5, "CHOKKEI": 56.3, "TANBOKUZAISEKI": 2.724, "JUKANCHORITSU": 94, "KEIJOHI": 49, "SHURYOHISU": 0, "DATANENDO": 2023, "UNIQUENO": 61305780, "ADDDATE": "2024-03-29", "ADDTENANT": "17000F", "ADDUSER": "kikaku", "EDITDATE": "2024-03-29", "EDITTENANT": null, "EDITUSER": null, "X": -35046.75, "Y": 65846.250000001906 }, "geometry": { "type": "Point", "coordinates": [ 136.774974823265154, 36.592814909571644 ] } },
{ "type": "Feature", "properties": { "JYUSYU": "スギ", "JYUKO": 27.8, "CHOKKEI": 50.1, "TANBOKUZAISEKI": 2.222, "JUKANCHORITSU": 48, "KEIJOHI": 56, "SHURYOHISU": 0, "DATANENDO": 2023, "UNIQUENO": 61305781, "ADDDATE": "2024-03-29", "ADDTENANT": "17000F", "ADDUSER": "kikaku", "EDITDATE": "2024-03-29", "EDITTENANT": null, "EDITUSER": null, "X": -35033.249999998101, "Y": 65845.75 }, "geometry": { "type": "Point", "coordinates": [ 136.775125722446631, 36.592810899233008 ] } },
{ "type": "Feature", "properties": { "JYUSYU": "スギ", "JYUKO": 28.6, "CHOKKEI": 52.5, "TANBOKUZAISEKI": 2.487, "JUKANCHORITSU": 56, "KEIJOHI": 55, "SHURYOHISU": 0, "DATANENDO": 2023, "UNIQUENO": 61305784, "ADDDATE": "2024-03-29", "ADDTENANT": "17000F", "ADDUSER": "kikaku", "EDITDATE": "2024-03-29", "EDITTENANT": null, "EDITUSER": null, "X": -35029.75, "Y": 65845.25 }, "geometry": { "type": "Point", "coordinates": [ 136.775164861315176, 36.592806521657508 ] } },
{ "type": "Feature", "properties": { "JYUSYU": "スギ", "JYUKO": 20.6, "CHOKKEI": 33.1, "TANBOKUZAISEKI": 0.771, "JUKANCHORITSU": 34, "KEIJOHI": 62, "SHURYOHISU": 0, "DATANENDO": 2023, "UNIQUENO": 61305786, "ADDDATE": "2024-03-29", "ADDTENANT": "17000F", "ADDUSER": "kikaku", "EDITDATE": "2024-03-29", "EDITTENANT": null, "EDITUSER": null, "X": -35103.249999999098, "Y": 65844.750000001906 }, "geometry": { "type": "Point", "coordinates": [ 136.774343445989189, 36.592799314589818 ] } },
{ "type": "Feature", "properties": { "JYUSYU": "スギ", "JYUKO": 26.8, "CHOKKEI": 50.1, "TANBOKUZAISEKI": 2.139, "JUKANCHORITSU": 51, "KEIJOHI": 54, "SHURYOHISU": 0, "DATANENDO": 2023, "UNIQUENO": 61305788, "ADDDATE": "2024-03-29", "ADDTENANT": "17000F", "ADDUSER": "kikaku", "EDITDATE": "2024-03-29", "EDITTENANT": null, "EDITUSER": null, "X": -35067.749999999098, "Y": 65844.249999998094 }, "geometry": { "type": "Point", "coordinates": [ 136.774740217770841, 36.592796113795814 ] } },
{ "type": "Feature", "properties": { "JYUSYU": "スギ", "JYUKO": 15.1, "CHOKKEI": 24.7, "TANBOKUZAISEKI": 0.332, "JUKANCHORITSU": 24, "KEIJOHI": 61, "SHURYOHISU": 0, "DATANENDO": 2023, "UNIQUENO": 61305789, "ADDDATE": "2024-03-29", "ADDTENANT": "17000F", "ADDUSER": "kikaku", "EDITDATE": "2024-03-29", "EDITTENANT": null, "EDITUSER": null, "X": -35100.75, "Y": 65843.75 }, "geometry": { "type": "Point", "coordinates": [ 136.774371431674837, 36.59279039442184 ] } },
{ "type": "Feature", "properties": { "JYUSYU": "スギ", "JYUKO": 24.5, "CHOKKEI": 42.6, "TANBOKUZAISEKI": 1.456, "JUKANCHORITSU": 50, "KEIJOHI": 58, "SHURYOHISU": 0, "DATANENDO": 2023, "UNIQUENO": 61305790, "ADDDATE": "2024-03-29", "ADDTENANT": "17000F", "ADDUSER": "kikaku", "EDITDATE": "2024-03-29", "EDITTENANT": null, "EDITUSER": null, "X": -35088.25, "Y": 65843.75 }, "geometry": { "type": "Point", "coordinates": [ 136.774511132006609, 36.592790854142436 ] } },
{ "type": "Feature", "properties": { "JYUSYU": "スギ", "JYUKO": 22.4, "CHOKKEI": 34.8, "TANBOKUZAISEKI": 0.919, "JUKANCHORITSU": 32, "KEIJOHI": 64, "SHURYOHISU": 0, "DATANENDO": 2023, "UNIQUENO": 61305791, "ADDDATE": "2024-03-29", "ADDTENANT": "17000F", "ADDUSER": "kikaku", "EDITDATE": "2024-03-29", "EDITTENANT": null, "EDITUSER": null, "X": -35079.249999999098, "Y": 65843.75 }, "geometry": { "type": "Point", "coordinates": [ 136.774611716247449, 36.592791185039871 ] } },
{ "type": "Feature", "properties": { "JYUSYU": "スギ", "JYUKO": 25.4, "CHOKKEI": 45.7, "TANBOKUZAISEKI": 1.717, "JUKANCHORITSU": 48, "KEIJOHI": 56, "SHURYOHISU": 0, "DATANENDO": 2023, "UNIQUENO": 61305793, "ADDDATE": "2024-03-29", "ADDTENANT": "17000F", "ADDUSER": "kikaku", "EDITDATE": "2024-03-29", "EDITTENANT": null, "EDITUSER": null, "X": -35060.749999999098, "Y": 65843.250000001906 }, "geometry": { "type": "Point", "coordinates": [ 136.7748184955299, 36.592787358885268 ] } },
{ "type": "Feature", "properties": { "JYUSYU": "スギ", "JYUKO": 23.6, "CHOKKEI": 37.9, "TANBOKUZAISEKI": 1.133, "JUKANCHORITSU": 29, "KEIJOHI": 62, "SHURYOHISU": 0, "DATANENDO": 2023, "UNIQUENO": 61305794, "ADDDATE": "2024-03-29", "ADDTENANT": "17000F", "ADDUSER": "kikaku", "EDITDATE": "2024-03-29", "EDITTENANT": null, "EDITUSER": null, "X": -35024.25, "Y": 65843.250000001906 }, "geometry": { "type": "Point", "coordinates": [ 136.775226420513405, 36.592788699280291 ] } },
{ "type": "Feature", "properties": { "JYUSYU": "スギ", "JYUKO": 25.9, "CHOKKEI": 42.5, "TANBOKUZAISEKI": 1.528, "JUKANCHORITSU": 26, "KEIJOHI": 61, "SHURYOHISU": 0, "DATANENDO": 2023, "UNIQUENO": 61305795, "ADDDATE": "2024-03-29", "ADDTENANT": "17000F", "ADDUSER": "kikaku", "EDITDATE": "2024-03-29", "EDITTENANT": null, "EDITUSER": null, "X": -35019.249999999098, "Y": 65843.250000001906 }, "geometry": { "type": "Point", "coordinates": [ 136.775282300650247, 36.592788882787332 ] } },
{ "type": "Feature", "properties": { "JYUSYU": "スギ", "JYUKO": 21.7, "CHOKKEI": 32.0, "TANBOKUZAISEKI": 0.766, "JUKANCHORITSU": 34, "KEIJOHI": 68, "SHURYOHISU": 0, "DATANENDO": 2023, "UNIQUENO": 61305796, "ADDDATE": "2024-03-29", "ADDTENANT": "17000F", "ADDUSER": "kikaku", "EDITDATE": "2024-03-29", "EDITTENANT": null, "EDITUSER": null, "X": -35083.75, "Y": 65842.750000003696 }, "geometry": { "type": "Point", "coordinates": [ 136.774561469721135, 36.592782007469815 ] } },
{ "type": "Feature", "properties": { "JYUSYU": "スギ", "JYUKO": 25.8, "CHOKKEI": 52.7, "TANBOKUZAISEKI": 2.259, "JUKANCHORITSU": 86, "KEIJOHI": 49, "SHURYOHISU": 0, "DATANENDO": 2023, "UNIQUENO": 61305797, "ADDDATE": "2024-03-29", "ADDTENANT": "17000F", "ADDUSER": "kikaku", "EDITDATE": "2024-03-29", "EDITTENANT": null, "EDITUSER": null, "X": -35038.75, "Y": 65842.750000003696 }, "geometry": { "type": "Point", "coordinates": [ 136.775064390887394, 36.592783660895506 ] } },
{ "type": "Feature", "properties": { "JYUSYU": "スギ", "JYUKO": 15.6, "CHOKKEI": 26.0, "TANBOKUZAISEKI": 0.378, "JUKANCHORITSU": 36, "KEIJOHI": 60, "SHURYOHISU": 0, "DATANENDO": 2023, "UNIQUENO": 61305799, "ADDDATE": "2024-03-29", "ADDTENANT": "17000F", "ADDUSER": "kikaku", "EDITDATE": "2024-03-29", "EDITTENANT": null, "EDITUSER": null, "X": -35094.250000000902, "Y": 65842.25 }, "geometry": { "type": "Point", "coordinates": [ 136.774444144258894, 36.592777115299199 ] } },
{ "type": "Feature", "properties": { "JYUSYU": "スギ", "JYUKO": 29.0, "CHOKKEI": 47.9, "TANBOKUZAISEKI": 2.134, "JUKANCHORITSU": 43, "KEIJOHI": 61, "SHURYOHISU": 0, "DATANENDO": 2023, "UNIQUENO": 61305802, "ADDDATE": "2024-03-29", "ADDTENANT": "17000F", "ADDUSER": "kikaku", "EDITDATE": "2024-03-29", "EDITTENANT": null, "EDITUSER": null, "X": -35074.25, "Y": 65841.750000001906 }, "geometry": { "type": "Point", "coordinates": [ 136.7746676875459, 36.592773344570915 ] } },
{ "type": "Feature", "properties": { "JYUSYU": "スギ", "JYUKO": 26.8, "CHOKKEI": 45.0, "TANBOKUZAISEKI": 1.761, "JUKANCHORITSU": 37, "KEIJOHI": 60, "SHURYOHISU": 0, "DATANENDO": 2023, "UNIQUENO": 61305803, "ADDDATE": "2024-03-29", "ADDTENANT": "17000F", "ADDUSER": "kikaku", "EDITDATE": "2024-03-29", "EDITTENANT": null, "EDITUSER": null, "X": -35032.75, "Y": 65841.750000001906 }, "geometry": { "type": "Point", "coordinates": [ 136.77513149257399, 36.592774869059305 ] } },
{ "type": "Feature", "properties": { "JYUSYU": "スギ", "JYUKO": 23.6, "CHOKKEI": 36.1, "TANBOKUZAISEKI": 1.037, "JUKANCHORITSU": 28, "KEIJOHI": 65, "SHURYOHISU": 0, "DATANENDO": 2023, "UNIQUENO": 61305805, "ADDDATE": "2024-03-29", "ADDTENANT": "17000F", "ADDUSER": "kikaku", "EDITDATE": "2024-03-29", "EDITTENANT": null, "EDITUSER": null, "X": -35083.249999999098, "Y": 65841.250000003696 }, "geometry": { "type": "Point", "coordinates": [ 136.774567126124339, 36.592768507654874 ] } },
{ "type": "Feature", "properties": { "JYUSYU": "スギ", "JYUKO": 23.2, "CHOKKEI": 38.1, "TANBOKUZAISEKI": 1.125, "JUKANCHORITSU": 72, "KEIJOHI": 61, "SHURYOHISU": 0, "DATANENDO": 2023, "UNIQUENO": 61305806, "ADDDATE": "2024-03-29", "ADDTENANT": "17000F", "ADDUSER": "kikaku", "EDITDATE": "2024-03-29", "EDITTENANT": null, "EDITUSER": null, "X": -35085.749999998101, "Y": 65840.75 }, "geometry": { "type": "Point", "coordinates": [ 136.774539208864041, 36.592763909670992 ] } },
{ "type": "Feature", "properties": { "JYUSYU": "スギ", "JYUKO": 15.5, "CHOKKEI": 32.0, "TANBOKUZAISEKI": 0.549, "JUKANCHORITSU": 69, "KEIJOHI": 48, "SHURYOHISU": 0, "DATANENDO": 2023, "UNIQUENO": 61305809, "ADDDATE": "2024-03-29", "ADDTENANT": "17000F", "ADDUSER": "kikaku", "EDITDATE": "2024-03-29", "EDITTENANT": null, "EDITUSER": null, "X": -35096.249999999098, "Y": 65840.250000001906 }, "geometry": { "type": "Point", "coordinates": [ 136.77442188343079, 36.59275901747867 ] } },
{ "type": "Feature", "properties": { "JYUSYU": "スギ", "JYUKO": 26.3, "CHOKKEI": 39.2, "TANBOKUZAISEKI": 1.344, "JUKANCHORITSU": 54, "KEIJOHI": 67, "SHURYOHISU": 0, "DATANENDO": 2023, "UNIQUENO": 61305810, "ADDDATE": "2024-03-29", "ADDTENANT": "17000F", "ADDUSER": "kikaku", "EDITDATE": "2024-03-29", "EDITTENANT": null, "EDITUSER": null, "X": -35051.749999998101, "Y": 65840.250000001906 }, "geometry": { "type": "Point", "coordinates": [ 136.774919216428032, 36.592760653126156 ] } },
{ "type": "Feature", "properties": { "JYUSYU": "スギ", "JYUKO": 22.8, "CHOKKEI": 35.5, "TANBOKUZAISEKI": 0.971, "JUKANCHORITSU": 17, "KEIJOHI": 64, "SHURYOHISU": 0, "DATANENDO": 2023, "UNIQUENO": 61305811, "ADDDATE": "2024-03-29", "ADDTENANT": "17000F", "ADDUSER": "kikaku", "EDITDATE": "2024-03-29", "EDITTENANT": null, "EDITUSER": null, "X": -35026.749999999098, "Y": 65840.250000001906 }, "geometry": { "type": "Point", "coordinates": [ 136.775198617005827, 36.592761571118899 ] } },
{ "type": "Feature", "properties": { "JYUSYU": "スギ", "JYUKO": 23.4, "CHOKKEI": 31.9, "TANBOKUZAISEKI": 0.822, "JUKANCHORITSU": 20, "KEIJOHI": 73, "SHURYOHISU": 0, "DATANENDO": 2023, "UNIQUENO": 61305812, "ADDDATE": "2024-03-29", "ADDTENANT": "17000F", "ADDUSER": "kikaku", "EDITDATE": "2024-03-29", "EDITTENANT": null, "EDITUSER": null, "X": -35018.75, "Y": 65840.250000001906 }, "geometry": { "type": "Point", "coordinates": [ 136.775288025193419, 36.592761864738257 ] } },
{ "type": "Feature", "properties": { "JYUSYU": "スギ", "JYUKO": 18.7, "CHOKKEI": 38.0, "TANBOKUZAISEKI": 0.902, "JUKANCHORITSU": 62, "KEIJOHI": 49, "SHURYOHISU": 0, "DATANENDO": 2023, "UNIQUENO": 61305816, "ADDDATE": "2024-03-29", "ADDTENANT": "17000F", "ADDUSER": "kikaku", "EDITDATE": "2024-03-29", "EDITTENANT": null, "EDITUSER": null, "X": -35101.25, "Y": 65839.25 }, "geometry": { "type": "Point", "coordinates": [ 136.774366048938219, 36.592749821436541 ] } },
{ "type": "Feature", "properties": { "JYUSYU": "スギ", "JYUKO": 29.6, "CHOKKEI": 55.9, "TANBOKUZAISEKI": 2.881, "JUKANCHORITSU": 64, "KEIJOHI": 53, "SHURYOHISU": 0, "DATANENDO": 2023, "UNIQUENO": 61305817, "ADDDATE": "2024-03-29", "ADDTENANT": "17000F", "ADDUSER": "kikaku", "EDITDATE": "2024-03-29", "EDITTENANT": null, "EDITUSER": null, "X": -35077.749999999098, "Y": 65839.25 }, "geometry": { "type": "Point", "coordinates": [ 136.774628685426933, 36.59275068558685 ] } },
{ "type": "Feature", "properties": { "JYUSYU": "スギ", "JYUKO": 29.7, "CHOKKEI": 56.1, "TANBOKUZAISEKI": 2.907, "JUKANCHORITSU": 76, "KEIJOHI": 53, "SHURYOHISU": 0, "DATANENDO": 2023, "UNIQUENO": 61305818, "ADDDATE": "2024-03-29", "ADDTENANT": "17000F", "ADDUSER": "kikaku", "EDITDATE": "2024-03-29", "EDITTENANT": null, "EDITUSER": null, "X": -35054.749999999098, "Y": 65839.25 }, "geometry": { "type": "Point", "coordinates": [ 136.774885733916079, 36.592751530790636 ] } },
{ "type": "Feature", "properties": { "JYUSYU": "スギ", "JYUKO": 26.0, "CHOKKEI": 44.0, "TANBOKUZAISEKI": 1.639, "JUKANCHORITSU": 47, "KEIJOHI": 59, "SHURYOHISU": 0, "DATANENDO": 2023, "UNIQUENO": 61305819, "ADDDATE": "2024-03-29", "ADDTENANT": "17000F", "ADDUSER": "kikaku", "EDITDATE": "2024-03-29", "EDITTENANT": null, "EDITUSER": null, "X": -35022.75, "Y": 65839.25 }, "geometry": { "type": "Point", "coordinates": [ 136.775243366614433, 36.59275270580418 ] } },
{ "type": "Feature", "properties": { "JYUSYU": "スギ", "JYUKO": 28.9, "CHOKKEI": 51.9, "TANBOKUZAISEKI": 2.46, "JUKANCHORITSU": 54, "KEIJOHI": 56, "SHURYOHISU": 0, "DATANENDO": 2023, "UNIQUENO": 61305823, "ADDDATE": "2024-03-29", "ADDTENANT": "17000F", "ADDUSER": "kikaku", "EDITDATE": "2024-03-29", "EDITTENANT": null, "EDITUSER": null, "X": -35061.25, "Y": 65838.250000003696 }, "geometry": { "type": "Point", "coordinates": [ 136.774813135341759, 36.592742279852615 ] } },
{ "type": "Feature", "properties": { "JYUSYU": "スギ", "JYUKO": 17.6, "CHOKKEI": 32.4, "TANBOKUZAISEKI": 0.639, "JUKANCHORITSU": 94, "KEIJOHI": 54, "SHURYOHISU": 0, "DATANENDO": 2023, "UNIQUENO": 61305824, "ADDDATE": "2024-03-29", "ADDTENANT": "17000F", "ADDUSER": "kikaku", "EDITDATE": "2024-03-29", "EDITTENANT": null, "EDITUSER": null, "X": -35049.75, "Y": 65838.250000003696 }, "geometry": { "type": "Point", "coordinates": [ 136.774941659573869, 36.592742702324813 ] } },
{ "type": "Feature", "properties": { "JYUSYU": "スギ", "JYUKO": 24.3, "CHOKKEI": 48.4, "TANBOKUZAISEKI": 1.823, "JUKANCHORITSU": 88, "KEIJOHI": 50, "SHURYOHISU": 0, "DATANENDO": 2023, "UNIQUENO": 61305829, "ADDDATE": "2024-03-29", "ADDTENANT": "17000F", "ADDUSER": "kikaku", "EDITDATE": "2024-03-29", "EDITTENANT": null, "EDITUSER": null, "X": -35070.749999999098, "Y": 65836.750000001906 }, "geometry": { "type": "Point", "coordinates": [ 136.774707031517977, 36.592728412550976 ] } },
{ "type": "Feature", "properties": { "JYUSYU": "スギ", "JYUKO": 8.7, "CHOKKEI": 17.5, "TANBOKUZAISEKI": 0.102, "JUKANCHORITSU": 24, "KEIJOHI": 50, "SHURYOHISU": 0, "DATANENDO": 2023, "UNIQUENO": 61305830, "ADDDATE": "2024-03-29", "ADDTENANT": "17000F", "ADDUSER": "kikaku", "EDITDATE": "2024-03-29", "EDITTENANT": null, "EDITUSER": null, "X": -35098.749999999098, "Y": 65836.25 }, "geometry": { "type": "Point", "coordinates": [ 136.774394125830781, 36.592722876999318 ] } },
{ "type": "Feature", "properties": { "JYUSYU": "スギ", "JYUKO": 28.1, "CHOKKEI": 47.0, "TANBOKUZAISEKI": 1.996, "JUKANCHORITSU": 54, "KEIJOHI": 60, "SHURYOHISU": 0, "DATANENDO": 2023, "UNIQUENO": 61305831, "ADDDATE": "2024-03-29", "ADDTENANT": "17000F", "ADDUSER": "kikaku", "EDITDATE": "2024-03-29", "EDITTENANT": null, "EDITUSER": null, "X": -35066.249999999098, "Y": 65836.25 }, "geometry": { "type": "Point", "coordinates": [ 136.774757346384575, 36.592724071861248 ] } },
{ "type": "Feature", "properties": { "JYUSYU": "スギ", "JYUKO": 25.2, "CHOKKEI": 46.8, "TANBOKUZAISEKI": 1.782, "JUKANCHORITSU": 41, "KEIJOHI": 54, "SHURYOHISU": 0, "DATANENDO": 2023, "UNIQUENO": 61305832, "ADDDATE": "2024-03-29", "ADDTENANT": "17000F", "ADDUSER": "kikaku", "EDITDATE": "2024-03-29", "EDITTENANT": null, "EDITUSER": null, "X": -35029.249999999098, "Y": 65836.25 }, "geometry": { "type": "Point", "coordinates": [ 136.775170859041083, 36.592725430818284 ] } },
{ "type": "Feature", "properties": { "JYUSYU": "スギ", "JYUKO": 24.2, "CHOKKEI": 39.4, "TANBOKUZAISEKI": 1.248, "JUKANCHORITSU": 46, "KEIJOHI": 61, "SHURYOHISU": 0, "DATANENDO": 2023, "UNIQUENO": 61305833, "ADDDATE": "2024-03-29", "ADDTENANT": "17000F", "ADDUSER": "kikaku", "EDITDATE": "2024-03-29", "EDITTENANT": null, "EDITUSER": null, "X": -35018.75, "Y": 65836.25 }, "geometry": { "type": "Point", "coordinates": [ 136.775288207232393, 36.592725816206929 ] } },
{ "type": "Feature", "properties": { "JYUSYU": "スギ", "JYUKO": 10.5, "CHOKKEI": 20.0, "TANBOKUZAISEKI": 0.157, "JUKANCHORITSU": 47, "KEIJOHI": 53, "SHURYOHISU": 0, "DATANENDO": 2023, "UNIQUENO": 61305837, "ADDDATE": "2024-03-29", "ADDTENANT": "17000F", "ADDUSER": "kikaku", "EDITDATE": "2024-03-29", "EDITTENANT": null, "EDITUSER": null, "X": -35095.25, "Y": 65835.750000001906 }, "geometry": { "type": "Point", "coordinates": [ 136.774433264693926, 36.592718499663967 ] } },
{ "type": "Feature", "properties": { "JYUSYU": "スギ", "JYUKO": 23.7, "CHOKKEI": 42.2, "TANBOKUZAISEKI": 1.384, "JUKANCHORITSU": 55, "KEIJOHI": 56, "SHURYOHISU": 0, "DATANENDO": 2023, "UNIQUENO": 61305838, "ADDDATE": "2024-03-29", "ADDTENANT": "17000F", "ADDUSER": "kikaku", "EDITDATE": "2024-03-29", "EDITTENANT": null, "EDITUSER": null, "X": -35083.249999999098, "Y": 65835.750000001906 }, "geometry": { "type": "Point", "coordinates": [ 136.774567376888967, 36.59271894092857 ] } },
{ "type": "Feature", "properties": { "JYUSYU": "スギ", "JYUKO": 23.4, "CHOKKEI": 38.9, "TANBOKUZAISEKI": 1.177, "JUKANCHORITSU": 41, "KEIJOHI": 60, "SHURYOHISU": 0, "DATANENDO": 2023, "UNIQUENO": 61305839, "ADDDATE": "2024-03-29", "ADDTENANT": "17000F", "ADDUSER": "kikaku", "EDITDATE": "2024-03-29", "EDITTENANT": null, "EDITUSER": null, "X": -35081.749999999098, "Y": 65835.750000001906 }, "geometry": { "type": "Point", "coordinates": [ 136.774584140913561, 36.592718996076037 ] } },
{ "type": "Feature", "properties": { "JYUSYU": "スギ", "JYUKO": 24.2, "CHOKKEI": 37.5, "TANBOKUZAISEKI": 1.138, "JUKANCHORITSU": 36, "KEIJOHI": 65, "SHURYOHISU": 0, "DATANENDO": 2023, "UNIQUENO": 61305840, "ADDDATE": "2024-03-29", "ADDTENANT": "17000F", "ADDUSER": "kikaku", "EDITDATE": "2024-03-29", "EDITTENANT": null, "EDITUSER": null, "X": -35032.75, "Y": 65835.750000001906 }, "geometry": { "type": "Point", "coordinates": [ 136.775131765741719, 36.592720796263393 ] } },
{ "type": "Feature", "properties": { "JYUSYU": "スギ", "JYUKO": 25.1, "CHOKKEI": 36.9, "TANBOKUZAISEKI": 1.149, "JUKANCHORITSU": 34, "KEIJOHI": 68, "SHURYOHISU": 0, "DATANENDO": 2023, "UNIQUENO": 61305842, "ADDDATE": "2024-03-29", "ADDTENANT": "17000F", "ADDUSER": "kikaku", "EDITDATE": "2024-03-29", "EDITTENANT": null, "EDITUSER": null, "X": -35062.249999999098, "Y": 65835.250000001906 }, "geometry": { "type": "Point", "coordinates": [ 136.774802096020437, 36.592715206712356 ] } },
{ "type": "Feature", "properties": { "JYUSYU": "スギ", "JYUKO": 21.6, "CHOKKEI": 41.4, "TANBOKUZAISEKI": 1.217, "JUKANCHORITSU": 73, "KEIJOHI": 52, "SHURYOHISU": 0, "DATANENDO": 2023, "UNIQUENO": 61305845, "ADDDATE": "2024-03-29", "ADDTENANT": "17000F", "ADDUSER": "kikaku", "EDITDATE": "2024-03-29", "EDITTENANT": null, "EDITUSER": null, "X": -35088.749999998101, "Y": 65834.75 }, "geometry": { "type": "Point", "coordinates": [ 136.774505954399899, 36.592709726568984 ] } },
{ "type": "Feature", "properties": { "JYUSYU": "スギ", "JYUKO": 27.2, "CHOKKEI": 49.9, "TANBOKUZAISEKI": 2.151, "JUKANCHORITSU": 57, "KEIJOHI": 55, "SHURYOHISU": 0, "DATANENDO": 2023, "UNIQUENO": 61305851, "ADDDATE": "2024-03-29", "ADDTENANT": "17000F", "ADDUSER": "kikaku", "EDITDATE": "2024-03-29", "EDITTENANT": null, "EDITUSER": null, "X": -35057.250000000902, "Y": 65833.750000001906 }, "geometry": { "type": "Point", "coordinates": [ 136.774858044440975, 36.592701872219394 ] } },
{ "type": "Feature", "properties": { "JYUSYU": "スギ", "JYUKO": 21.3, "CHOKKEI": 32.0, "TANBOKUZAISEKI": 0.752, "JUKANCHORITSU": 58, "KEIJOHI": 67, "SHURYOHISU": 0, "DATANENDO": 2023, "UNIQUENO": 61305852, "ADDDATE": "2024-03-29", "ADDTENANT": "17000F", "ADDUSER": "kikaku", "EDITDATE": "2024-03-29", "EDITTENANT": null, "EDITUSER": null, "X": -35017.749999999098, "Y": 65833.25 }, "geometry": { "type": "Point", "coordinates": [ 136.775299519775899, 36.592698816505923 ] } },
{ "type": "Feature", "properties": { "JYUSYU": "スギ", "JYUKO": 21.8, "CHOKKEI": 37.8, "TANBOKUZAISEKI": 1.045, "JUKANCHORITSU": 59, "KEIJOHI": 58, "SHURYOHISU": 0, "DATANENDO": 2023, "UNIQUENO": 61305855, "ADDDATE": "2024-03-29", "ADDTENANT": "17000F", "ADDUSER": "kikaku", "EDITDATE": "2024-03-29", "EDITTENANT": null, "EDITUSER": null, "X": -35025.75, "Y": 65832.750000001906 }, "geometry": { "type": "Point", "coordinates": [ 136.775210134420263, 36.592694016829235 ] } },
{ "type": "Feature", "properties": { "JYUSYU": "スギ", "JYUKO": 31.8, "CHOKKEI": 61.3, "TANBOKUZAISEKI": 3.674, "JUKANCHORITSU": 54, "KEIJOHI": 52, "SHURYOHISU": 0, "DATANENDO": 2023, "UNIQUENO": 61305857, "ADDDATE": "2024-03-29", "ADDTENANT": "17000F", "ADDUSER": "kikaku", "EDITDATE": "2024-03-29", "EDITTENANT": null, "EDITUSER": null, "X": -35036.75, "Y": 65832.250000001906 }, "geometry": { "type": "Point", "coordinates": [ 136.775087221037978, 36.592689106939282 ] } },
{ "type": "Feature", "properties": { "JYUSYU": "スギ", "JYUKO": 23.5, "CHOKKEI": 47.1, "TANBOKUZAISEKI": 1.681, "JUKANCHORITSU": 72, "KEIJOHI": 50, "SHURYOHISU": 0, "DATANENDO": 2023, "UNIQUENO": 61305861, "ADDDATE": "2024-03-29", "ADDTENANT": "17000F", "ADDUSER": "kikaku", "EDITDATE": "2024-03-29", "EDITTENANT": null, "EDITUSER": null, "X": -35092.25, "Y": 65831.75 }, "geometry": { "type": "Point", "coordinates": [ 136.774466975163079, 36.592682561466226 ] } },
{ "type": "Feature", "properties": { "JYUSYU": "スギ", "JYUKO": 22.7, "CHOKKEI": 44.6, "TANBOKUZAISEKI": 1.463, "JUKANCHORITSU": 86, "KEIJOHI": 51, "SHURYOHISU": 0, "DATANENDO": 2023, "UNIQUENO": 61305862, "ADDDATE": "2024-03-29", "ADDTENANT": "17000F", "ADDUSER": "kikaku", "EDITDATE": "2024-03-29", "EDITTENANT": null, "EDITUSER": null, "X": -35043.249999998101, "Y": 65831.75 }, "geometry": { "type": "Point", "coordinates": [ 136.775014599726148, 36.592684362190354 ] } },
{ "type": "Feature", "properties": { "JYUSYU": "スギ", "JYUKO": 20.9, "CHOKKEI": 39.4, "TANBOKUZAISEKI": 1.079, "JUKANCHORITSU": 66, "KEIJOHI": 53, "SHURYOHISU": 0, "DATANENDO": 2023, "UNIQUENO": 61305868, "ADDDATE": "2024-03-29", "ADDTENANT": "17000F", "ADDUSER": "kikaku", "EDITDATE": "2024-03-29", "EDITTENANT": null, "EDITUSER": null, "X": -35094.749999999098, "Y": 65830.750000001906 }, "geometry": { "type": "Point", "coordinates": [ 136.774439080744031, 36.59267345739309 ] } },
{ "type": "Feature", "properties": { "JYUSYU": "スギ", "JYUKO": 27.0, "CHOKKEI": 55.2, "TANBOKUZAISEKI": 2.574, "JUKANCHORITSU": 96, "KEIJOHI": 49, "SHURYOHISU": 0, "DATANENDO": 2023, "UNIQUENO": 61305870, "ADDDATE": "2024-03-29", "ADDTENANT": "17000F", "ADDUSER": "kikaku", "EDITDATE": "2024-03-29", "EDITTENANT": null, "EDITUSER": null, "X": -35050.749999999098, "Y": 65830.25 }, "geometry": { "type": "Point", "coordinates": [ 136.774930847963589, 36.592670568533585 ] } },
{ "type": "Feature", "properties": { "JYUSYU": "スギ", "JYUKO": 20.7, "CHOKKEI": 38.2, "TANBOKUZAISEKI": 1.013, "JUKANCHORITSU": 90, "KEIJOHI": 54, "SHURYOHISU": 0, "DATANENDO": 2023, "UNIQUENO": 61305872, "ADDDATE": "2024-03-29", "ADDTENANT": "17000F", "ADDUSER": "kikaku", "EDITDATE": "2024-03-29", "EDITTENANT": null, "EDITUSER": null, "X": -35077.749999999098, "Y": 65829.75 }, "geometry": { "type": "Point", "coordinates": [ 136.774629118497188, 36.592665070331236 ] } },
{ "type": "Feature", "properties": { "JYUSYU": "スギ", "JYUKO": 24.4, "CHOKKEI": 47.8, "TANBOKUZAISEKI": 1.795, "JUKANCHORITSU": 94, "KEIJOHI": 51, "SHURYOHISU": 0, "DATANENDO": 2023, "UNIQUENO": 61305873, "ADDDATE": "2024-03-29", "ADDTENANT": "17000F", "ADDUSER": "kikaku", "EDITDATE": "2024-03-29", "EDITTENANT": null, "EDITUSER": null, "X": -35064.25, "Y": 65829.75 }, "geometry": { "type": "Point", "coordinates": [ 136.774779994616324, 36.592665566494752 ] } },
{ "type": "Feature", "properties": { "JYUSYU": "スギ", "JYUKO": 24.8, "CHOKKEI": 42.2, "TANBOKUZAISEKI": 1.449, "JUKANCHORITSU": 51, "KEIJOHI": 59, "SHURYOHISU": 0, "DATANENDO": 2023, "UNIQUENO": 61305874, "ADDDATE": "2024-03-29", "ADDTENANT": "17000F", "ADDUSER": "kikaku", "EDITDATE": "2024-03-29", "EDITTENANT": null, "EDITUSER": null, "X": -35043.749999999098, "Y": 65829.75 }, "geometry": { "type": "Point", "coordinates": [ 136.775009102804319, 36.592666319563072 ] } },
{ "type": "Feature", "properties": { "JYUSYU": "スギ", "JYUKO": 24.6, "CHOKKEI": 42.0, "TANBOKUZAISEKI": 1.421, "JUKANCHORITSU": 34, "KEIJOHI": 59, "SHURYOHISU": 0, "DATANENDO": 2023, "UNIQUENO": 61305875, "ADDDATE": "2024-03-29", "ADDTENANT": "17000F", "ADDUSER": "kikaku", "EDITDATE": "2024-03-29", "EDITTENANT": null, "EDITUSER": null, "X": -35028.25, "Y": 65829.75 }, "geometry": { "type": "Point", "coordinates": [ 136.775182330952106, 36.592666888663828 ] } },
{ "type": "Feature", "properties": { "JYUSYU": "スギ", "JYUKO": 30.2, "CHOKKEI": 45.0, "TANBOKUZAISEKI": 1.986, "JUKANCHORITSU": 35, "KEIJOHI": 67, "SHURYOHISU": 0, "DATANENDO": 2023, "UNIQUENO": 61305880, "ADDDATE": "2024-03-29", "ADDTENANT": "17000F", "ADDUSER": "kikaku", "EDITDATE": "2024-03-29", "EDITTENANT": null, "EDITUSER": null, "X": -35038.25, "Y": 65828.75 }, "geometry": { "type": "Point", "coordinates": [ 136.775070616391105, 36.592657509398144 ] } },
{ "type": "Feature", "properties": { "JYUSYU": "スギ", "JYUKO": 21.3, "CHOKKEI": 35.1, "TANBOKUZAISEKI": 0.887, "JUKANCHORITSU": 51, "KEIJOHI": 61, "SHURYOHISU": 0, "DATANENDO": 2023, "UNIQUENO": 61305884, "ADDDATE": "2024-03-29", "ADDTENANT": "17000F", "ADDUSER": "kikaku", "EDITDATE": "2024-03-29", "EDITTENANT": null, "EDITUSER": null, "X": -35081.25, "Y": 65828.25 }, "geometry": { "type": "Point", "coordinates": [ 136.774590070853037, 36.592651423466762 ] } },
{ "type": "Feature", "properties": { "JYUSYU": "スギ", "JYUKO": 28.8, "CHOKKEI": 48.7, "TANBOKUZAISEKI": 2.188, "JUKANCHORITSU": 88, "KEIJOHI": 59, "SHURYOHISU": 0, "DATANENDO": 2023, "UNIQUENO": 61305890, "ADDDATE": "2024-03-29", "ADDTENANT": "17000F", "ADDUSER": "kikaku", "EDITDATE": "2024-03-29", "EDITTENANT": null, "EDITUSER": null, "X": -35077.749999999098, "Y": 65826.75 }, "geometry": { "type": "Point", "coordinates": [ 136.774629255255832, 36.592638033934456 ] } },
{ "type": "Feature", "properties": { "JYUSYU": "スギ", "JYUKO": 28.5, "CHOKKEI": 49.0, "TANBOKUZAISEKI": 2.187, "JUKANCHORITSU": 47, "KEIJOHI": 58, "SHURYOHISU": 0, "DATANENDO": 2023, "UNIQUENO": 61305891, "ADDDATE": "2024-03-29", "ADDTENANT": "17000F", "ADDUSER": "kikaku", "EDITDATE": "2024-03-29", "EDITTENANT": null, "EDITUSER": null, "X": -35041.749999998101, "Y": 65826.75 }, "geometry": { "type": "Point", "coordinates": [ 136.775031591441433, 36.592639356611507 ] } },
{ "type": "Feature", "properties": { "JYUSYU": "スギ", "JYUKO": 13.2, "CHOKKEI": 23.0, "TANBOKUZAISEKI": 0.257, "JUKANCHORITSU": 48, "KEIJOHI": 57, "SHURYOHISU": 0, "DATANENDO": 2023, "UNIQUENO": 61305893, "ADDDATE": "2024-03-29", "ADDTENANT": "17000F", "ADDUSER": "kikaku", "EDITDATE": "2024-03-29", "EDITTENANT": null, "EDITUSER": null, "X": -35087.249999998101, "Y": 65826.250000001906 }, "geometry": { "type": "Point", "coordinates": [ 136.774523106010491, 36.592633178602142 ] } },
{ "type": "Feature", "properties": { "JYUSYU": "スギ", "JYUKO": 30.0, "CHOKKEI": 52.2, "TANBOKUZAISEKI": 2.577, "JUKANCHORITSU": 45, "KEIJOHI": 58, "SHURYOHISU": 0, "DATANENDO": 2023, "UNIQUENO": 61305894, "ADDDATE": "2024-03-29", "ADDTENANT": "17000F", "ADDUSER": "kikaku", "EDITDATE": "2024-03-29", "EDITTENANT": null, "EDITUSER": null, "X": -35029.75, "Y": 65826.250000001906 }, "geometry": { "type": "Point", "coordinates": [ 136.775165726271013, 36.592635291135657 ] } },
{ "type": "Feature", "properties": { "JYUSYU": "スギ", "JYUKO": 27.9, "CHOKKEI": 53.2, "TANBOKUZAISEKI": 2.49, "JUKANCHORITSU": 74, "KEIJOHI": 52, "SHURYOHISU": 0, "DATANENDO": 2023, "UNIQUENO": 61305899, "ADDDATE": "2024-03-29", "ADDTENANT": "17000F", "ADDUSER": "kikaku", "EDITDATE": "2024-03-29", "EDITTENANT": null, "EDITUSER": null, "X": -35061.749999999098, "Y": 65825.749999998094 }, "geometry": { "type": "Point", "coordinates": [ 136.774808116900431, 36.592629609826105 ] } },
{ "type": "Feature", "properties": { "JYUSYU": "スギ", "JYUKO": 26.5, "CHOKKEI": 43.9, "TANBOKUZAISEKI": 1.663, "JUKANCHORITSU": 32, "KEIJOHI": 60, "SHURYOHISU": 0, "DATANENDO": 2023, "UNIQUENO": 61305900, "ADDDATE": "2024-03-29", "ADDTENANT": "17000F", "ADDUSER": "kikaku", "EDITDATE": "2024-03-29", "EDITTENANT": null, "EDITUSER": null, "X": -35035.249999999098, "Y": 65825.749999998094 }, "geometry": { "type": "Point", "coordinates": [ 136.775104281008652, 36.592630583150651 ] } },
{ "type": "Feature", "properties": { "JYUSYU": "スギ", "JYUKO": 27.0, "CHOKKEI": 48.4, "TANBOKUZAISEKI": 2.028, "JUKANCHORITSU": 79, "KEIJOHI": 56, "SHURYOHISU": 0, "DATANENDO": 2023, "UNIQUENO": 61305902, "ADDDATE": "2024-03-29", "ADDTENANT": "17000F", "ADDUSER": "kikaku", "EDITDATE": "2024-03-29", "EDITTENANT": null, "EDITUSER": null, "X": -35057.250000000902, "Y": 65825.25 }, "geometry": { "type": "Point", "coordinates": [ 136.774858431697567, 36.592625269093247 ] } },
{ "type": "Feature", "properties": { "JYUSYU": "スギ", "JYUKO": 29.4, "CHOKKEI": 44.5, "TANBOKUZAISEKI": 1.889, "JUKANCHORITSU": 31, "KEIJOHI": 66, "SHURYOHISU": 0, "DATANENDO": 2023, "UNIQUENO": 61305908, "ADDDATE": "2024-03-29", "ADDTENANT": "17000F", "ADDUSER": "kikaku", "EDITDATE": "2024-03-29", "EDITTENANT": null, "EDITUSER": null, "X": -35078.25, "Y": 65824.250000003696 }, "geometry": { "type": "Point", "coordinates": [ 136.774623781220441, 36.592615485223689 ] } },
{ "type": "Feature", "properties": { "JYUSYU": "スギ", "JYUKO": 28.4, "CHOKKEI": 44.6, "TANBOKUZAISEKI": 1.836, "JUKANCHORITSU": 43, "KEIJOHI": 64, "SHURYOHISU": 0, "DATANENDO": 2023, "UNIQUENO": 61305909, "ADDDATE": "2024-03-29", "ADDTENANT": "17000F", "ADDUSER": "kikaku", "EDITDATE": "2024-03-29", "EDITTENANT": null, "EDITUSER": null, "X": -35076.75, "Y": 65824.250000003696 }, "geometry": { "type": "Point", "coordinates": [ 136.774640545222752, 36.592615540363099 ] } },
{ "type": "Feature", "properties": { "JYUSYU": "スギ", "JYUKO": 17.7, "CHOKKEI": 34.6, "TANBOKUZAISEKI": 0.723, "JUKANCHORITSU": 93, "KEIJOHI": 51, "SHURYOHISU": 0, "DATANENDO": 2023, "UNIQUENO": 61305910, "ADDDATE": "2024-03-29", "ADDTENANT": "17000F", "ADDUSER": "kikaku", "EDITDATE": "2024-03-29", "EDITTENANT": null, "EDITUSER": null, "X": -35070.749999999098, "Y": 65824.250000003696 }, "geometry": { "type": "Point", "coordinates": [ 136.774707601232507, 36.592615760897118 ] } },
{ "type": "Feature", "properties": { "JYUSYU": "スギ", "JYUKO": 24.6, "CHOKKEI": 36.9, "TANBOKUZAISEKI": 1.122, "JUKANCHORITSU": 47, "KEIJOHI": 67, "SHURYOHISU": 0, "DATANENDO": 2023, "UNIQUENO": 61305911, "ADDDATE": "2024-03-29", "ADDTENANT": "17000F", "ADDUSER": "kikaku", "EDITDATE": "2024-03-29", "EDITTENANT": null, "EDITUSER": null, "X": -35029.249999999098, "Y": 65823.75 }, "geometry": { "type": "Point", "coordinates": [ 136.775171428081393, 36.592612779158095 ] } },
{ "type": "Feature", "properties": { "JYUSYU": "スギ", "JYUKO": 25.3, "CHOKKEI": 44.1, "TANBOKUZAISEKI": 1.606, "JUKANCHORITSU": 58, "KEIJOHI": 57, "SHURYOHISU": 0, "DATANENDO": 2023, "UNIQUENO": 61305912, "ADDDATE": "2024-03-29", "ADDTENANT": "17000F", "ADDUSER": "kikaku", "EDITDATE": "2024-03-29", "EDITTENANT": null, "EDITUSER": null, "X": -35083.75, "Y": 65823.250000001906 }, "geometry": { "type": "Point", "coordinates": [ 136.774562358806236, 36.592606270893469 ] } },
{ "type": "Feature", "properties": { "JYUSYU": "スギ", "JYUKO": 23.6, "CHOKKEI": 44.7, "TANBOKUZAISEKI": 1.533, "JUKANCHORITSU": 65, "KEIJOHI": 53, "SHURYOHISU": 0, "DATANENDO": 2023, "UNIQUENO": 61305919, "ADDDATE": "2024-03-29", "ADDTENANT": "17000F", "ADDUSER": "kikaku", "EDITDATE": "2024-03-29", "EDITTENANT": null, "EDITUSER": null, "X": -35064.25, "Y": 65821.750000001906 }, "geometry": { "type": "Point", "coordinates": [ 136.774780359165305, 36.592593469435151 ] } },
{ "type": "Feature", "properties": { "JYUSYU": "スギ", "JYUKO": 22.0, "CHOKKEI": 38.7, "TANBOKUZAISEKI": 1.098, "JUKANCHORITSU": 43, "KEIJOHI": 57, "SHURYOHISU": 0, "DATANENDO": 2023, "UNIQUENO": 61305920, "ADDDATE": "2024-03-29", "ADDTENANT": "17000F", "ADDUSER": "kikaku", "EDITDATE": "2024-03-29", "EDITTENANT": null, "EDITUSER": null, "X": -35059.249999999098, "Y": 65821.750000001906 }, "geometry": { "type": "Point", "coordinates": [ 136.77483623915839, 36.59259365315048 ] } },
{ "type": "Feature", "properties": { "JYUSYU": "スギ", "JYUKO": 17.8, "CHOKKEI": 27.3, "TANBOKUZAISEKI": 0.47, "JUKANCHORITSU": 24, "KEIJOHI": 65, "SHURYOHISU": 0, "DATANENDO": 2023, "UNIQUENO": 61305921, "ADDDATE": "2024-03-29", "ADDTENANT": "17000F", "ADDUSER": "kikaku", "EDITDATE": "2024-03-29", "EDITTENANT": null, "EDITUSER": null, "X": -35045.75, "Y": 65821.750000001906 }, "geometry": { "type": "Point", "coordinates": [ 136.774987115142238, 36.592594149051003 ] } },
{ "type": "Feature", "properties": { "JYUSYU": "スギ", "JYUKO": 22.9, "CHOKKEI": 44.2, "TANBOKUZAISEKI": 1.458, "JUKANCHORITSU": 54, "KEIJOHI": 52, "SHURYOHISU": 0, "DATANENDO": 2023, "UNIQUENO": 61305924, "ADDDATE": "2024-03-29", "ADDTENANT": "17000F", "ADDUSER": "kikaku", "EDITDATE": "2024-03-29", "EDITTENANT": null, "EDITUSER": null, "X": -35088.749999998101, "Y": 65821.250000003696 }, "geometry": { "type": "Point", "coordinates": [ 136.774506570006679, 36.592588062785296 ] } },
{ "type": "Feature", "properties": { "JYUSYU": "スギ", "JYUKO": 23.4, "CHOKKEI": 46.8, "TANBOKUZAISEKI": 1.652, "JUKANCHORITSU": 73, "KEIJOHI": 50, "SHURYOHISU": 0, "DATANENDO": 2023, "UNIQUENO": 61305925, "ADDDATE": "2024-03-29", "ADDTENANT": "17000F", "ADDUSER": "kikaku", "EDITDATE": "2024-03-29", "EDITTENANT": null, "EDITUSER": null, "X": -35049.75, "Y": 65821.250000003696 }, "geometry": { "type": "Point", "coordinates": [ 136.774942433921495, 36.592589496071099 ] } },
{ "type": "Feature", "properties": { "JYUSYU": "スギ", "JYUKO": 23.2, "CHOKKEI": 31.4, "TANBOKUZAISEKI": 0.79, "JUKANCHORITSU": 17, "KEIJOHI": 74, "SHURYOHISU": 0, "DATANENDO": 2023, "UNIQUENO": 61305927, "ADDDATE": "2024-03-29", "ADDTENANT": "17000F", "ADDUSER": "kikaku", "EDITDATE": "2024-03-29", "EDITTENANT": null, "EDITUSER": null, "X": -35075.750000000902, "Y": 65820.75 }, "geometry": { "type": "Point", "coordinates": [ 136.774651880766555, 36.592584034658103 ] } },
{ "type": "Feature", "properties": { "JYUSYU": "スギ", "JYUKO": 21.5, "CHOKKEI": 29.0, "TANBOKUZAISEKI": 0.634, "JUKANCHORITSU": 35, "KEIJOHI": 74, "SHURYOHISU": 0, "DATANENDO": 2023, "UNIQUENO": 61305928, "ADDDATE": "2024-03-29", "ADDTENANT": "17000F", "ADDUSER": "kikaku", "EDITDATE": "2024-03-29", "EDITTENANT": null, "EDITUSER": null, "X": -35073.75, "Y": 65820.75 }, "geometry": { "type": "Point", "coordinates": [ 136.774674232760702, 36.592584108171451 ] } },
{ "type": "Feature", "properties": { "JYUSYU": "スギ", "JYUKO": 19.7, "CHOKKEI": 33.0, "TANBOKUZAISEKI": 0.736, "JUKANCHORITSU": 84, "KEIJOHI": 60, "SHURYOHISU": 0, "DATANENDO": 2023, "UNIQUENO": 61305929, "ADDDATE": "2024-03-29", "ADDTENANT": "17000F", "ADDUSER": "kikaku", "EDITDATE": "2024-03-29", "EDITTENANT": null, "EDITUSER": null, "X": -35070.749999999098, "Y": 65820.75 }, "geometry": { "type": "Point", "coordinates": [ 136.774707760752023, 36.592584218433622 ] } },
{ "type": "Feature", "properties": { "JYUSYU": "スギ", "JYUKO": 23.6, "CHOKKEI": 36.8, "TANBOKUZAISEKI": 1.077, "JUKANCHORITSU": 25, "KEIJOHI": 64, "SHURYOHISU": 0, "DATANENDO": 2023, "UNIQUENO": 61305930, "ADDDATE": "2024-03-29", "ADDTENANT": "17000F", "ADDUSER": "kikaku", "EDITDATE": "2024-03-29", "EDITTENANT": null, "EDITUSER": null, "X": -35038.75, "Y": 65820.75 }, "geometry": { "type": "Point", "coordinates": [ 136.775065392670712, 36.592585393976584 ] } },
{ "type": "Feature", "properties": { "JYUSYU": "スギ", "JYUKO": 27.2, "CHOKKEI": 46.4, "TANBOKUZAISEKI": 1.889, "JUKANCHORITSU": 34, "KEIJOHI": 59, "SHURYOHISU": 0, "DATANENDO": 2023, "UNIQUENO": 61305933, "ADDDATE": "2024-03-29", "ADDTENANT": "17000F", "ADDUSER": "kikaku", "EDITDATE": "2024-03-29", "EDITTENANT": null, "EDITUSER": null, "X": -35035.249999999098, "Y": 65820.250000001906 }, "geometry": { "type": "Point", "coordinates": [ 136.775104531428525, 36.592581016420077 ] } },
{ "type": "Feature", "properties": { "JYUSYU": "スギ", "JYUKO": 24.2, "CHOKKEI": 39.8, "TANBOKUZAISEKI": 1.271, "JUKANCHORITSU": 26, "KEIJOHI": 61, "SHURYOHISU": 0, "DATANENDO": 2023, "UNIQUENO": 61305936, "ADDDATE": "2024-03-29", "ADDTENANT": "17000F", "ADDUSER": "kikaku", "EDITDATE": "2024-03-29", "EDITTENANT": null, "EDITUSER": null, "X": -35031.749999998101, "Y": 65819.750000003696 }, "geometry": { "type": "Point", "coordinates": [ 136.77514367018199, 36.59257663885068 ] } },
{ "type": "Feature", "properties": { "JYUSYU": "スギ", "JYUKO": 21.9, "CHOKKEI": 39.1, "TANBOKUZAISEKI": 1.118, "JUKANCHORITSU": 25, "KEIJOHI": 56, "SHURYOHISU": 0, "DATANENDO": 2023, "UNIQUENO": 61305938, "ADDDATE": "2024-03-29", "ADDTENANT": "17000F", "ADDUSER": "kikaku", "EDITDATE": "2024-03-29", "EDITTENANT": null, "EDITUSER": null, "X": -35081.25, "Y": 65819.25 }, "geometry": { "type": "Point", "coordinates": [ 136.774590481169099, 36.59257031427628 ] } },
{ "type": "Feature", "properties": { "JYUSYU": "スギ", "JYUKO": 21.9, "CHOKKEI": 33.0, "TANBOKUZAISEKI": 0.815, "JUKANCHORITSU": 20, "KEIJOHI": 66, "SHURYOHISU": 0, "DATANENDO": 2023, "UNIQUENO": 61305943, "ADDDATE": "2024-03-29", "ADDTENANT": "17000F", "ADDUSER": "kikaku", "EDITDATE": "2024-03-29", "EDITTENANT": null, "EDITUSER": null, "X": -35078.25, "Y": 65818.750000001906 }, "geometry": { "type": "Point", "coordinates": [ 136.77462403194744, 36.592565918495801 ] } },
{ "type": "Feature", "properties": { "JYUSYU": "スギ", "JYUKO": 23.6, "CHOKKEI": 21.5, "TANBOKUZAISEKI": 0.402, "JUKANCHORITSU": 18, "KEIJOHI": 1, "SHURYOHISU": 0, "DATANENDO": 2023, "UNIQUENO": 61305944, "ADDDATE": "2024-03-29", "ADDTENANT": "17000F", "ADDUSER": "kikaku", "EDITDATE": "2024-03-29", "EDITTENANT": null, "EDITUSER": null, "X": -35059.75, "Y": 65818.750000001906 }, "geometry": { "type": "Point", "coordinates": [ 136.774830787847037, 36.592566598382383 ] } },
{ "type": "Feature", "properties": { "JYUSYU": "スギ", "JYUKO": 27.0, "CHOKKEI": 53.2, "TANBOKUZAISEKI": 2.403, "JUKANCHORITSU": 89, "KEIJOHI": 51, "SHURYOHISU": 0, "DATANENDO": 2023, "UNIQUENO": 61305945, "ADDDATE": "2024-03-29", "ADDTENANT": "17000F", "ADDUSER": "kikaku", "EDITDATE": "2024-03-29", "EDITTENANT": null, "EDITUSER": null, "X": -35041.749999998101, "Y": 65817.75 }, "geometry": { "type": "Point", "coordinates": [ 136.775032001295244, 36.592558247416576 ] } },
{ "type": "Feature", "properties": { "JYUSYU": "スギ", "JYUKO": 24.6, "CHOKKEI": 41.2, "TANBOKUZAISEKI": 1.372, "JUKANCHORITSU": 47, "KEIJOHI": 60, "SHURYOHISU": 0, "DATANENDO": 2023, "UNIQUENO": 61305946, "ADDDATE": "2024-03-29", "ADDTENANT": "17000F", "ADDUSER": "kikaku", "EDITDATE": "2024-03-29", "EDITTENANT": null, "EDITUSER": null, "X": -35059.75, "Y": 65817.250000001906 }, "geometry": { "type": "Point", "coordinates": [ 136.77483085619096, 36.592553080183457 ] } },
{ "type": "Feature", "properties": { "JYUSYU": "スギ", "JYUKO": 22.3, "CHOKKEI": 35.1, "TANBOKUZAISEKI": 0.929, "JUKANCHORITSU": 37, "KEIJOHI": 64, "SHURYOHISU": 0, "DATANENDO": 2023, "UNIQUENO": 61305949, "ADDDATE": "2024-03-29", "ADDTENANT": "17000F", "ADDUSER": "kikaku", "EDITDATE": "2024-03-29", "EDITTENANT": null, "EDITUSER": null, "X": -35028.75, "Y": 65816.750000001906 }, "geometry": { "type": "Point", "coordinates": [ 136.775177334738942, 36.592549712581814 ] } },
{ "type": "Feature", "properties": { "JYUSYU": "スギ", "JYUKO": 22.6, "CHOKKEI": 40.2, "TANBOKUZAISEKI": 1.208, "JUKANCHORITSU": 45, "KEIJOHI": 56, "SHURYOHISU": 0, "DATANENDO": 2023, "UNIQUENO": 61305951, "ADDDATE": "2024-03-29", "ADDTENANT": "17000F", "ADDUSER": "kikaku", "EDITDATE": "2024-03-29", "EDITTENANT": null, "EDITUSER": null, "X": -35051.749999998101, "Y": 65816.25 }, "geometry": { "type": "Point", "coordinates": [ 136.774920309686308, 36.592544361944498 ] } },
{ "type": "Feature", "properties": { "JYUSYU": "スギ", "JYUKO": 28.2, "CHOKKEI": 49.1, "TANBOKUZAISEKI": 2.169, "JUKANCHORITSU": 62, "KEIJOHI": 57, "SHURYOHISU": 0, "DATANENDO": 2023, "UNIQUENO": 61305952, "ADDDATE": "2024-03-29", "ADDTENANT": "17000F", "ADDUSER": "kikaku", "EDITDATE": "2024-03-29", "EDITTENANT": null, "EDITUSER": null, "X": -35072.75, "Y": 65815.750000001906 }, "geometry": { "type": "Point", "coordinates": [ 136.774685636655335, 36.592539084264295 ] } },
{ "type": "Feature", "properties": { "JYUSYU": "スギ", "JYUKO": 27.7, "CHOKKEI": 45.1, "TANBOKUZAISEKI": 1.82, "JUKANCHORITSU": 46, "KEIJOHI": 61, "SHURYOHISU": 0, "DATANENDO": 2023, "UNIQUENO": 61305954, "ADDDATE": "2024-03-29", "ADDTENANT": "17000F", "ADDUSER": "kikaku", "EDITDATE": "2024-03-29", "EDITTENANT": null, "EDITUSER": null, "X": -35056.75, "Y": 65815.250000001906 }, "geometry": { "type": "Point", "coordinates": [ 136.774864475286847, 36.59253516613613 ] } },
{ "type": "Feature", "properties": { "JYUSYU": "スギ", "JYUKO": 23.4, "CHOKKEI": 41.2, "TANBOKUZAISEKI": 1.311, "JUKANCHORITSU": 50, "KEIJOHI": 57, "SHURYOHISU": 0, "DATANENDO": 2023, "UNIQUENO": 61305957, "ADDDATE": "2024-03-29", "ADDTENANT": "17000F", "ADDUSER": "kikaku", "EDITDATE": "2024-03-29", "EDITTENANT": null, "EDITUSER": null, "X": -35032.249999999098, "Y": 65814.75 }, "geometry": { "type": "Point", "coordinates": [ 136.775138309818004, 36.592531559829951 ] } },
{ "type": "Feature", "properties": { "JYUSYU": "スギ", "JYUKO": 23.5, "CHOKKEI": 43.3, "TANBOKUZAISEKI": 1.439, "JUKANCHORITSU": 56, "KEIJOHI": 54, "SHURYOHISU": 0, "DATANENDO": 2023, "UNIQUENO": 61305959, "ADDDATE": "2024-03-29", "ADDTENANT": "17000F", "ADDUSER": "kikaku", "EDITDATE": "2024-03-29", "EDITTENANT": null, "EDITUSER": null, "X": -35080.749999999098, "Y": 65814.250000001906 }, "geometry": { "type": "Point", "coordinates": [ 136.774596297115977, 36.59252527199601 ] } },
{ "type": "Feature", "properties": { "JYUSYU": "スギ", "JYUKO": 25.5, "CHOKKEI": 51.0, "TANBOKUZAISEKI": 2.11, "JUKANCHORITSU": 93, "KEIJOHI": 50, "SHURYOHISU": 0, "DATANENDO": 2023, "UNIQUENO": 61305960, "ADDDATE": "2024-03-29", "ADDTENANT": "17000F", "ADDUSER": "kikaku", "EDITDATE": "2024-03-29", "EDITTENANT": null, "EDITUSER": null, "X": -35067.749999999098, "Y": 65814.250000001906 }, "geometry": { "type": "Point", "coordinates": [ 136.774741584968041, 36.592525749824965 ] } },
{ "type": "Feature", "properties": { "JYUSYU": "スギ", "JYUKO": 27.6, "CHOKKEI": 47.8, "TANBOKUZAISEKI": 2.022, "JUKANCHORITSU": 40, "KEIJOHI": 58, "SHURYOHISU": 0, "DATANENDO": 2023, "UNIQUENO": 61305961, "ADDDATE": "2024-03-29", "ADDTENANT": "17000F", "ADDUSER": "kikaku", "EDITDATE": "2024-03-29", "EDITTENANT": null, "EDITUSER": null, "X": -35037.25, "Y": 65814.250000001906 }, "geometry": { "type": "Point", "coordinates": [ 136.775082452634308, 36.592526870190056 ] } },
{ "type": "Feature", "properties": { "JYUSYU": "スギ", "JYUKO": 26.6, "CHOKKEI": 42.4, "TANBOKUZAISEKI": 1.565, "JUKANCHORITSU": 28, "KEIJOHI": 63, "SHURYOHISU": 0, "DATANENDO": 2023, "UNIQUENO": 61305962, "ADDDATE": "2024-03-29", "ADDTENANT": "17000F", "ADDUSER": "kikaku", "EDITDATE": "2024-03-29", "EDITTENANT": null, "EDITUSER": null, "X": -35055.75, "Y": 65813.750000001906 }, "geometry": { "type": "Point", "coordinates": [ 136.774875719613135, 36.592521684674296 ] } },
{ "type": "Feature", "properties": { "JYUSYU": "スギ", "JYUKO": 21.3, "CHOKKEI": 33.5, "TANBOKUZAISEKI": 0.816, "JUKANCHORITSU": 56, "KEIJOHI": 64, "SHURYOHISU": 0, "DATANENDO": 2023, "UNIQUENO": 61305964, "ADDDATE": "2024-03-29", "ADDTENANT": "17000F", "ADDUSER": "kikaku", "EDITDATE": "2024-03-29", "EDITTENANT": null, "EDITUSER": null, "X": -35060.249999998101, "Y": 65812.75 }, "geometry": { "type": "Point", "coordinates": [ 136.774825473228987, 36.592512507215943 ] } },
{ "type": "Feature", "properties": { "JYUSYU": "スギ", "JYUKO": 21.6, "CHOKKEI": 40.4, "TANBOKUZAISEKI": 1.167, "JUKANCHORITSU": 91, "KEIJOHI": 54, "SHURYOHISU": 0, "DATANENDO": 2023, "UNIQUENO": 61305965, "ADDDATE": "2024-03-29", "ADDTENANT": "17000F", "ADDUSER": "kikaku", "EDITDATE": "2024-03-29", "EDITTENANT": null, "EDITUSER": null, "X": -35048.750000000902, "Y": 65812.75 }, "geometry": { "type": "Point", "coordinates": [ 136.774953997080274, 36.592512929672566 ] } },
{ "type": "Feature", "properties": { "JYUSYU": "スギ", "JYUKO": 27.9, "CHOKKEI": 43.8, "TANBOKUZAISEKI": 1.746, "JUKANCHORITSU": 46, "KEIJOHI": 64, "SHURYOHISU": 0, "DATANENDO": 2023, "UNIQUENO": 61305968, "ADDDATE": "2024-03-29", "ADDTENANT": "17000F", "ADDUSER": "kikaku", "EDITDATE": "2024-03-29", "EDITTENANT": null, "EDITUSER": null, "X": -35071.749999999098, "Y": 65812.250000001906 }, "geometry": { "type": "Point", "coordinates": [ 136.774696972169409, 36.592507578554461 ] } },
{ "type": "Feature", "properties": { "JYUSYU": "スギ", "JYUKO": 24.9, "CHOKKEI": 42.7, "TANBOKUZAISEKI": 1.484, "JUKANCHORITSU": 44, "KEIJOHI": 58, "SHURYOHISU": 0, "DATANENDO": 2023, "UNIQUENO": 61305971, "ADDDATE": "2024-03-29", "ADDTENANT": "17000F", "ADDUSER": "kikaku", "EDITDATE": "2024-03-29", "EDITTENANT": null, "EDITUSER": null, "X": -35076.249999999098, "Y": 65811.75 }, "geometry": { "type": "Point", "coordinates": [ 136.774646703024274, 36.592502907087159 ] } },
{ "type": "Feature", "properties": { "JYUSYU": "スギ", "JYUKO": 22.0, "CHOKKEI": 31.6, "TANBOKUZAISEKI": 0.758, "JUKANCHORITSU": 91, "KEIJOHI": 70, "SHURYOHISU": 0, "DATANENDO": 2023, "UNIQUENO": 61305974, "ADDDATE": "2024-03-29", "ADDTENANT": "17000F", "ADDUSER": "kikaku", "EDITDATE": "2024-03-29", "EDITTENANT": null, "EDITUSER": null, "X": -35043.749999999098, "Y": 65810.750000001906 }, "geometry": { "type": "Point", "coordinates": [ 136.775009968099852, 36.592495089040376 ] } },
{ "type": "Feature", "properties": { "JYUSYU": "スギ", "JYUKO": 25.1, "CHOKKEI": 38.2, "TANBOKUZAISEKI": 1.219, "JUKANCHORITSU": 35, "KEIJOHI": 66, "SHURYOHISU": 0, "DATANENDO": 2023, "UNIQUENO": 61305976, "ADDDATE": "2024-03-29", "ADDTENANT": "17000F", "ADDUSER": "kikaku", "EDITDATE": "2024-03-29", "EDITTENANT": null, "EDITUSER": null, "X": -35052.249999999098, "Y": 65810.25 }, "geometry": { "type": "Point", "coordinates": [ 136.774914995007094, 36.592490270781504 ] } },
{ "type": "Feature", "properties": { "JYUSYU": "スギ", "JYUKO": 25.0, "CHOKKEI": 34.1, "TANBOKUZAISEKI": 0.99, "JUKANCHORITSU": 33, "KEIJOHI": 73, "SHURYOHISU": 0, "DATANENDO": 2023, "UNIQUENO": 61305980, "ADDDATE": "2024-03-29", "ADDTENANT": "17000F", "ADDUSER": "kikaku", "EDITDATE": "2024-03-29", "EDITTENANT": null, "EDITUSER": null, "X": -35041.749999998101, "Y": 65809.75 }, "geometry": { "type": "Point", "coordinates": [ 136.775032365608354, 36.59248615035348 ] } },
{ "type": "Feature", "properties": { "JYUSYU": "スギ", "JYUKO": 23.8, "CHOKKEI": 41.0, "TANBOKUZAISEKI": 1.321, "JUKANCHORITSU": 92, "KEIJOHI": 58, "SHURYOHISU": 0, "DATANENDO": 2023, "UNIQUENO": 61305983, "ADDDATE": "2024-03-29", "ADDTENANT": "17000F", "ADDUSER": "kikaku", "EDITDATE": "2024-03-29", "EDITTENANT": null, "EDITUSER": null, "X": -35057.749999999098, "Y": 65809.250000001906 }, "geometry": { "type": "Point", "coordinates": [ 136.774853572655985, 36.592481056601571 ] } },
{ "type": "Feature", "properties": { "JYUSYU": "スギ", "JYUKO": 19.5, "CHOKKEI": 30.4, "TANBOKUZAISEKI": 0.628, "JUKANCHORITSU": 21, "KEIJOHI": 64, "SHURYOHISU": 0, "DATANENDO": 2023, "UNIQUENO": 61305986, "ADDDATE": "2024-03-29", "ADDTENANT": "17000F", "ADDUSER": "kikaku", "EDITDATE": "2024-03-29", "EDITTENANT": null, "EDITUSER": null, "X": -35075.25, "Y": 65808.749999998094 }, "geometry": { "type": "Point", "coordinates": [ 136.774658015757382, 36.592475907447159 ] } },
{ "type": "Feature", "properties": { "JYUSYU": "スギ", "JYUKO": 23.1, "CHOKKEI": 25.5, "TANBOKUZAISEKI": 0.537, "JUKANCHORITSU": 30, "KEIJOHI": 91, "SHURYOHISU": 0, "DATANENDO": 2023, "UNIQUENO": 61305987, "ADDDATE": "2024-03-29", "ADDTENANT": "17000F", "ADDUSER": "kikaku", "EDITDATE": "2024-03-29", "EDITTENANT": null, "EDITUSER": null, "X": -35050.749999999098, "Y": 65808.25 }, "geometry": { "type": "Point", "coordinates": [ 136.774931850084414, 36.592472301614094 ] } },
{ "type": "Feature", "properties": { "JYUSYU": "スギ", "JYUKO": 24.9, "CHOKKEI": 33.6, "TANBOKUZAISEKI": 0.959, "JUKANCHORITSU": 55, "KEIJOHI": 74, "SHURYOHISU": 0, "DATANENDO": 2023, "UNIQUENO": 61305988, "ADDDATE": "2024-03-29", "ADDTENANT": "17000F", "ADDUSER": "kikaku", "EDITDATE": "2024-03-29", "EDITTENANT": null, "EDITUSER": null, "X": -35044.25, "Y": 65808.25 }, "geometry": { "type": "Point", "coordinates": [ 136.775004493963252, 36.592472540345909 ] } },
{ "type": "Feature", "properties": { "JYUSYU": "スギ", "JYUKO": 29.1, "CHOKKEI": 48.5, "TANBOKUZAISEKI": 2.19, "JUKANCHORITSU": 35, "KEIJOHI": 60, "SHURYOHISU": 0, "DATANENDO": 2023, "UNIQUENO": 61305989, "ADDDATE": "2024-03-29", "ADDTENANT": "17000F", "ADDUSER": "kikaku", "EDITDATE": "2024-03-29", "EDITTENANT": null, "EDITUSER": null, "X": -35037.749999999098, "Y": 65808.25 }, "geometry": { "type": "Point", "coordinates": [ 136.775077137842999, 36.59247277903345 ] } },
{ "type": "Feature", "properties": { "JYUSYU": "スギ", "JYUKO": 19.0, "CHOKKEI": 27.1, "TANBOKUZAISEKI": 0.498, "JUKANCHORITSU": 16, "KEIJOHI": 70, "SHURYOHISU": 0, "DATANENDO": 2023, "UNIQUENO": 61305995, "ADDDATE": "2024-03-29", "ADDTENANT": "17000F", "ADDUSER": "kikaku", "EDITDATE": "2024-03-29", "EDITTENANT": null, "EDITUSER": null, "X": -35071.25, "Y": 65807.249999998094 }, "geometry": { "type": "Point", "coordinates": [ 136.77470278804941, 36.59246253626808 ] } },
{ "type": "Feature", "properties": { "JYUSYU": "スギ", "JYUKO": 25.6, "CHOKKEI": 39.5, "TANBOKUZAISEKI": 1.327, "JUKANCHORITSU": 34, "KEIJOHI": 65, "SHURYOHISU": 0, "DATANENDO": 2023, "UNIQUENO": 61305996, "ADDDATE": "2024-03-29", "ADDTENANT": "17000F", "ADDUSER": "kikaku", "EDITDATE": "2024-03-29", "EDITTENANT": null, "EDITUSER": null, "X": -35053.249999999098, "Y": 65807.249999998094 }, "geometry": { "type": "Point", "coordinates": [ 136.774903955685204, 36.59246319764955 ] } },
{ "type": "Feature", "properties": { "JYUSYU": "スギ", "JYUKO": 19.1, "CHOKKEI": 32.5, "TANBOKUZAISEKI": 0.693, "JUKANCHORITSU": 27, "KEIJOHI": 59, "SHURYOHISU": 0, "DATANENDO": 2023, "UNIQUENO": 61305999, "ADDDATE": "2024-03-29", "ADDTENANT": "17000F", "ADDUSER": "kikaku", "EDITDATE": "2024-03-29", "EDITTENANT": null, "EDITUSER": null, "X": -35075.25, "Y": 65806.75 }, "geometry": { "type": "Point", "coordinates": [ 136.774658106922487, 36.592457883182021 ] } },
{ "type": "Feature", "properties": { "JYUSYU": "スギ", "JYUKO": 22.8, "CHOKKEI": 30.9, "TANBOKUZAISEKI": 0.753, "JUKANCHORITSU": 29, "KEIJOHI": 74, "SHURYOHISU": 0, "DATANENDO": 2023, "UNIQUENO": 61306000, "ADDDATE": "2024-03-29", "ADDTENANT": "17000F", "ADDUSER": "kikaku", "EDITDATE": "2024-03-29", "EDITTENANT": null, "EDITUSER": null, "X": -35050.249999998101, "Y": 65806.75 }, "geometry": { "type": "Point", "coordinates": [ 136.774937506400136, 36.592458801780346 ] } },
{ "type": "Feature", "properties": { "JYUSYU": "スギ", "JYUKO": 18.0, "CHOKKEI": 22.4, "TANBOKUZAISEKI": 0.331, "JUKANCHORITSU": 15, "KEIJOHI": 80, "SHURYOHISU": 0, "DATANENDO": 2023, "UNIQUENO": 61306001, "ADDDATE": "2024-03-29", "ADDTENANT": "17000F", "ADDUSER": "kikaku", "EDITDATE": "2024-03-29", "EDITTENANT": null, "EDITUSER": null, "X": -35072.75, "Y": 65806.250000001906 }, "geometry": { "type": "Point", "coordinates": [ 136.774686069659339, 36.592453469005044 ] } },
{ "type": "Feature", "properties": { "JYUSYU": "スギ", "JYUKO": 23.5, "CHOKKEI": 36.1, "TANBOKUZAISEKI": 1.029, "JUKANCHORITSU": 48, "KEIJOHI": 65, "SHURYOHISU": 0, "DATANENDO": 2023, "UNIQUENO": 61306002, "ADDDATE": "2024-03-29", "ADDTENANT": "17000F", "ADDUSER": "kikaku", "EDITDATE": "2024-03-29", "EDITTENANT": null, "EDITUSER": null, "X": -35046.249999999098, "Y": 65806.250000001906 }, "geometry": { "type": "Point", "coordinates": [ 136.774982233090185, 36.592454442628849 ] } },
{ "type": "Feature", "properties": { "JYUSYU": "スギ", "JYUKO": 28.6, "CHOKKEI": 58.4, "TANBOKUZAISEKI": 3.024, "JUKANCHORITSU": 96, "KEIJOHI": 49, "SHURYOHISU": 0, "DATANENDO": 2023, "UNIQUENO": 61306005, "ADDDATE": "2024-03-29", "ADDTENANT": "17000F", "ADDUSER": "kikaku", "EDITDATE": "2024-03-29", "EDITTENANT": null, "EDITUSER": null, "X": -35066.75, "Y": 65805.750000003696 }, "geometry": { "type": "Point", "coordinates": [ 136.774753148314943, 36.592449183446284 ] } },
{ "type": "Feature", "properties": { "JYUSYU": "スギ", "JYUKO": 25.6, "CHOKKEI": 31.5, "TANBOKUZAISEKI": 0.873, "JUKANCHORITSU": 99, "KEIJOHI": 81, "SHURYOHISU": 0, "DATANENDO": 2023, "UNIQUENO": 61306006, "ADDDATE": "2024-03-29", "ADDTENANT": "17000F", "ADDUSER": "kikaku", "EDITDATE": "2024-03-29", "EDITTENANT": null, "EDITUSER": null, "X": -35040.749999999098, "Y": 65805.750000003696 }, "geometry": { "type": "Point", "coordinates": [ 136.775043723742641, 36.592450138543022 ] } },
{ "type": "Feature", "properties": { "JYUSYU": "スギ", "JYUKO": 22.9, "CHOKKEI": 27.4, "TANBOKUZAISEKI": 0.607, "JUKANCHORITSU": 41, "KEIJOHI": 84, "SHURYOHISU": 0, "DATANENDO": 2023, "UNIQUENO": 61306008, "ADDDATE": "2024-03-29", "ADDTENANT": "17000F", "ADDUSER": "kikaku", "EDITDATE": "2024-03-29", "EDITTENANT": null, "EDITUSER": null, "X": -35052.249999999098, "Y": 65805.25 }, "geometry": { "type": "Point", "coordinates": [ 136.774915222770403, 36.59244521011729 ] } },
{ "type": "Feature", "properties": { "JYUSYU": "スギ", "JYUKO": 26.5, "CHOKKEI": 50.8, "TANBOKUZAISEKI": 2.177, "JUKANCHORITSU": 96, "KEIJOHI": 52, "SHURYOHISU": 0, "DATANENDO": 2023, "UNIQUENO": 61306011, "ADDDATE": "2024-03-29", "ADDTENANT": "17000F", "ADDUSER": "kikaku", "EDITDATE": "2024-03-29", "EDITTENANT": null, "EDITUSER": null, "X": -35057.250000000902, "Y": 65804.750000001906 }, "geometry": { "type": "Point", "coordinates": [ 136.77485936566336, 36.592440520373238 ] } },
{ "type": "Feature", "properties": { "JYUSYU": "スギ", "JYUKO": 27.5, "CHOKKEI": 40.2, "TANBOKUZAISEKI": 1.472, "JUKANCHORITSU": 18, "KEIJOHI": 68, "SHURYOHISU": 0, "DATANENDO": 2023, "UNIQUENO": 61306012, "ADDDATE": "2024-03-29", "ADDTENANT": "17000F", "ADDUSER": "kikaku", "EDITDATE": "2024-03-29", "EDITTENANT": null, "EDITUSER": null, "X": -35042.75, "Y": 65804.250000003696 }, "geometry": { "type": "Point", "coordinates": [ 136.775021440096566, 36.592436546899698 ] } },
{ "type": "Feature", "properties": { "JYUSYU": "スギ", "JYUKO": 25.7, "CHOKKEI": 32.1, "TANBOKUZAISEKI": 0.909, "JUKANCHORITSU": 14, "KEIJOHI": 80, "SHURYOHISU": 0, "DATANENDO": 2023, "UNIQUENO": 61306013, "ADDDATE": "2024-03-29", "ADDTENANT": "17000F", "ADDUSER": "kikaku", "EDITDATE": "2024-03-29", "EDITTENANT": null, "EDITUSER": null, "X": -35040.749999999098, "Y": 65804.250000003696 }, "geometry": { "type": "Point", "coordinates": [ 136.775043792049161, 36.592436620343499 ] } },
{ "type": "Feature", "properties": { "JYUSYU": "スギ", "JYUKO": 14.0, "CHOKKEI": 20.5, "TANBOKUZAISEKI": 0.22, "JUKANCHORITSU": 15, "KEIJOHI": 68, "SHURYOHISU": 0, "DATANENDO": 2023, "UNIQUENO": 61306018, "ADDDATE": "2024-03-29", "ADDTENANT": "17000F", "ADDUSER": "kikaku", "EDITDATE": "2024-03-29", "EDITTENANT": null, "EDITUSER": null, "X": -35070.249999998101, "Y": 65802.750000003696 }, "geometry": { "type": "Point", "coordinates": [ 136.774714169121012, 36.592422018423441 ] } },
{ "type": "Feature", "properties": { "JYUSYU": "スギ", "JYUKO": 21.7, "CHOKKEI": 24.8, "TANBOKUZAISEKI": 0.481, "JUKANCHORITSU": 27, "KEIJOHI": 88, "SHURYOHISU": 0, "DATANENDO": 2023, "UNIQUENO": 61306019, "ADDDATE": "2024-03-29", "ADDTENANT": "17000F", "ADDUSER": "kikaku", "EDITDATE": "2024-03-29", "EDITTENANT": null, "EDITUSER": null, "X": -35048.750000000902, "Y": 65802.750000003696 }, "geometry": { "type": "Point", "coordinates": [ 136.774954452561417, 36.592422808343755 ] } },
{ "type": "Feature", "properties": { "JYUSYU": "スギ", "JYUKO": 24.9, "CHOKKEI": 22.4, "TANBOKUZAISEKI": 0.456, "JUKANCHORITSU": 10, "KEIJOHI": 1, "SHURYOHISU": 0, "DATANENDO": 2023, "UNIQUENO": 61306020, "ADDDATE": "2024-03-29", "ADDTENANT": "17000F", "ADDUSER": "kikaku", "EDITDATE": "2024-03-29", "EDITTENANT": null, "EDITUSER": null, "X": -35046.249999999098, "Y": 65802.750000003696 }, "geometry": { "type": "Point", "coordinates": [ 136.774982392496952, 36.592422900163513 ] } },
{ "type": "Feature", "properties": { "JYUSYU": "スギ", "JYUKO": 25.8, "CHOKKEI": 30.5, "TANBOKUZAISEKI": 0.833, "JUKANCHORITSU": 12, "KEIJOHI": 85, "SHURYOHISU": 0, "DATANENDO": 2023, "UNIQUENO": 61306021, "ADDDATE": "2024-03-29", "ADDTENANT": "17000F", "ADDUSER": "kikaku", "EDITDATE": "2024-03-29", "EDITTENANT": null, "EDITUSER": null, "X": -35043.249999998101, "Y": 65802.750000003696 }, "geometry": { "type": "Point", "coordinates": [ 136.775015920419804, 36.592423010338578 ] } },
{ "type": "Feature", "properties": { "JYUSYU": "スギ", "JYUKO": 19.0, "CHOKKEI": 29.8, "TANBOKUZAISEKI": 0.589, "JUKANCHORITSU": 33, "KEIJOHI": 64, "SHURYOHISU": 0, "DATANENDO": 2023, "UNIQUENO": 61306026, "ADDDATE": "2024-03-29", "ADDTENANT": "17000F", "ADDUSER": "kikaku", "EDITDATE": "2024-03-29", "EDITTENANT": null, "EDITUSER": null, "X": -35073.249999999098, "Y": 65801.750000001906 }, "geometry": { "type": "Point", "coordinates": [ 136.774680686779675, 36.592412896030822 ] } },
{ "type": "Feature", "properties": { "JYUSYU": "スギ", "JYUKO": 25.0, "CHOKKEI": 29.5, "TANBOKUZAISEKI": 0.756, "JUKANCHORITSU": 13, "KEIJOHI": 85, "SHURYOHISU": 0, "DATANENDO": 2023, "UNIQUENO": 61306027, "ADDDATE": "2024-03-29", "ADDTENANT": "17000F", "ADDUSER": "kikaku", "EDITDATE": "2024-03-29", "EDITTENANT": null, "EDITUSER": null, "X": -35045.249999999098, "Y": 65801.750000001906 }, "geometry": { "type": "Point", "coordinates": [ 136.774993614014676, 36.592413924756563 ] } },
{ "type": "Feature", "properties": { "JYUSYU": "スギ", "JYUKO": 18.3, "CHOKKEI": 20.0, "TANBOKUZAISEKI": 0.273, "JUKANCHORITSU": 41, "KEIJOHI": 92, "SHURYOHISU": 0, "DATANENDO": 2023, "UNIQUENO": 61306028, "ADDDATE": "2024-03-29", "ADDTENANT": "17000F", "ADDUSER": "kikaku", "EDITDATE": "2024-03-29", "EDITTENANT": null, "EDITUSER": null, "X": -35070.749999999098, "Y": 65801.250000003696 }, "geometry": { "type": "Point", "coordinates": [ 136.77470864949899, 36.592408481848395 ] } },
{ "type": "Feature", "properties": { "JYUSYU": "スギ", "JYUKO": 25.4, "CHOKKEI": 44.2, "TANBOKUZAISEKI": 1.611, "JUKANCHORITSU": 58, "KEIJOHI": 58, "SHURYOHISU": 0, "DATANENDO": 2023, "UNIQUENO": 61306029, "ADDDATE": "2024-03-29", "ADDTENANT": "17000F", "ADDUSER": "kikaku", "EDITDATE": "2024-03-29", "EDITTENANT": null, "EDITUSER": null, "X": -35063.249999999098, "Y": 65801.250000003696 }, "geometry": { "type": "Point", "coordinates": [ 136.774792469288059, 36.592408757460809 ] } },
{ "type": "Feature", "properties": { "JYUSYU": "スギ", "JYUKO": 24.7, "CHOKKEI": 34.2, "TANBOKUZAISEKI": 0.984, "JUKANCHORITSU": 15, "KEIJOHI": 72, "SHURYOHISU": 0, "DATANENDO": 2023, "UNIQUENO": 61306032, "ADDDATE": "2024-03-29", "ADDTENANT": "17000F", "ADDUSER": "kikaku", "EDITDATE": "2024-03-29", "EDITTENANT": null, "EDITUSER": null, "X": -35044.749999999098, "Y": 65800.75 }, "geometry": { "type": "Point", "coordinates": [ 136.774999247543946, 36.592404930986156 ] } },
{ "type": "Feature", "properties": { "JYUSYU": "スギ", "JYUKO": 23.0, "CHOKKEI": 36.2, "TANBOKUZAISEKI": 1.013, "JUKANCHORITSU": 42, "KEIJOHI": 64, "SHURYOHISU": 0, "DATANENDO": 2023, "UNIQUENO": 61306039, "ADDDATE": "2024-03-29", "ADDTENANT": "17000F", "ADDUSER": "kikaku", "EDITDATE": "2024-03-29", "EDITTENANT": null, "EDITUSER": null, "X": -35050.249999998101, "Y": 65799.25 }, "geometry": { "type": "Point", "coordinates": [ 136.774937848024933, 36.592391210783354 ] } },
{ "type": "Feature", "properties": { "JYUSYU": "スギ", "JYUKO": 25.3, "CHOKKEI": 44.4, "TANBOKUZAISEKI": 1.625, "JUKANCHORITSU": 37, "KEIJOHI": 57, "SHURYOHISU": 0, "DATANENDO": 2023, "UNIQUENO": 61306043, "ADDDATE": "2024-03-29", "ADDTENANT": "17000F", "ADDUSER": "kikaku", "EDITDATE": "2024-03-29", "EDITTENANT": null, "EDITUSER": null, "X": -35056.249999999098, "Y": 65798.250000001906 }, "geometry": { "type": "Point", "coordinates": [ 136.774870837765263, 36.592381978247133 ] } },
{ "type": "Feature", "properties": { "JYUSYU": "スギ", "JYUKO": 24.4, "CHOKKEI": 43.4, "TANBOKUZAISEKI": 1.5, "JUKANCHORITSU": 48, "KEIJOHI": 56, "SHURYOHISU": 0, "DATANENDO": 2023, "UNIQUENO": 61306050, "ADDDATE": "2024-03-29", "ADDTENANT": "17000F", "ADDUSER": "kikaku", "EDITDATE": "2024-03-29", "EDITTENANT": null, "EDITUSER": null, "X": -35051.749999998101, "Y": 65796.750000001906 }, "geometry": { "type": "Point", "coordinates": [ 136.774921197950079, 36.592368625353629 ] } },
{ "type": "Feature", "properties": { "JYUSYU": "スギ", "JYUKO": 23.2, "CHOKKEI": 36.6, "TANBOKUZAISEKI": 1.046, "JUKANCHORITSU": 36, "KEIJOHI": 63, "SHURYOHISU": 0, "DATANENDO": 2023, "UNIQUENO": 61306061, "ADDDATE": "2024-03-29", "ADDTENANT": "17000F", "ADDUSER": "kikaku", "EDITDATE": "2024-03-29", "EDITTENANT": null, "EDITUSER": null, "X": -35056.249999999098, "Y": 65794.25 }, "geometry": { "type": "Point", "coordinates": [ 136.774871019995771, 36.592345929715293 ] } },
{ "type": "Feature", "properties": { "JYUSYU": "スギ", "JYUKO": 16.1, "CHOKKEI": 23.4, "TANBOKUZAISEKI": 0.321, "JUKANCHORITSU": 26, "KEIJOHI": 69, "SHURYOHISU": 0, "DATANENDO": 2023, "UNIQUENO": 61306068, "ADDDATE": "2024-03-29", "ADDTENANT": "17000F", "ADDUSER": "kikaku", "EDITDATE": "2024-03-29", "EDITTENANT": null, "EDITUSER": null, "X": -35052.75, "Y": 65792.250000001906 }, "geometry": { "type": "Point", "coordinates": [ 136.774910226972423, 36.592328034022231 ] } },
{ "type": "Feature", "properties": { "JYUSYU": "スギ", "JYUKO": 15.5, "CHOKKEI": 32.0, "TANBOKUZAISEKI": 0.55, "JUKANCHORITSU": 37, "KEIJOHI": 48, "SHURYOHISU": 0, "DATANENDO": 2023, "UNIQUENO": 61306072, "ADDDATE": "2024-03-29", "ADDTENANT": "17000F", "ADDUSER": "kikaku", "EDITDATE": "2024-03-29", "EDITTENANT": null, "EDITUSER": null, "X": -35048.25, "Y": 65791.25 }, "geometry": { "type": "Point", "coordinates": [ 136.774960564341853, 36.592319187178241 ] } }
]
}
