{
"type": "FeatureCollection",
"name": "Loggingtree",
"crs": { "type": "name", "properties": { "name": "urn:ogc:def:crs:EPSG::6675" } },
"features": [
{ "type": "Feature", "properties": { "JYUSYU": "スギ", "JYUKO": 3.1, "CHOKKEI": 5.7, "TANBOKUZAISEKI": 0.005, "JUKANCHORITSU": 65, "KEIJOHI": 54, "SHURYOHISU": 0, "DATANENDO": 2023, "UNIQUENO": 61139170, "ADDDATE": "2024-03-29", "ADDTENANT": "17000F", "ADDUSER": "kikaku", "EDITDATE": "2024-03-29", "EDITTENANT": null, "EDITUSER": null, "X": -35000.749999999098, "Y": 66029.25 }, "geometry": { "type": "Point", "coordinates": [ -35000.749999999097781, 66029.25 ] } },
{ "type": "Feature", "properties": { "JYUSYU": "スギ", "JYUKO": 13.6, "CHOKKEI": 28.1, "TANBOKUZAISEKI": 0.379, "JUKANCHORITSU": 91, "KEIJOHI": 48, "SHURYOHISU": 0, "DATANENDO": 2023, "UNIQUENO": 61139171, "ADDDATE": "2024-03-29", "ADDTENANT": "17000F", "ADDUSER": "kikaku", "EDITDATE": "2024-03-29", "EDITTENANT": null, "EDITUSER": null, "X": -35005.249999999098, "Y": 66028.75 }, "geometry": { "type": "Point", "coordinates": [ -35005.249999999097781, 66028.75 ] } },
{ "type": "Feature", "properties": { "JYUSYU": "スギ", "JYUKO": 22.4, "CHOKKEI": 30.8, "TANBOKUZAISEKI": 0.739, "JUKANCHORITSU": 25, "KEIJOHI": 73, "SHURYOHISU": 0, "DATANENDO": 2023, "UNIQUENO": 61139174, "ADDDATE": "2024-03-29", "ADDTENANT": "17000F", "ADDUSER": "kikaku", "EDITDATE": "2024-03-29", "EDITTENANT": null, "EDITUSER": null, "X": -35015.249999999098, "Y": 66028.250000001906 }, "geometry": { "type": "Point", "coordinates": [ -35015.249999999097781, 66028.250000001906301 ] } },
{ "type": "Feature", "properties": { "JYUSYU": "スギ", "JYUKO": 25.6, "CHOKKEI": 49.0, "TANBOKUZAISEKI": 1.971, "JUKANCHORITSU": 39, "KEIJOHI": 52, "SHURYOHISU": 0, "DATANENDO": 2023, "UNIQUENO": 61139177, "ADDDATE": "2024-03-29", "ADDTENANT": "17000F", "ADDUSER": "kikaku", "EDITDATE": "2024-03-29", "EDITTENANT": null, "EDITUSER": null, "X": -35021.25, "Y": 66027.25 }, "geometry": { "type": "Point", "coordinates": [ -35021.25, 66027.25 ] } },
{ "type": "Feature", "properties": { "JYUSYU": "スギ", "JYUKO": 13.2, "CHOKKEI": 17.4, "TANBOKUZAISEKI": 0.153, "JUKANCHORITSU": 46, "KEIJOHI": 76, "SHURYOHISU": 0, "DATANENDO": 2023, "UNIQUENO": 61139178, "ADDDATE": "2024-03-29", "ADDTENANT": "17000F", "ADDUSER": "kikaku", "EDITDATE": "2024-03-29", "EDITTENANT": null, "EDITUSER": null, "X": -35004.25, "Y": 66027.25 }, "geometry": { "type": "Point", "coordinates": [ -35004.25, 66027.25 ] } },
{ "type": "Feature", "properties": { "JYUSYU": "スギ", "JYUKO": 22.3, "CHOKKEI": 30.3, "TANBOKUZAISEKI": 0.712, "JUKANCHORITSU": 13, "KEIJOHI": 74, "SHURYOHISU": 0, "DATANENDO": 2023, "UNIQUENO": 61139181, "ADDDATE": "2024-03-29", "ADDTENANT": "17000F", "ADDUSER": "kikaku", "EDITDATE": "2024-03-29", "EDITTENANT": null, "EDITUSER": null, "X": -35017.25, "Y": 66026.249999998094 }, "geometry": { "type": "Point", "coordinates": [ -35017.25, 66026.249999998093699 ] } },
{ "type": "Feature", "properties": { "JYUSYU": "スギ", "JYUKO": 13.6, "CHOKKEI": 25.6, "TANBOKUZAISEKI": 0.318, "JUKANCHORITSU": 71, "KEIJOHI": 53, "SHURYOHISU": 0, "DATANENDO": 2023, "UNIQUENO": 61139182, "ADDDATE": "2024-03-29", "ADDTENANT": "17000F", "ADDUSER": "kikaku", "EDITDATE": "2024-03-29", "EDITTENANT": null, "EDITUSER": null, "X": -35001.75, "Y": 66026.249999998094 }, "geometry": { "type": "Point", "coordinates": [ -35001.75, 66026.249999998093699 ] } },
{ "type": "Feature", "properties": { "JYUSYU": "スギ", "JYUKO": 27.8, "CHOKKEI": 50.5, "TANBOKUZAISEKI": 2.252, "JUKANCHORITSU": 64, "KEIJOHI": 55, "SHURYOHISU": 0, "DATANENDO": 2023, "UNIQUENO": 61139183, "ADDDATE": "2024-03-29", "ADDTENANT": "17000F", "ADDUSER": "kikaku", "EDITDATE": "2024-03-29", "EDITTENANT": null, "EDITUSER": null, "X": -35012.249999999098, "Y": 66025.75 }, "geometry": { "type": "Point", "coordinates": [ -35012.249999999097781, 66025.75 ] } },
{ "type": "Feature", "properties": { "JYUSYU": "スギ", "JYUKO": 21.5, "CHOKKEI": 30.6, "TANBOKUZAISEKI": 0.7, "JUKANCHORITSU": 34, "KEIJOHI": 70, "SHURYOHISU": 0, "DATANENDO": 2023, "UNIQUENO": 61139184, "ADDDATE": "2024-03-29", "ADDTENANT": "17000F", "ADDUSER": "kikaku", "EDITDATE": "2024-03-29", "EDITTENANT": null, "EDITUSER": null, "X": -35008.249999999098, "Y": 66024.750000003696 }, "geometry": { "type": "Point", "coordinates": [ -35008.249999999097781, 66024.750000003696186 ] } },
{ "type": "Feature", "properties": { "JYUSYU": "スギ", "JYUKO": 16.4, "CHOKKEI": 28.0, "TANBOKUZAISEKI": 0.453, "JUKANCHORITSU": 30, "KEIJOHI": 59, "SHURYOHISU": 0, "DATANENDO": 2023, "UNIQUENO": 61139185, "ADDDATE": "2024-03-29", "ADDTENANT": "17000F", "ADDUSER": "kikaku", "EDITDATE": "2024-03-29", "EDITTENANT": null, "EDITUSER": null, "X": -35005.249999999098, "Y": 66023.250000003696 }, "geometry": { "type": "Point", "coordinates": [ -35005.249999999097781, 66023.250000003696186 ] } },
{ "type": "Feature", "properties": { "JYUSYU": "スギ", "JYUKO": 27.4, "CHOKKEI": 51.3, "TANBOKUZAISEKI": 2.289, "JUKANCHORITSU": 35, "KEIJOHI": 53, "SHURYOHISU": 0, "DATANENDO": 2023, "UNIQUENO": 61139187, "ADDDATE": "2024-03-29", "ADDTENANT": "17000F", "ADDUSER": "kikaku", "EDITDATE": "2024-03-29", "EDITTENANT": null, "EDITUSER": null, "X": -35018.249999999098, "Y": 66022.250000001906 }, "geometry": { "type": "Point", "coordinates": [ -35018.249999999097781, 66022.250000001906301 ] } },
{ "type": "Feature", "properties": { "JYUSYU": "スギ", "JYUKO": 28.0, "CHOKKEI": 55.0, "TANBOKUZAISEKI": 2.652, "JUKANCHORITSU": 93, "KEIJOHI": 51, "SHURYOHISU": 0, "DATANENDO": 2023, "UNIQUENO": 61139188, "ADDDATE": "2024-03-29", "ADDTENANT": "17000F", "ADDUSER": "kikaku", "EDITDATE": "2024-03-29", "EDITTENANT": null, "EDITUSER": null, "X": -34993.25, "Y": 66021.750000003696 }, "geometry": { "type": "Point", "coordinates": [ -34993.25, 66021.750000003696186 ] } },
{ "type": "Feature", "properties": { "JYUSYU": "スギ", "JYUKO": 25.3, "CHOKKEI": 51.8, "TANBOKUZAISEKI": 2.146, "JUKANCHORITSU": 90, "KEIJOHI": 49, "SHURYOHISU": 0, "DATANENDO": 2023, "UNIQUENO": 61139189, "ADDDATE": "2024-03-29", "ADDTENANT": "17000F", "ADDUSER": "kikaku", "EDITDATE": "2024-03-29", "EDITTENANT": null, "EDITUSER": null, "X": -34998.75, "Y": 66021.25 }, "geometry": { "type": "Point", "coordinates": [ -34998.75, 66021.25 ] } },
{ "type": "Feature", "properties": { "JYUSYU": "スギ", "JYUKO": 28.5, "CHOKKEI": 50.3, "TANBOKUZAISEKI": 2.298, "JUKANCHORITSU": 52, "KEIJOHI": 57, "SHURYOHISU": 0, "DATANENDO": 2023, "UNIQUENO": 61139191, "ADDDATE": "2024-03-29", "ADDTENANT": "17000F", "ADDUSER": "kikaku", "EDITDATE": "2024-03-29", "EDITTENANT": null, "EDITUSER": null, "X": -35012.249999999098, "Y": 66020.750000001906 }, "geometry": { "type": "Point", "coordinates": [ -35012.249999999097781, 66020.750000001906301 ] } },
{ "type": "Feature", "properties": { "JYUSYU": "スギ", "JYUKO": 15.6, "CHOKKEI": 28.5, "TANBOKUZAISEKI": 0.446, "JUKANCHORITSU": 54, "KEIJOHI": 55, "SHURYOHISU": 0, "DATANENDO": 2023, "UNIQUENO": 61139193, "ADDDATE": "2024-03-29", "ADDTENANT": "17000F", "ADDUSER": "kikaku", "EDITDATE": "2024-03-29", "EDITTENANT": null, "EDITUSER": null, "X": -35004.25, "Y": 66020.250000003696 }, "geometry": { "type": "Point", "coordinates": [ -35004.25, 66020.250000003696186 ] } },
{ "type": "Feature", "properties": { "JYUSYU": "スギ", "JYUKO": 31.9, "CHOKKEI": 59.5, "TANBOKUZAISEKI": 3.485, "JUKANCHORITSU": 76, "KEIJOHI": 54, "SHURYOHISU": 0, "DATANENDO": 2023, "UNIQUENO": 61139195, "ADDDATE": "2024-03-29", "ADDTENANT": "17000F", "ADDUSER": "kikaku", "EDITDATE": "2024-03-29", "EDITTENANT": null, "EDITUSER": null, "X": -34986.749999999098, "Y": 66018.750000003696 }, "geometry": { "type": "Point", "coordinates": [ -34986.749999999097781, 66018.750000003696186 ] } },
{ "type": "Feature", "properties": { "JYUSYU": "スギ", "JYUKO": 8.7, "CHOKKEI": 17.7, "TANBOKUZAISEKI": 0.105, "JUKANCHORITSU": 34, "KEIJOHI": 49, "SHURYOHISU": 0, "DATANENDO": 2023, "UNIQUENO": 61139197, "ADDDATE": "2024-03-29", "ADDTENANT": "17000F", "ADDUSER": "kikaku", "EDITDATE": "2024-03-29", "EDITTENANT": null, "EDITUSER": null, "X": -34981.249999999098, "Y": 66018.25 }, "geometry": { "type": "Point", "coordinates": [ -34981.249999999097781, 66018.25 ] } },
{ "type": "Feature", "properties": { "JYUSYU": "スギ", "JYUKO": 28.4, "CHOKKEI": 46.8, "TANBOKUZAISEKI": 1.997, "JUKANCHORITSU": 34, "KEIJOHI": 61, "SHURYOHISU": 0, "DATANENDO": 2023, "UNIQUENO": 61139201, "ADDDATE": "2024-03-29", "ADDTENANT": "17000F", "ADDUSER": "kikaku", "EDITDATE": "2024-03-29", "EDITTENANT": null, "EDITUSER": null, "X": -35015.249999999098, "Y": 66017.250000001906 }, "geometry": { "type": "Point", "coordinates": [ -35015.249999999097781, 66017.250000001906301 ] } },
{ "type": "Feature", "properties": { "JYUSYU": "スギ", "JYUKO": 26.4, "CHOKKEI": 47.4, "TANBOKUZAISEKI": 1.907, "JUKANCHORITSU": 44, "KEIJOHI": 56, "SHURYOHISU": 0, "DATANENDO": 2023, "UNIQUENO": 61139202, "ADDDATE": "2024-03-29", "ADDTENANT": "17000F", "ADDUSER": "kikaku", "EDITDATE": "2024-03-29", "EDITTENANT": null, "EDITUSER": null, "X": -34993.25, "Y": 66017.250000001906 }, "geometry": { "type": "Point", "coordinates": [ -34993.25, 66017.250000001906301 ] } },
{ "type": "Feature", "properties": { "JYUSYU": "スギ", "JYUKO": 25.9, "CHOKKEI": 45.2, "TANBOKUZAISEKI": 1.715, "JUKANCHORITSU": 46, "KEIJOHI": 57, "SHURYOHISU": 0, "DATANENDO": 2023, "UNIQUENO": 61139203, "ADDDATE": "2024-03-29", "ADDTENANT": "17000F", "ADDUSER": "kikaku", "EDITDATE": "2024-03-29", "EDITTENANT": null, "EDITUSER": null, "X": -35018.249999999098, "Y": 66016.250000001906 }, "geometry": { "type": "Point", "coordinates": [ -35018.249999999097781, 66016.250000001906301 ] } },
{ "type": "Feature", "properties": { "JYUSYU": "スギ", "JYUKO": 8.2, "CHOKKEI": 16.7, "TANBOKUZAISEKI": 0.089, "JUKANCHORITSU": 61, "KEIJOHI": 49, "SHURYOHISU": 0, "DATANENDO": 2023, "UNIQUENO": 61139204, "ADDDATE": "2024-03-29", "ADDTENANT": "17000F", "ADDUSER": "kikaku", "EDITDATE": "2024-03-29", "EDITTENANT": null, "EDITUSER": null, "X": -34978.75, "Y": 66015.750000001906 }, "geometry": { "type": "Point", "coordinates": [ -34978.75, 66015.750000001906301 ] } },
{ "type": "Feature", "properties": { "JYUSYU": "スギ", "JYUKO": 26.8, "CHOKKEI": 53.9, "TANBOKUZAISEKI": 2.442, "JUKANCHORITSU": 92, "KEIJOHI": 50, "SHURYOHISU": 0, "DATANENDO": 2023, "UNIQUENO": 61139205, "ADDDATE": "2024-03-29", "ADDTENANT": "17000F", "ADDUSER": "kikaku", "EDITDATE": "2024-03-29", "EDITTENANT": null, "EDITUSER": null, "X": -35007.749999999098, "Y": 66015.25 }, "geometry": { "type": "Point", "coordinates": [ -35007.749999999097781, 66015.25 ] } },
{ "type": "Feature", "properties": { "JYUSYU": "スギ", "JYUKO": 22.5, "CHOKKEI": 46.2, "TANBOKUZAISEKI": 1.549, "JUKANCHORITSU": 50, "KEIJOHI": 49, "SHURYOHISU": 0, "DATANENDO": 2023, "UNIQUENO": 61139207, "ADDDATE": "2024-03-29", "ADDTENANT": "17000F", "ADDUSER": "kikaku", "EDITDATE": "2024-03-29", "EDITTENANT": null, "EDITUSER": null, "X": -35025.249999999098, "Y": 66013.25 }, "geometry": { "type": "Point", "coordinates": [ -35025.249999999097781, 66013.25 ] } },
{ "type": "Feature", "properties": { "JYUSYU": "スギ", "JYUKO": 24.5, "CHOKKEI": 40.5, "TANBOKUZAISEKI": 1.326, "JUKANCHORITSU": 60, "KEIJOHI": 61, "SHURYOHISU": 0, "DATANENDO": 2023, "UNIQUENO": 61139208, "ADDDATE": "2024-03-29", "ADDTENANT": "17000F", "ADDUSER": "kikaku", "EDITDATE": "2024-03-29", "EDITTENANT": null, "EDITUSER": null, "X": -34994.25, "Y": 66012.750000001906 }, "geometry": { "type": "Point", "coordinates": [ -34994.25, 66012.750000001906301 ] } },
{ "type": "Feature", "properties": { "JYUSYU": "スギ", "JYUKO": 26.0, "CHOKKEI": 47.0, "TANBOKUZAISEKI": 1.848, "JUKANCHORITSU": 61, "KEIJOHI": 55, "SHURYOHISU": 0, "DATANENDO": 2023, "UNIQUENO": 61139209, "ADDDATE": "2024-03-29", "ADDTENANT": "17000F", "ADDUSER": "kikaku", "EDITDATE": "2024-03-29", "EDITTENANT": null, "EDITUSER": null, "X": -35016.749999999098, "Y": 66012.25 }, "geometry": { "type": "Point", "coordinates": [ -35016.749999999097781, 66012.25 ] } },
{ "type": "Feature", "properties": { "JYUSYU": "スギ", "JYUKO": 26.6, "CHOKKEI": 48.3, "TANBOKUZAISEKI": 1.984, "JUKANCHORITSU": 61, "KEIJOHI": 55, "SHURYOHISU": 0, "DATANENDO": 2023, "UNIQUENO": 61139210, "ADDDATE": "2024-03-29", "ADDTENANT": "17000F", "ADDUSER": "kikaku", "EDITDATE": "2024-03-29", "EDITTENANT": null, "EDITUSER": null, "X": -35011.25, "Y": 66012.25 }, "geometry": { "type": "Point", "coordinates": [ -35011.25, 66012.25 ] } },
{ "type": "Feature", "properties": { "JYUSYU": "スギ", "JYUKO": 24.8, "CHOKKEI": 47.1, "TANBOKUZAISEKI": 1.771, "JUKANCHORITSU": 78, "KEIJOHI": 53, "SHURYOHISU": 0, "DATANENDO": 2023, "UNIQUENO": 61139211, "ADDDATE": "2024-03-29", "ADDTENANT": "17000F", "ADDUSER": "kikaku", "EDITDATE": "2024-03-29", "EDITTENANT": null, "EDITUSER": null, "X": -34982.249999999098, "Y": 66012.25 }, "geometry": { "type": "Point", "coordinates": [ -34982.249999999097781, 66012.25 ] } },
{ "type": "Feature", "properties": { "JYUSYU": "スギ", "JYUKO": 19.2, "CHOKKEI": 28.6, "TANBOKUZAISEKI": 0.555, "JUKANCHORITSU": 24, "KEIJOHI": 67, "SHURYOHISU": 0, "DATANENDO": 2023, "UNIQUENO": 61139214, "ADDDATE": "2024-03-29", "ADDTENANT": "17000F", "ADDUSER": "kikaku", "EDITDATE": "2024-03-29", "EDITTENANT": null, "EDITUSER": null, "X": -35027.25, "Y": 66010.75 }, "geometry": { "type": "Point", "coordinates": [ -35027.25, 66010.75 ] } },
{ "type": "Feature", "properties": { "JYUSYU": "スギ", "JYUKO": 26.2, "CHOKKEI": 45.6, "TANBOKUZAISEKI": 1.763, "JUKANCHORITSU": 95, "KEIJOHI": 58, "SHURYOHISU": 0, "DATANENDO": 2023, "UNIQUENO": 61139215, "ADDDATE": "2024-03-29", "ADDTENANT": "17000F", "ADDUSER": "kikaku", "EDITDATE": "2024-03-29", "EDITTENANT": null, "EDITUSER": null, "X": -34996.749999999098, "Y": 66010.25 }, "geometry": { "type": "Point", "coordinates": [ -34996.749999999097781, 66010.25 ] } },
{ "type": "Feature", "properties": { "JYUSYU": "スギ", "JYUKO": 24.7, "CHOKKEI": 35.1, "TANBOKUZAISEKI": 1.031, "JUKANCHORITSU": 20, "KEIJOHI": 70, "SHURYOHISU": 0, "DATANENDO": 2023, "UNIQUENO": 61139216, "ADDDATE": "2024-03-29", "ADDTENANT": "17000F", "ADDUSER": "kikaku", "EDITDATE": "2024-03-29", "EDITTENANT": null, "EDITUSER": null, "X": -34994.25, "Y": 66010.25 }, "geometry": { "type": "Point", "coordinates": [ -34994.25, 66010.25 ] } },
{ "type": "Feature", "properties": { "JYUSYU": "スギ", "JYUKO": 21.8, "CHOKKEI": 34.9, "TANBOKUZAISEKI": 0.9, "JUKANCHORITSU": 22, "KEIJOHI": 63, "SHURYOHISU": 0, "DATANENDO": 2023, "UNIQUENO": 61139217, "ADDDATE": "2024-03-29", "ADDTENANT": "17000F", "ADDUSER": "kikaku", "EDITDATE": "2024-03-29", "EDITTENANT": null, "EDITUSER": null, "X": -35033.249999998101, "Y": 66009.249999998094 }, "geometry": { "type": "Point", "coordinates": [ -35033.249999998100975, 66009.249999998093699 ] } },
{ "type": "Feature", "properties": { "JYUSYU": "スギ", "JYUKO": 30.4, "CHOKKEI": 55.8, "TANBOKUZAISEKI": 2.95, "JUKANCHORITSU": 77, "KEIJOHI": 55, "SHURYOHISU": 0, "DATANENDO": 2023, "UNIQUENO": 61139218, "ADDDATE": "2024-03-29", "ADDTENANT": "17000F", "ADDUSER": "kikaku", "EDITDATE": "2024-03-29", "EDITTENANT": null, "EDITUSER": null, "X": -34988.75, "Y": 66009.249999998094 }, "geometry": { "type": "Point", "coordinates": [ -34988.75, 66009.249999998093699 ] } },
{ "type": "Feature", "properties": { "JYUSYU": "スギ", "JYUKO": 19.6, "CHOKKEI": 27.3, "TANBOKUZAISEKI": 0.517, "JUKANCHORITSU": 12, "KEIJOHI": 72, "SHURYOHISU": 0, "DATANENDO": 2023, "UNIQUENO": 61139219, "ADDDATE": "2024-03-29", "ADDTENANT": "17000F", "ADDUSER": "kikaku", "EDITDATE": "2024-03-29", "EDITTENANT": null, "EDITUSER": null, "X": -35029.75, "Y": 66008.75 }, "geometry": { "type": "Point", "coordinates": [ -35029.75, 66008.75 ] } },
{ "type": "Feature", "properties": { "JYUSYU": "スギ", "JYUKO": 29.0, "CHOKKEI": 48.4, "TANBOKUZAISEKI": 2.171, "JUKANCHORITSU": 37, "KEIJOHI": 60, "SHURYOHISU": 0, "DATANENDO": 2023, "UNIQUENO": 61139223, "ADDDATE": "2024-03-29", "ADDTENANT": "17000F", "ADDUSER": "kikaku", "EDITDATE": "2024-03-29", "EDITTENANT": null, "EDITUSER": null, "X": -34984.750000000902, "Y": 66007.749999998094 }, "geometry": { "type": "Point", "coordinates": [ -34984.750000000902219, 66007.749999998093699 ] } },
{ "type": "Feature", "properties": { "JYUSYU": "スギ", "JYUKO": 20.6, "CHOKKEI": 25.6, "TANBOKUZAISEKI": 0.483, "JUKANCHORITSU": 16, "KEIJOHI": 81, "SHURYOHISU": 0, "DATANENDO": 2023, "UNIQUENO": 61139225, "ADDDATE": "2024-03-29", "ADDTENANT": "17000F", "ADDUSER": "kikaku", "EDITDATE": "2024-03-29", "EDITTENANT": null, "EDITUSER": null, "X": -35032.249999999098, "Y": 66007.25 }, "geometry": { "type": "Point", "coordinates": [ -35032.249999999097781, 66007.25 ] } },
{ "type": "Feature", "properties": { "JYUSYU": "スギ", "JYUKO": 19.4, "CHOKKEI": 29.4, "TANBOKUZAISEKI": 0.586, "JUKANCHORITSU": 18, "KEIJOHI": 66, "SHURYOHISU": 0, "DATANENDO": 2023, "UNIQUENO": 61139226, "ADDDATE": "2024-03-29", "ADDTENANT": "17000F", "ADDUSER": "kikaku", "EDITDATE": "2024-03-29", "EDITTENANT": null, "EDITUSER": null, "X": -35028.75, "Y": 66007.25 }, "geometry": { "type": "Point", "coordinates": [ -35028.75, 66007.25 ] } },
{ "type": "Feature", "properties": { "JYUSYU": "スギ", "JYUKO": 24.4, "CHOKKEI": 49.8, "TANBOKUZAISEKI": 1.929, "JUKANCHORITSU": 95, "KEIJOHI": 49, "SHURYOHISU": 0, "DATANENDO": 2023, "UNIQUENO": 61139227, "ADDDATE": "2024-03-29", "ADDTENANT": "17000F", "ADDUSER": "kikaku", "EDITDATE": "2024-03-29", "EDITTENANT": null, "EDITUSER": null, "X": -34976.250000000902, "Y": 66007.25 }, "geometry": { "type": "Point", "coordinates": [ -34976.250000000902219, 66007.25 ] } },
{ "type": "Feature", "properties": { "JYUSYU": "スギ", "JYUKO": 28.4, "CHOKKEI": 49.4, "TANBOKUZAISEKI": 2.213, "JUKANCHORITSU": 55, "KEIJOHI": 58, "SHURYOHISU": 0, "DATANENDO": 2023, "UNIQUENO": 61139228, "ADDDATE": "2024-03-29", "ADDTENANT": "17000F", "ADDUSER": "kikaku", "EDITDATE": "2024-03-29", "EDITTENANT": null, "EDITUSER": null, "X": -35009.75, "Y": 66006.750000001906 }, "geometry": { "type": "Point", "coordinates": [ -35009.75, 66006.750000001906301 ] } },
{ "type": "Feature", "properties": { "JYUSYU": "スギ", "JYUKO": 27.9, "CHOKKEI": 57.1, "TANBOKUZAISEKI": 2.828, "JUKANCHORITSU": 86, "KEIJOHI": 49, "SHURYOHISU": 0, "DATANENDO": 2023, "UNIQUENO": 61139229, "ADDDATE": "2024-03-29", "ADDTENANT": "17000F", "ADDUSER": "kikaku", "EDITDATE": "2024-03-29", "EDITTENANT": null, "EDITUSER": null, "X": -35015.75, "Y": 66006.250000003696 }, "geometry": { "type": "Point", "coordinates": [ -35015.75, 66006.250000003696186 ] } },
{ "type": "Feature", "properties": { "JYUSYU": "スギ", "JYUKO": 24.6, "CHOKKEI": 46.6, "TANBOKUZAISEKI": 1.722, "JUKANCHORITSU": 47, "KEIJOHI": 53, "SHURYOHISU": 0, "DATANENDO": 2023, "UNIQUENO": 61139230, "ADDDATE": "2024-03-29", "ADDTENANT": "17000F", "ADDUSER": "kikaku", "EDITDATE": "2024-03-29", "EDITTENANT": null, "EDITUSER": null, "X": -35002.249999999098, "Y": 66006.250000003696 }, "geometry": { "type": "Point", "coordinates": [ -35002.249999999097781, 66006.250000003696186 ] } },
{ "type": "Feature", "properties": { "JYUSYU": "スギ", "JYUKO": 27.8, "CHOKKEI": 49.1, "TANBOKUZAISEKI": 2.139, "JUKANCHORITSU": 27, "KEIJOHI": 57, "SHURYOHISU": 0, "DATANENDO": 2023, "UNIQUENO": 61139231, "ADDDATE": "2024-03-29", "ADDTENANT": "17000F", "ADDUSER": "kikaku", "EDITDATE": "2024-03-29", "EDITTENANT": null, "EDITUSER": null, "X": -34997.25, "Y": 66005.75 }, "geometry": { "type": "Point", "coordinates": [ -34997.25, 66005.75 ] } },
{ "type": "Feature", "properties": { "JYUSYU": "スギ", "JYUKO": 24.9, "CHOKKEI": 30.9, "TANBOKUZAISEKI": 0.822, "JUKANCHORITSU": 11, "KEIJOHI": 81, "SHURYOHISU": 0, "DATANENDO": 2023, "UNIQUENO": 61139234, "ADDDATE": "2024-03-29", "ADDTENANT": "17000F", "ADDUSER": "kikaku", "EDITDATE": "2024-03-29", "EDITTENANT": null, "EDITUSER": null, "X": -34987.749999998101, "Y": 66004.750000003696 }, "geometry": { "type": "Point", "coordinates": [ -34987.749999998100975, 66004.750000003696186 ] } },
{ "type": "Feature", "properties": { "JYUSYU": "スギ", "JYUKO": 24.8, "CHOKKEI": 24.6, "TANBOKUZAISEKI": 0.538, "JUKANCHORITSU": 82, "KEIJOHI": 1, "SHURYOHISU": 0, "DATANENDO": 2023, "UNIQUENO": 61139236, "ADDDATE": "2024-03-29", "ADDTENANT": "17000F", "ADDUSER": "kikaku", "EDITDATE": "2024-03-29", "EDITTENANT": null, "EDITUSER": null, "X": -34985.75, "Y": 66004.25 }, "geometry": { "type": "Point", "coordinates": [ -34985.75, 66004.25 ] } },
{ "type": "Feature", "properties": { "JYUSYU": "スギ", "JYUKO": 26.9, "CHOKKEI": 51.7, "TANBOKUZAISEKI": 2.281, "JUKANCHORITSU": 30, "KEIJOHI": 52, "SHURYOHISU": 0, "DATANENDO": 2023, "UNIQUENO": 61139237, "ADDDATE": "2024-03-29", "ADDTENANT": "17000F", "ADDUSER": "kikaku", "EDITDATE": "2024-03-29", "EDITTENANT": null, "EDITUSER": null, "X": -34977.25, "Y": 66004.25 }, "geometry": { "type": "Point", "coordinates": [ -34977.25, 66004.25 ] } },
{ "type": "Feature", "properties": { "JYUSYU": "スギ", "JYUKO": 27.2, "CHOKKEI": 43.2, "TANBOKUZAISEKI": 1.653, "JUKANCHORITSU": 31, "KEIJOHI": 63, "SHURYOHISU": 0, "DATANENDO": 2023, "UNIQUENO": 61139241, "ADDDATE": "2024-03-29", "ADDTENANT": "17000F", "ADDUSER": "kikaku", "EDITDATE": "2024-03-29", "EDITTENANT": null, "EDITUSER": null, "X": -34989.249999999098, "Y": 66002.250000001906 }, "geometry": { "type": "Point", "coordinates": [ -34989.249999999097781, 66002.250000001906301 ] } },
{ "type": "Feature", "properties": { "JYUSYU": "スギ", "JYUKO": 26.8, "CHOKKEI": 54.7, "TANBOKUZAISEKI": 2.514, "JUKANCHORITSU": 96, "KEIJOHI": 49, "SHURYOHISU": 0, "DATANENDO": 2023, "UNIQUENO": 61139242, "ADDDATE": "2024-03-29", "ADDTENANT": "17000F", "ADDUSER": "kikaku", "EDITDATE": "2024-03-29", "EDITTENANT": null, "EDITUSER": null, "X": -34968.249999999098, "Y": 66002.250000001906 }, "geometry": { "type": "Point", "coordinates": [ -34968.249999999097781, 66002.250000001906301 ] } },
{ "type": "Feature", "properties": { "JYUSYU": "スギ", "JYUKO": 23.4, "CHOKKEI": 45.2, "TANBOKUZAISEKI": 1.549, "JUKANCHORITSU": 72, "KEIJOHI": 52, "SHURYOHISU": 0, "DATANENDO": 2023, "UNIQUENO": 61139243, "ADDDATE": "2024-03-29", "ADDTENANT": "17000F", "ADDUSER": "kikaku", "EDITDATE": "2024-03-29", "EDITTENANT": null, "EDITUSER": null, "X": -35030.250000000902, "Y": 66001.750000003696 }, "geometry": { "type": "Point", "coordinates": [ -35030.250000000902219, 66001.750000003696186 ] } },
{ "type": "Feature", "properties": { "JYUSYU": "スギ", "JYUKO": 29.7, "CHOKKEI": 54.8, "TANBOKUZAISEKI": 2.793, "JUKANCHORITSU": 45, "KEIJOHI": 54, "SHURYOHISU": 0, "DATANENDO": 2023, "UNIQUENO": 61139244, "ADDDATE": "2024-03-29", "ADDTENANT": "17000F", "ADDUSER": "kikaku", "EDITDATE": "2024-03-29", "EDITTENANT": null, "EDITUSER": null, "X": -35003.250000000902, "Y": 66001.25 }, "geometry": { "type": "Point", "coordinates": [ -35003.250000000902219, 66001.25 ] } },
{ "type": "Feature", "properties": { "JYUSYU": "スギ", "JYUKO": 28.3, "CHOKKEI": 47.8, "TANBOKUZAISEKI": 2.077, "JUKANCHORITSU": 31, "KEIJOHI": 59, "SHURYOHISU": 0, "DATANENDO": 2023, "UNIQUENO": 61139245, "ADDDATE": "2024-03-29", "ADDTENANT": "17000F", "ADDUSER": "kikaku", "EDITDATE": "2024-03-29", "EDITTENANT": null, "EDITUSER": null, "X": -34993.749999999098, "Y": 66001.25 }, "geometry": { "type": "Point", "coordinates": [ -34993.749999999097781, 66001.25 ] } },
{ "type": "Feature", "properties": { "JYUSYU": "スギ", "JYUKO": 30.6, "CHOKKEI": 59.2, "TANBOKUZAISEKI": 3.312, "JUKANCHORITSU": 76, "KEIJOHI": 52, "SHURYOHISU": 0, "DATANENDO": 2023, "UNIQUENO": 61139247, "ADDDATE": "2024-03-29", "ADDTENANT": "17000F", "ADDUSER": "kikaku", "EDITDATE": "2024-03-29", "EDITTENANT": null, "EDITUSER": null, "X": -35010.749999999098, "Y": 66000.750000001906 }, "geometry": { "type": "Point", "coordinates": [ -35010.749999999097781, 66000.750000001906301 ] } },
{ "type": "Feature", "properties": { "JYUSYU": "スギ", "JYUKO": 29.7, "CHOKKEI": 56.3, "TANBOKUZAISEKI": 2.933, "JUKANCHORITSU": 36, "KEIJOHI": 53, "SHURYOHISU": 0, "DATANENDO": 2023, "UNIQUENO": 61139248, "ADDDATE": "2024-03-29", "ADDTENANT": "17000F", "ADDUSER": "kikaku", "EDITDATE": "2024-03-29", "EDITTENANT": null, "EDITUSER": null, "X": -34984.25, "Y": 66000.750000001906 }, "geometry": { "type": "Point", "coordinates": [ -34984.25, 66000.750000001906301 ] } },
{ "type": "Feature", "properties": { "JYUSYU": "スギ", "JYUKO": 21.9, "CHOKKEI": 31.5, "TANBOKUZAISEKI": 0.748, "JUKANCHORITSU": 33, "KEIJOHI": 70, "SHURYOHISU": 0, "DATANENDO": 2023, "UNIQUENO": 61139249, "ADDDATE": "2024-03-29", "ADDTENANT": "17000F", "ADDUSER": "kikaku", "EDITDATE": "2024-03-29", "EDITTENANT": null, "EDITUSER": null, "X": -34974.75, "Y": 66000.750000001906 }, "geometry": { "type": "Point", "coordinates": [ -34974.75, 66000.750000001906301 ] } },
{ "type": "Feature", "properties": { "JYUSYU": "スギ", "JYUKO": 17.2, "CHOKKEI": 25.3, "TANBOKUZAISEKI": 0.396, "JUKANCHORITSU": 17, "KEIJOHI": 68, "SHURYOHISU": 0, "DATANENDO": 2023, "UNIQUENO": 61139250, "ADDDATE": "2024-03-29", "ADDTENANT": "17000F", "ADDUSER": "kikaku", "EDITDATE": "2024-03-29", "EDITTENANT": null, "EDITUSER": null, "X": -35025.75, "Y": 66000.250000001906 }, "geometry": { "type": "Point", "coordinates": [ -35025.75, 66000.250000001906301 ] } },
{ "type": "Feature", "properties": { "JYUSYU": "スギ", "JYUKO": 26.2, "CHOKKEI": 39.3, "TANBOKUZAISEKI": 1.342, "JUKANCHORITSU": 26, "KEIJOHI": 67, "SHURYOHISU": 0, "DATANENDO": 2023, "UNIQUENO": 61139251, "ADDDATE": "2024-03-29", "ADDTENANT": "17000F", "ADDUSER": "kikaku", "EDITDATE": "2024-03-29", "EDITTENANT": null, "EDITUSER": null, "X": -34997.25, "Y": 66000.250000001906 }, "geometry": { "type": "Point", "coordinates": [ -34997.25, 66000.250000001906301 ] } },
{ "type": "Feature", "properties": { "JYUSYU": "スギ", "JYUKO": 29.8, "CHOKKEI": 51.9, "TANBOKUZAISEKI": 2.544, "JUKANCHORITSU": 53, "KEIJOHI": 57, "SHURYOHISU": 0, "DATANENDO": 2023, "UNIQUENO": 61305102, "ADDDATE": "2024-03-29", "ADDTENANT": "17000F", "ADDUSER": "kikaku", "EDITDATE": "2024-03-29", "EDITTENANT": null, "EDITUSER": null, "X": -34971.249999999098, "Y": 65999.250000001906 }, "geometry": { "type": "Point", "coordinates": [ -34971.249999999097781, 65999.250000001906301 ] } },
{ "type": "Feature", "properties": { "JYUSYU": "スギ", "JYUKO": 16.1, "CHOKKEI": 33.2, "TANBOKUZAISEKI": 0.608, "JUKANCHORITSU": 66, "KEIJOHI": 49, "SHURYOHISU": 0, "DATANENDO": 2023, "UNIQUENO": 61305103, "ADDDATE": "2024-03-29", "ADDTENANT": "17000F", "ADDUSER": "kikaku", "EDITDATE": "2024-03-29", "EDITTENANT": null, "EDITUSER": null, "X": -35024.25, "Y": 65998.750000001906 }, "geometry": { "type": "Point", "coordinates": [ -35024.25, 65998.750000001906301 ] } },
{ "type": "Feature", "properties": { "JYUSYU": "スギ", "JYUKO": 29.5, "CHOKKEI": 49.9, "TANBOKUZAISEKI": 2.339, "JUKANCHORITSU": 49, "KEIJOHI": 59, "SHURYOHISU": 0, "DATANENDO": 2023, "UNIQUENO": 61305105, "ADDDATE": "2024-03-29", "ADDTENANT": "17000F", "ADDUSER": "kikaku", "EDITDATE": "2024-03-29", "EDITTENANT": null, "EDITUSER": null, "X": -34994.749999998101, "Y": 65997.750000001906 }, "geometry": { "type": "Point", "coordinates": [ -34994.749999998100975, 65997.750000001906301 ] } },
{ "type": "Feature", "properties": { "JYUSYU": "スギ", "JYUKO": 10.4, "CHOKKEI": 21.5, "TANBOKUZAISEKI": 0.178, "JUKANCHORITSU": 54, "KEIJOHI": 48, "SHURYOHISU": 0, "DATANENDO": 2023, "UNIQUENO": 61305107, "ADDDATE": "2024-03-29", "ADDTENANT": "17000F", "ADDUSER": "kikaku", "EDITDATE": "2024-03-29", "EDITTENANT": null, "EDITUSER": null, "X": -35015.75, "Y": 65997.250000001906 }, "geometry": { "type": "Point", "coordinates": [ -35015.75, 65997.250000001906301 ] } },
{ "type": "Feature", "properties": { "JYUSYU": "スギ", "JYUKO": 27.2, "CHOKKEI": 45.2, "TANBOKUZAISEKI": 1.804, "JUKANCHORITSU": 35, "KEIJOHI": 60, "SHURYOHISU": 0, "DATANENDO": 2023, "UNIQUENO": 61305108, "ADDDATE": "2024-03-29", "ADDTENANT": "17000F", "ADDUSER": "kikaku", "EDITDATE": "2024-03-29", "EDITTENANT": null, "EDITUSER": null, "X": -34990.25, "Y": 65997.250000001906 }, "geometry": { "type": "Point", "coordinates": [ -34990.25, 65997.250000001906301 ] } },
{ "type": "Feature", "properties": { "JYUSYU": "スギ", "JYUKO": 9.5, "CHOKKEI": 18.8, "TANBOKUZAISEKI": 0.127, "JUKANCHORITSU": 41, "KEIJOHI": 51, "SHURYOHISU": 0, "DATANENDO": 2023, "UNIQUENO": 61305109, "ADDDATE": "2024-03-29", "ADDTENANT": "17000F", "ADDUSER": "kikaku", "EDITDATE": "2024-03-29", "EDITTENANT": null, "EDITUSER": null, "X": -35017.749999999098, "Y": 65995.750000001906 }, "geometry": { "type": "Point", "coordinates": [ -35017.749999999097781, 65995.750000001906301 ] } },
{ "type": "Feature", "properties": { "JYUSYU": "スギ", "JYUKO": 31.2, "CHOKKEI": 57.2, "TANBOKUZAISEKI": 3.175, "JUKANCHORITSU": 92, "KEIJOHI": 55, "SHURYOHISU": 0, "DATANENDO": 2023, "UNIQUENO": 61305110, "ADDDATE": "2024-03-29", "ADDTENANT": "17000F", "ADDUSER": "kikaku", "EDITDATE": "2024-03-29", "EDITTENANT": null, "EDITUSER": null, "X": -35008.75, "Y": 65995.750000001906 }, "geometry": { "type": "Point", "coordinates": [ -35008.75, 65995.750000001906301 ] } },
{ "type": "Feature", "properties": { "JYUSYU": "スギ", "JYUKO": 30.2, "CHOKKEI": 56.8, "TANBOKUZAISEKI": 3.032, "JUKANCHORITSU": 56, "KEIJOHI": 53, "SHURYOHISU": 0, "DATANENDO": 2023, "UNIQUENO": 61305111, "ADDDATE": "2024-03-29", "ADDTENANT": "17000F", "ADDUSER": "kikaku", "EDITDATE": "2024-03-29", "EDITTENANT": null, "EDITUSER": null, "X": -34978.75, "Y": 65995.750000001906 }, "geometry": { "type": "Point", "coordinates": [ -34978.75, 65995.750000001906301 ] } },
{ "type": "Feature", "properties": { "JYUSYU": "スギ", "JYUKO": 27.5, "CHOKKEI": 47.0, "TANBOKUZAISEKI": 1.956, "JUKANCHORITSU": 38, "KEIJOHI": 59, "SHURYOHISU": 0, "DATANENDO": 2023, "UNIQUENO": 61305112, "ADDDATE": "2024-03-29", "ADDTENANT": "17000F", "ADDUSER": "kikaku", "EDITDATE": "2024-03-29", "EDITTENANT": null, "EDITUSER": null, "X": -35003.250000000902, "Y": 65995.25 }, "geometry": { "type": "Point", "coordinates": [ -35003.250000000902219, 65995.25 ] } },
{ "type": "Feature", "properties": { "JYUSYU": "スギ", "JYUKO": 26.2, "CHOKKEI": 44.6, "TANBOKUZAISEKI": 1.692, "JUKANCHORITSU": 32, "KEIJOHI": 59, "SHURYOHISU": 0, "DATANENDO": 2023, "UNIQUENO": 61305113, "ADDDATE": "2024-03-29", "ADDTENANT": "17000F", "ADDUSER": "kikaku", "EDITDATE": "2024-03-29", "EDITTENANT": null, "EDITUSER": null, "X": -34987.25, "Y": 65994.75 }, "geometry": { "type": "Point", "coordinates": [ -34987.25, 65994.75 ] } },
{ "type": "Feature", "properties": { "JYUSYU": "スギ", "JYUKO": 28.2, "CHOKKEI": 48.4, "TANBOKUZAISEKI": 2.111, "JUKANCHORITSU": 73, "KEIJOHI": 58, "SHURYOHISU": 0, "DATANENDO": 2023, "UNIQUENO": 61305115, "ADDDATE": "2024-03-29", "ADDTENANT": "17000F", "ADDUSER": "kikaku", "EDITDATE": "2024-03-29", "EDITTENANT": null, "EDITUSER": null, "X": -34969.249999998101, "Y": 65994.250000001906 }, "geometry": { "type": "Point", "coordinates": [ -34969.249999998100975, 65994.250000001906301 ] } },
{ "type": "Feature", "properties": { "JYUSYU": "スギ", "JYUKO": 9.4, "CHOKKEI": 18.8, "TANBOKUZAISEKI": 0.125, "JUKANCHORITSU": 31, "KEIJOHI": 50, "SHURYOHISU": 0, "DATANENDO": 2023, "UNIQUENO": 61305116, "ADDDATE": "2024-03-29", "ADDTENANT": "17000F", "ADDUSER": "kikaku", "EDITDATE": "2024-03-29", "EDITTENANT": null, "EDITUSER": null, "X": -35016.249999999098, "Y": 65993.75 }, "geometry": { "type": "Point", "coordinates": [ -35016.249999999097781, 65993.75 ] } },
{ "type": "Feature", "properties": { "JYUSYU": "スギ", "JYUKO": 29.0, "CHOKKEI": 46.4, "TANBOKUZAISEKI": 2.013, "JUKANCHORITSU": 36, "KEIJOHI": 63, "SHURYOHISU": 0, "DATANENDO": 2023, "UNIQUENO": 61305117, "ADDDATE": "2024-03-29", "ADDTENANT": "17000F", "ADDUSER": "kikaku", "EDITDATE": "2024-03-29", "EDITTENANT": null, "EDITUSER": null, "X": -34981.75, "Y": 65993.75 }, "geometry": { "type": "Point", "coordinates": [ -34981.75, 65993.75 ] } },
{ "type": "Feature", "properties": { "JYUSYU": "スギ", "JYUKO": 19.2, "CHOKKEI": 31.5, "TANBOKUZAISEKI": 0.661, "JUKANCHORITSU": 75, "KEIJOHI": 61, "SHURYOHISU": 0, "DATANENDO": 2023, "UNIQUENO": 61305118, "ADDDATE": "2024-03-29", "ADDTENANT": "17000F", "ADDUSER": "kikaku", "EDITDATE": "2024-03-29", "EDITTENANT": null, "EDITUSER": null, "X": -34966.250000000902, "Y": 65993.75 }, "geometry": { "type": "Point", "coordinates": [ -34966.250000000902219, 65993.75 ] } },
{ "type": "Feature", "properties": { "JYUSYU": "スギ", "JYUKO": 28.4, "CHOKKEI": 48.4, "TANBOKUZAISEKI": 2.125, "JUKANCHORITSU": 41, "KEIJOHI": 59, "SHURYOHISU": 0, "DATANENDO": 2023, "UNIQUENO": 61305120, "ADDDATE": "2024-03-29", "ADDTENANT": "17000F", "ADDUSER": "kikaku", "EDITDATE": "2024-03-29", "EDITTENANT": null, "EDITUSER": null, "X": -34999.249999999098, "Y": 65992.25 }, "geometry": { "type": "Point", "coordinates": [ -34999.249999999097781, 65992.25 ] } },
{ "type": "Feature", "properties": { "JYUSYU": "スギ", "JYUKO": 24.3, "CHOKKEI": 36.6, "TANBOKUZAISEKI": 1.091, "JUKANCHORITSU": 18, "KEIJOHI": 66, "SHURYOHISU": 0, "DATANENDO": 2023, "UNIQUENO": 61305121, "ADDDATE": "2024-03-29", "ADDTENANT": "17000F", "ADDUSER": "kikaku", "EDITDATE": "2024-03-29", "EDITTENANT": null, "EDITUSER": null, "X": -34985.75, "Y": 65991.75 }, "geometry": { "type": "Point", "coordinates": [ -34985.75, 65991.75 ] } },
{ "type": "Feature", "properties": { "JYUSYU": "スギ", "JYUKO": 19.1, "CHOKKEI": 25.7, "TANBOKUZAISEKI": 0.451, "JUKANCHORITSU": 21, "KEIJOHI": 74, "SHURYOHISU": 0, "DATANENDO": 2023, "UNIQUENO": 61305122, "ADDDATE": "2024-03-29", "ADDTENANT": "17000F", "ADDUSER": "kikaku", "EDITDATE": "2024-03-29", "EDITTENANT": null, "EDITUSER": null, "X": -34965.75, "Y": 65991.250000001906 }, "geometry": { "type": "Point", "coordinates": [ -34965.75, 65991.250000001906301 ] } },
{ "type": "Feature", "properties": { "JYUSYU": "スギ", "JYUKO": 31.7, "CHOKKEI": 64.4, "TANBOKUZAISEKI": 4.004, "JUKANCHORITSU": 93, "KEIJOHI": 49, "SHURYOHISU": 0, "DATANENDO": 2023, "UNIQUENO": 61305124, "ADDDATE": "2024-03-29", "ADDTENANT": "17000F", "ADDUSER": "kikaku", "EDITDATE": "2024-03-29", "EDITTENANT": null, "EDITUSER": null, "X": -35006.749999999098, "Y": 65990.749999998094 }, "geometry": { "type": "Point", "coordinates": [ -35006.749999999097781, 65990.749999998093699 ] } },
{ "type": "Feature", "properties": { "JYUSYU": "スギ", "JYUKO": 23.6, "CHOKKEI": 43.5, "TANBOKUZAISEKI": 1.457, "JUKANCHORITSU": 37, "KEIJOHI": 54, "SHURYOHISU": 0, "DATANENDO": 2023, "UNIQUENO": 61305125, "ADDDATE": "2024-03-29", "ADDTENANT": "17000F", "ADDUSER": "kikaku", "EDITDATE": "2024-03-29", "EDITTENANT": null, "EDITUSER": null, "X": -34989.749999999098, "Y": 65990.749999998094 }, "geometry": { "type": "Point", "coordinates": [ -34989.749999999097781, 65990.749999998093699 ] } },
{ "type": "Feature", "properties": { "JYUSYU": "スギ", "JYUKO": 28.2, "CHOKKEI": 51.4, "TANBOKUZAISEKI": 2.357, "JUKANCHORITSU": 52, "KEIJOHI": 55, "SHURYOHISU": 0, "DATANENDO": 2023, "UNIQUENO": 61305128, "ADDDATE": "2024-03-29", "ADDTENANT": "17000F", "ADDUSER": "kikaku", "EDITDATE": "2024-03-29", "EDITTENANT": null, "EDITUSER": null, "X": -34970.749999999098, "Y": 65990.25 }, "geometry": { "type": "Point", "coordinates": [ -34970.749999999097781, 65990.25 ] } },
{ "type": "Feature", "properties": { "JYUSYU": "スギ", "JYUKO": 30.9, "CHOKKEI": 53.3, "TANBOKUZAISEKI": 2.765, "JUKANCHORITSU": 39, "KEIJOHI": 58, "SHURYOHISU": 0, "DATANENDO": 2023, "UNIQUENO": 61305129, "ADDDATE": "2024-03-29", "ADDTENANT": "17000F", "ADDUSER": "kikaku", "EDITDATE": "2024-03-29", "EDITTENANT": null, "EDITUSER": null, "X": -35020.25, "Y": 65989.750000001906 }, "geometry": { "type": "Point", "coordinates": [ -35020.25, 65989.750000001906301 ] } },
{ "type": "Feature", "properties": { "JYUSYU": "スギ", "JYUKO": 20.1, "CHOKKEI": 31.4, "TANBOKUZAISEKI": 0.684, "JUKANCHORITSU": 88, "KEIJOHI": 64, "SHURYOHISU": 0, "DATANENDO": 2023, "UNIQUENO": 61305130, "ADDDATE": "2024-03-29", "ADDTENANT": "17000F", "ADDUSER": "kikaku", "EDITDATE": "2024-03-29", "EDITTENANT": null, "EDITUSER": null, "X": -35015.249999999098, "Y": 65989.750000001906 }, "geometry": { "type": "Point", "coordinates": [ -35015.249999999097781, 65989.750000001906301 ] } },
{ "type": "Feature", "properties": { "JYUSYU": "スギ", "JYUKO": 26.4, "CHOKKEI": 47.2, "TANBOKUZAISEKI": 1.891, "JUKANCHORITSU": 37, "KEIJOHI": 56, "SHURYOHISU": 0, "DATANENDO": 2023, "UNIQUENO": 61305131, "ADDDATE": "2024-03-29", "ADDTENANT": "17000F", "ADDUSER": "kikaku", "EDITDATE": "2024-03-29", "EDITTENANT": null, "EDITUSER": null, "X": -34997.749999998101, "Y": 65989.249999998094 }, "geometry": { "type": "Point", "coordinates": [ -34997.749999998100975, 65989.249999998093699 ] } },
{ "type": "Feature", "properties": { "JYUSYU": "スギ", "JYUKO": 24.1, "CHOKKEI": 34.9, "TANBOKUZAISEKI": 0.995, "JUKANCHORITSU": 27, "KEIJOHI": 69, "SHURYOHISU": 0, "DATANENDO": 2023, "UNIQUENO": 61305132, "ADDDATE": "2024-03-29", "ADDTENANT": "17000F", "ADDUSER": "kikaku", "EDITDATE": "2024-03-29", "EDITTENANT": null, "EDITUSER": null, "X": -34981.75, "Y": 65989.249999998094 }, "geometry": { "type": "Point", "coordinates": [ -34981.75, 65989.249999998093699 ] } },
{ "type": "Feature", "properties": { "JYUSYU": "スギ", "JYUKO": 27.5, "CHOKKEI": 50.5, "TANBOKUZAISEKI": 2.231, "JUKANCHORITSU": 51, "KEIJOHI": 55, "SHURYOHISU": 0, "DATANENDO": 2023, "UNIQUENO": 61305133, "ADDDATE": "2024-03-29", "ADDTENANT": "17000F", "ADDUSER": "kikaku", "EDITDATE": "2024-03-29", "EDITTENANT": null, "EDITUSER": null, "X": -35023.749999999098, "Y": 65988.75 }, "geometry": { "type": "Point", "coordinates": [ -35023.749999999097781, 65988.75 ] } },
{ "type": "Feature", "properties": { "JYUSYU": "スギ", "JYUKO": 27.6, "CHOKKEI": 52.3, "TANBOKUZAISEKI": 2.391, "JUKANCHORITSU": 62, "KEIJOHI": 53, "SHURYOHISU": 0, "DATANENDO": 2023, "UNIQUENO": 61305134, "ADDDATE": "2024-03-29", "ADDTENANT": "17000F", "ADDUSER": "kikaku", "EDITDATE": "2024-03-29", "EDITTENANT": null, "EDITUSER": null, "X": -35030.749999999098, "Y": 65988.250000001906 }, "geometry": { "type": "Point", "coordinates": [ -35030.749999999097781, 65988.250000001906301 ] } },
{ "type": "Feature", "properties": { "JYUSYU": "スギ", "JYUKO": 30.1, "CHOKKEI": 53.5, "TANBOKUZAISEKI": 2.7, "JUKANCHORITSU": 40, "KEIJOHI": 56, "SHURYOHISU": 0, "DATANENDO": 2023, "UNIQUENO": 61305138, "ADDDATE": "2024-03-29", "ADDTENANT": "17000F", "ADDUSER": "kikaku", "EDITDATE": "2024-03-29", "EDITTENANT": null, "EDITUSER": null, "X": -34986.749999999098, "Y": 65986.750000001906 }, "geometry": { "type": "Point", "coordinates": [ -34986.749999999097781, 65986.750000001906301 ] } },
{ "type": "Feature", "properties": { "JYUSYU": "スギ", "JYUKO": 25.2, "CHOKKEI": 38.3, "TANBOKUZAISEKI": 1.234, "JUKANCHORITSU": 27, "KEIJOHI": 66, "SHURYOHISU": 0, "DATANENDO": 2023, "UNIQUENO": 61305141, "ADDDATE": "2024-03-29", "ADDTENANT": "17000F", "ADDUSER": "kikaku", "EDITDATE": "2024-03-29", "EDITTENANT": null, "EDITUSER": null, "X": -35026.249999999098, "Y": 65985.75 }, "geometry": { "type": "Point", "coordinates": [ -35026.249999999097781, 65985.75 ] } },
{ "type": "Feature", "properties": { "JYUSYU": "スギ", "JYUKO": 27.5, "CHOKKEI": 53.6, "TANBOKUZAISEKI": 2.492, "JUKANCHORITSU": 51, "KEIJOHI": 51, "SHURYOHISU": 0, "DATANENDO": 2023, "UNIQUENO": 61305142, "ADDDATE": "2024-03-29", "ADDTENANT": "17000F", "ADDUSER": "kikaku", "EDITDATE": "2024-03-29", "EDITTENANT": null, "EDITUSER": null, "X": -35013.749999999098, "Y": 65985.75 }, "geometry": { "type": "Point", "coordinates": [ -35013.749999999097781, 65985.75 ] } },
{ "type": "Feature", "properties": { "JYUSYU": "スギ", "JYUKO": 24.9, "CHOKKEI": 39.7, "TANBOKUZAISEKI": 1.303, "JUKANCHORITSU": 57, "KEIJOHI": 63, "SHURYOHISU": 0, "DATANENDO": 2023, "UNIQUENO": 61305144, "ADDDATE": "2024-03-29", "ADDTENANT": "17000F", "ADDUSER": "kikaku", "EDITDATE": "2024-03-29", "EDITTENANT": null, "EDITUSER": null, "X": -34999.249999999098, "Y": 65985.250000001906 }, "geometry": { "type": "Point", "coordinates": [ -34999.249999999097781, 65985.250000001906301 ] } },
{ "type": "Feature", "properties": { "JYUSYU": "スギ", "JYUKO": 23.3, "CHOKKEI": 42.4, "TANBOKUZAISEKI": 1.375, "JUKANCHORITSU": 70, "KEIJOHI": 55, "SHURYOHISU": 0, "DATANENDO": 2023, "UNIQUENO": 61305145, "ADDDATE": "2024-03-29", "ADDTENANT": "17000F", "ADDUSER": "kikaku", "EDITDATE": "2024-03-29", "EDITTENANT": null, "EDITUSER": null, "X": -35030.250000000902, "Y": 65984.750000003696 }, "geometry": { "type": "Point", "coordinates": [ -35030.250000000902219, 65984.750000003696186 ] } },
{ "type": "Feature", "properties": { "JYUSYU": "スギ", "JYUKO": 24.1, "CHOKKEI": 40.5, "TANBOKUZAISEKI": 1.305, "JUKANCHORITSU": 29, "KEIJOHI": 60, "SHURYOHISU": 0, "DATANENDO": 2023, "UNIQUENO": 61305146, "ADDDATE": "2024-03-29", "ADDTENANT": "17000F", "ADDUSER": "kikaku", "EDITDATE": "2024-03-29", "EDITTENANT": null, "EDITUSER": null, "X": -34993.749999999098, "Y": 65984.750000003696 }, "geometry": { "type": "Point", "coordinates": [ -34993.749999999097781, 65984.750000003696186 ] } },
{ "type": "Feature", "properties": { "JYUSYU": "スギ", "JYUKO": 25.4, "CHOKKEI": 41.5, "TANBOKUZAISEKI": 1.439, "JUKANCHORITSU": 23, "KEIJOHI": 61, "SHURYOHISU": 0, "DATANENDO": 2023, "UNIQUENO": 61305147, "ADDDATE": "2024-03-29", "ADDTENANT": "17000F", "ADDUSER": "kikaku", "EDITDATE": "2024-03-29", "EDITTENANT": null, "EDITUSER": null, "X": -35019.75, "Y": 65984.25 }, "geometry": { "type": "Point", "coordinates": [ -35019.75, 65984.25 ] } },
{ "type": "Feature", "properties": { "JYUSYU": "スギ", "JYUKO": 25.7, "CHOKKEI": 40.2, "TANBOKUZAISEKI": 1.374, "JUKANCHORITSU": 33, "KEIJOHI": 64, "SHURYOHISU": 0, "DATANENDO": 2023, "UNIQUENO": 61305150, "ADDDATE": "2024-03-29", "ADDTENANT": "17000F", "ADDUSER": "kikaku", "EDITDATE": "2024-03-29", "EDITTENANT": null, "EDITUSER": null, "X": -34989.249999999098, "Y": 65983.250000003696 }, "geometry": { "type": "Point", "coordinates": [ -34989.249999999097781, 65983.250000003696186 ] } },
{ "type": "Feature", "properties": { "JYUSYU": "スギ", "JYUKO": 24.7, "CHOKKEI": 39.3, "TANBOKUZAISEKI": 1.271, "JUKANCHORITSU": 44, "KEIJOHI": 63, "SHURYOHISU": 0, "DATANENDO": 2023, "UNIQUENO": 61305155, "ADDDATE": "2024-03-29", "ADDTENANT": "17000F", "ADDUSER": "kikaku", "EDITDATE": "2024-03-29", "EDITTENANT": null, "EDITUSER": null, "X": -35013.749999999098, "Y": 65982.250000001906 }, "geometry": { "type": "Point", "coordinates": [ -35013.749999999097781, 65982.250000001906301 ] } },
{ "type": "Feature", "properties": { "JYUSYU": "スギ", "JYUKO": 22.1, "CHOKKEI": 41.5, "TANBOKUZAISEKI": 1.252, "JUKANCHORITSU": 40, "KEIJOHI": 53, "SHURYOHISU": 0, "DATANENDO": 2023, "UNIQUENO": 61305156, "ADDDATE": "2024-03-29", "ADDTENANT": "17000F", "ADDUSER": "kikaku", "EDITDATE": "2024-03-29", "EDITTENANT": null, "EDITUSER": null, "X": -35006.249999998101, "Y": 65982.250000001906 }, "geometry": { "type": "Point", "coordinates": [ -35006.249999998100975, 65982.250000001906301 ] } },
{ "type": "Feature", "properties": { "JYUSYU": "スギ", "JYUKO": 25.9, "CHOKKEI": 39.5, "TANBOKUZAISEKI": 1.339, "JUKANCHORITSU": 35, "KEIJOHI": 66, "SHURYOHISU": 0, "DATANENDO": 2023, "UNIQUENO": 61305157, "ADDDATE": "2024-03-29", "ADDTENANT": "17000F", "ADDUSER": "kikaku", "EDITDATE": "2024-03-29", "EDITTENANT": null, "EDITUSER": null, "X": -35002.75, "Y": 65982.250000001906 }, "geometry": { "type": "Point", "coordinates": [ -35002.75, 65982.250000001906301 ] } },
{ "type": "Feature", "properties": { "JYUSYU": "スギ", "JYUKO": 24.3, "CHOKKEI": 38.1, "TANBOKUZAISEKI": 1.177, "JUKANCHORITSU": 29, "KEIJOHI": 64, "SHURYOHISU": 0, "DATANENDO": 2023, "UNIQUENO": 61305159, "ADDDATE": "2024-03-29", "ADDTENANT": "17000F", "ADDUSER": "kikaku", "EDITDATE": "2024-03-29", "EDITTENANT": null, "EDITUSER": null, "X": -34998.75, "Y": 65981.750000001906 }, "geometry": { "type": "Point", "coordinates": [ -34998.75, 65981.750000001906301 ] } },
{ "type": "Feature", "properties": { "JYUSYU": "スギ", "JYUKO": 23.9, "CHOKKEI": 40.8, "TANBOKUZAISEKI": 1.31, "JUKANCHORITSU": 31, "KEIJOHI": 59, "SHURYOHISU": 0, "DATANENDO": 2023, "UNIQUENO": 61305160, "ADDDATE": "2024-03-29", "ADDTENANT": "17000F", "ADDUSER": "kikaku", "EDITDATE": "2024-03-29", "EDITTENANT": null, "EDITUSER": null, "X": -34984.750000000902, "Y": 65981.750000001906 }, "geometry": { "type": "Point", "coordinates": [ -34984.750000000902219, 65981.750000001906301 ] } },
{ "type": "Feature", "properties": { "JYUSYU": "スギ", "JYUKO": 23.3, "CHOKKEI": 41.0, "TANBOKUZAISEKI": 1.296, "JUKANCHORITSU": 41, "KEIJOHI": 57, "SHURYOHISU": 0, "DATANENDO": 2023, "UNIQUENO": 61305162, "ADDDATE": "2024-03-29", "ADDTENANT": "17000F", "ADDUSER": "kikaku", "EDITDATE": "2024-03-29", "EDITTENANT": null, "EDITUSER": null, "X": -34994.749999998101, "Y": 65980.750000001906 }, "geometry": { "type": "Point", "coordinates": [ -34994.749999998100975, 65980.750000001906301 ] } },
{ "type": "Feature", "properties": { "JYUSYU": "スギ", "JYUKO": 24.0, "CHOKKEI": 42.5, "TANBOKUZAISEKI": 1.421, "JUKANCHORITSU": 51, "KEIJOHI": 57, "SHURYOHISU": 0, "DATANENDO": 2023, "UNIQUENO": 61305164, "ADDDATE": "2024-03-29", "ADDTENANT": "17000F", "ADDUSER": "kikaku", "EDITDATE": "2024-03-29", "EDITTENANT": null, "EDITUSER": null, "X": -35025.75, "Y": 65980.250000001906 }, "geometry": { "type": "Point", "coordinates": [ -35025.75, 65980.250000001906301 ] } },
{ "type": "Feature", "properties": { "JYUSYU": "スギ", "JYUKO": 28.5, "CHOKKEI": 46.1, "TANBOKUZAISEKI": 1.956, "JUKANCHORITSU": 34, "KEIJOHI": 62, "SHURYOHISU": 0, "DATANENDO": 2023, "UNIQUENO": 61305165, "ADDDATE": "2024-03-29", "ADDTENANT": "17000F", "ADDUSER": "kikaku", "EDITDATE": "2024-03-29", "EDITTENANT": null, "EDITUSER": null, "X": -35022.249999999098, "Y": 65979.75 }, "geometry": { "type": "Point", "coordinates": [ -35022.249999999097781, 65979.75 ] } },
{ "type": "Feature", "properties": { "JYUSYU": "スギ", "JYUKO": 30.7, "CHOKKEI": 51.3, "TANBOKUZAISEKI": 2.562, "JUKANCHORITSU": 73, "KEIJOHI": 60, "SHURYOHISU": 0, "DATANENDO": 2023, "UNIQUENO": 61305166, "ADDDATE": "2024-03-29", "ADDTENANT": "17000F", "ADDUSER": "kikaku", "EDITDATE": "2024-03-29", "EDITTENANT": null, "EDITUSER": null, "X": -35015.75, "Y": 65979.250000001906 }, "geometry": { "type": "Point", "coordinates": [ -35015.75, 65979.250000001906301 ] } },
{ "type": "Feature", "properties": { "JYUSYU": "スギ", "JYUKO": 23.7, "CHOKKEI": 28.7, "TANBOKUZAISEKI": 0.684, "JUKANCHORITSU": 25, "KEIJOHI": 83, "SHURYOHISU": 0, "DATANENDO": 2023, "UNIQUENO": 61305167, "ADDDATE": "2024-03-29", "ADDTENANT": "17000F", "ADDUSER": "kikaku", "EDITDATE": "2024-03-29", "EDITTENANT": null, "EDITUSER": null, "X": -35003.250000000902, "Y": 65979.250000001906 }, "geometry": { "type": "Point", "coordinates": [ -35003.250000000902219, 65979.250000001906301 ] } },
{ "type": "Feature", "properties": { "JYUSYU": "スギ", "JYUKO": 27.4, "CHOKKEI": 47.6, "TANBOKUZAISEKI": 1.998, "JUKANCHORITSU": 44, "KEIJOHI": 58, "SHURYOHISU": 0, "DATANENDO": 2023, "UNIQUENO": 61305168, "ADDDATE": "2024-03-29", "ADDTENANT": "17000F", "ADDUSER": "kikaku", "EDITDATE": "2024-03-29", "EDITTENANT": null, "EDITUSER": null, "X": -35020.25, "Y": 65978.25 }, "geometry": { "type": "Point", "coordinates": [ -35020.25, 65978.25 ] } },
{ "type": "Feature", "properties": { "JYUSYU": "スギ", "JYUKO": 27.1, "CHOKKEI": 44.3, "TANBOKUZAISEKI": 1.724, "JUKANCHORITSU": 49, "KEIJOHI": 61, "SHURYOHISU": 0, "DATANENDO": 2023, "UNIQUENO": 61305169, "ADDDATE": "2024-03-29", "ADDTENANT": "17000F", "ADDUSER": "kikaku", "EDITDATE": "2024-03-29", "EDITTENANT": null, "EDITUSER": null, "X": -35002.75, "Y": 65977.250000001906 }, "geometry": { "type": "Point", "coordinates": [ -35002.75, 65977.250000001906301 ] } },
{ "type": "Feature", "properties": { "JYUSYU": "スギ", "JYUKO": 24.8, "CHOKKEI": 30.0, "TANBOKUZAISEKI": 0.776, "JUKANCHORITSU": 20, "KEIJOHI": 83, "SHURYOHISU": 0, "DATANENDO": 2023, "UNIQUENO": 61305170, "ADDDATE": "2024-03-29", "ADDTENANT": "17000F", "ADDUSER": "kikaku", "EDITDATE": "2024-03-29", "EDITTENANT": null, "EDITUSER": null, "X": -35000.749999999098, "Y": 65977.250000001906 }, "geometry": { "type": "Point", "coordinates": [ -35000.749999999097781, 65977.250000001906301 ] } },
{ "type": "Feature", "properties": { "JYUSYU": "スギ", "JYUKO": 26.5, "CHOKKEI": 39.7, "TANBOKUZAISEKI": 1.383, "JUKANCHORITSU": 42, "KEIJOHI": 67, "SHURYOHISU": 0, "DATANENDO": 2023, "UNIQUENO": 61305171, "ADDDATE": "2024-03-29", "ADDTENANT": "17000F", "ADDUSER": "kikaku", "EDITDATE": "2024-03-29", "EDITTENANT": null, "EDITUSER": null, "X": -34998.249999999098, "Y": 65977.250000001906 }, "geometry": { "type": "Point", "coordinates": [ -34998.249999999097781, 65977.250000001906301 ] } },
{ "type": "Feature", "properties": { "JYUSYU": "スギ", "JYUKO": 23.1, "CHOKKEI": 40.0, "TANBOKUZAISEKI": 1.228, "JUKANCHORITSU": 25, "KEIJOHI": 58, "SHURYOHISU": 0, "DATANENDO": 2023, "UNIQUENO": 61305172, "ADDDATE": "2024-03-29", "ADDTENANT": "17000F", "ADDUSER": "kikaku", "EDITDATE": "2024-03-29", "EDITTENANT": null, "EDITUSER": null, "X": -34985.75, "Y": 65977.250000001906 }, "geometry": { "type": "Point", "coordinates": [ -34985.75, 65977.250000001906301 ] } },
{ "type": "Feature", "properties": { "JYUSYU": "スギ", "JYUKO": 20.4, "CHOKKEI": 38.0, "TANBOKUZAISEKI": 0.985, "JUKANCHORITSU": 68, "KEIJOHI": 54, "SHURYOHISU": 0, "DATANENDO": 2023, "UNIQUENO": 61305173, "ADDDATE": "2024-03-29", "ADDTENANT": "17000F", "ADDUSER": "kikaku", "EDITDATE": "2024-03-29", "EDITTENANT": null, "EDITUSER": null, "X": -35008.249999999098, "Y": 65976.25 }, "geometry": { "type": "Point", "coordinates": [ -35008.249999999097781, 65976.25 ] } },
{ "type": "Feature", "properties": { "JYUSYU": "スギ", "JYUKO": 27.2, "CHOKKEI": 50.6, "TANBOKUZAISEKI": 2.217, "JUKANCHORITSU": 52, "KEIJOHI": 54, "SHURYOHISU": 0, "DATANENDO": 2023, "UNIQUENO": 61305174, "ADDDATE": "2024-03-29", "ADDTENANT": "17000F", "ADDUSER": "kikaku", "EDITDATE": "2024-03-29", "EDITTENANT": null, "EDITUSER": null, "X": -34990.25, "Y": 65976.25 }, "geometry": { "type": "Point", "coordinates": [ -34990.25, 65976.25 ] } },
{ "type": "Feature", "properties": { "JYUSYU": "スギ", "JYUKO": 19.6, "CHOKKEI": 28.7, "TANBOKUZAISEKI": 0.569, "JUKANCHORITSU": 24, "KEIJOHI": 68, "SHURYOHISU": 0, "DATANENDO": 2023, "UNIQUENO": 61305176, "ADDDATE": "2024-03-29", "ADDTENANT": "17000F", "ADDUSER": "kikaku", "EDITDATE": "2024-03-29", "EDITTENANT": null, "EDITUSER": null, "X": -35014.749999998101, "Y": 65975.25 }, "geometry": { "type": "Point", "coordinates": [ -35014.749999998100975, 65975.25 ] } },
{ "type": "Feature", "properties": { "JYUSYU": "スギ", "JYUKO": 24.7, "CHOKKEI": 43.8, "TANBOKUZAISEKI": 1.542, "JUKANCHORITSU": 48, "KEIJOHI": 56, "SHURYOHISU": 0, "DATANENDO": 2023, "UNIQUENO": 61305178, "ADDDATE": "2024-03-29", "ADDTENANT": "17000F", "ADDUSER": "kikaku", "EDITDATE": "2024-03-29", "EDITTENANT": null, "EDITUSER": null, "X": -34998.75, "Y": 65973.75 }, "geometry": { "type": "Point", "coordinates": [ -34998.75, 65973.75 ] } },
{ "type": "Feature", "properties": { "JYUSYU": "スギ", "JYUKO": 23.2, "CHOKKEI": 42.1, "TANBOKUZAISEKI": 1.351, "JUKANCHORITSU": 34, "KEIJOHI": 55, "SHURYOHISU": 0, "DATANENDO": 2023, "UNIQUENO": 61305179, "ADDDATE": "2024-03-29", "ADDTENANT": "17000F", "ADDUSER": "kikaku", "EDITDATE": "2024-03-29", "EDITTENANT": null, "EDITUSER": null, "X": -35024.749999998101, "Y": 65973.25 }, "geometry": { "type": "Point", "coordinates": [ -35024.749999998100975, 65973.25 ] } },
{ "type": "Feature", "properties": { "JYUSYU": "スギ", "JYUKO": 26.9, "CHOKKEI": 48.0, "TANBOKUZAISEKI": 1.984, "JUKANCHORITSU": 72, "KEIJOHI": 56, "SHURYOHISU": 0, "DATANENDO": 2023, "UNIQUENO": 61305180, "ADDDATE": "2024-03-29", "ADDTENANT": "17000F", "ADDUSER": "kikaku", "EDITDATE": "2024-03-29", "EDITTENANT": null, "EDITUSER": null, "X": -35011.25, "Y": 65972.750000001906 }, "geometry": { "type": "Point", "coordinates": [ -35011.25, 65972.750000001906301 ] } },
{ "type": "Feature", "properties": { "JYUSYU": "スギ", "JYUKO": 24.5, "CHOKKEI": 42.5, "TANBOKUZAISEKI": 1.449, "JUKANCHORITSU": 49, "KEIJOHI": 58, "SHURYOHISU": 0, "DATANENDO": 2023, "UNIQUENO": 61305181, "ADDDATE": "2024-03-29", "ADDTENANT": "17000F", "ADDUSER": "kikaku", "EDITDATE": "2024-03-29", "EDITTENANT": null, "EDITUSER": null, "X": -34991.25, "Y": 65972.750000001906 }, "geometry": { "type": "Point", "coordinates": [ -34991.25, 65972.750000001906301 ] } },
{ "type": "Feature", "properties": { "JYUSYU": "スギ", "JYUKO": 24.3, "CHOKKEI": 44.0, "TANBOKUZAISEKI": 1.534, "JUKANCHORITSU": 49, "KEIJOHI": 55, "SHURYOHISU": 0, "DATANENDO": 2023, "UNIQUENO": 61305182, "ADDDATE": "2024-03-29", "ADDTENANT": "17000F", "ADDUSER": "kikaku", "EDITDATE": "2024-03-29", "EDITTENANT": null, "EDITUSER": null, "X": -34983.749999999098, "Y": 65972.249999998094 }, "geometry": { "type": "Point", "coordinates": [ -34983.749999999097781, 65972.249999998093699 ] } },
{ "type": "Feature", "properties": { "JYUSYU": "スギ", "JYUKO": 23.9, "CHOKKEI": 34.5, "TANBOKUZAISEKI": 0.967, "JUKANCHORITSU": 25, "KEIJOHI": 69, "SHURYOHISU": 0, "DATANENDO": 2023, "UNIQUENO": 61305184, "ADDDATE": "2024-03-29", "ADDTENANT": "17000F", "ADDUSER": "kikaku", "EDITDATE": "2024-03-29", "EDITTENANT": null, "EDITUSER": null, "X": -35013.749999999098, "Y": 65971.250000001906 }, "geometry": { "type": "Point", "coordinates": [ -35013.749999999097781, 65971.250000001906301 ] } },
{ "type": "Feature", "properties": { "JYUSYU": "スギ", "JYUKO": 23.0, "CHOKKEI": 37.3, "TANBOKUZAISEKI": 1.074, "JUKANCHORITSU": 36, "KEIJOHI": 62, "SHURYOHISU": 0, "DATANENDO": 2023, "UNIQUENO": 61305186, "ADDDATE": "2024-03-29", "ADDTENANT": "17000F", "ADDUSER": "kikaku", "EDITDATE": "2024-03-29", "EDITTENANT": null, "EDITUSER": null, "X": -35020.749999999098, "Y": 65970.25 }, "geometry": { "type": "Point", "coordinates": [ -35020.749999999097781, 65970.25 ] } },
{ "type": "Feature", "properties": { "JYUSYU": "スギ", "JYUKO": 22.9, "CHOKKEI": 33.8, "TANBOKUZAISEKI": 0.891, "JUKANCHORITSU": 33, "KEIJOHI": 68, "SHURYOHISU": 0, "DATANENDO": 2023, "UNIQUENO": 61305187, "ADDDATE": "2024-03-29", "ADDTENANT": "17000F", "ADDUSER": "kikaku", "EDITDATE": "2024-03-29", "EDITTENANT": null, "EDITUSER": null, "X": -35016.249999999098, "Y": 65969.750000001906 }, "geometry": { "type": "Point", "coordinates": [ -35016.249999999097781, 65969.750000001906301 ] } },
{ "type": "Feature", "properties": { "JYUSYU": "スギ", "JYUKO": 26.4, "CHOKKEI": 46.7, "TANBOKUZAISEKI": 1.854, "JUKANCHORITSU": 47, "KEIJOHI": 57, "SHURYOHISU": 0, "DATANENDO": 2023, "UNIQUENO": 61305188, "ADDDATE": "2024-03-29", "ADDTENANT": "17000F", "ADDUSER": "kikaku", "EDITDATE": "2024-03-29", "EDITTENANT": null, "EDITUSER": null, "X": -35006.249999998101, "Y": 65969.750000001906 }, "geometry": { "type": "Point", "coordinates": [ -35006.249999998100975, 65969.750000001906301 ] } },
{ "type": "Feature", "properties": { "JYUSYU": "スギ", "JYUKO": 21.4, "CHOKKEI": 35.6, "TANBOKUZAISEKI": 0.918, "JUKANCHORITSU": 30, "KEIJOHI": 60, "SHURYOHISU": 0, "DATANENDO": 2023, "UNIQUENO": 61305189, "ADDDATE": "2024-03-29", "ADDTENANT": "17000F", "ADDUSER": "kikaku", "EDITDATE": "2024-03-29", "EDITTENANT": null, "EDITUSER": null, "X": -35000.25, "Y": 65969.750000001906 }, "geometry": { "type": "Point", "coordinates": [ -35000.25, 65969.750000001906301 ] } },
{ "type": "Feature", "properties": { "JYUSYU": "スギ", "JYUKO": 23.1, "CHOKKEI": 40.1, "TANBOKUZAISEKI": 1.227, "JUKANCHORITSU": 40, "KEIJOHI": 58, "SHURYOHISU": 0, "DATANENDO": 2023, "UNIQUENO": 61305190, "ADDDATE": "2024-03-29", "ADDTENANT": "17000F", "ADDUSER": "kikaku", "EDITDATE": "2024-03-29", "EDITTENANT": null, "EDITUSER": null, "X": -34988.75, "Y": 65968.75 }, "geometry": { "type": "Point", "coordinates": [ -34988.75, 65968.75 ] } },
{ "type": "Feature", "properties": { "JYUSYU": "スギ", "JYUKO": 22.4, "CHOKKEI": 39.9, "TANBOKUZAISEKI": 1.184, "JUKANCHORITSU": 32, "KEIJOHI": 56, "SHURYOHISU": 0, "DATANENDO": 2023, "UNIQUENO": 61305192, "ADDDATE": "2024-03-29", "ADDTENANT": "17000F", "ADDUSER": "kikaku", "EDITDATE": "2024-03-29", "EDITTENANT": null, "EDITUSER": null, "X": -35028.25, "Y": 65967.750000003696 }, "geometry": { "type": "Point", "coordinates": [ -35028.25, 65967.750000003696186 ] } },
{ "type": "Feature", "properties": { "JYUSYU": "スギ", "JYUKO": 14.2, "CHOKKEI": 25.8, "TANBOKUZAISEKI": 0.338, "JUKANCHORITSU": 36, "KEIJOHI": 55, "SHURYOHISU": 0, "DATANENDO": 2023, "UNIQUENO": 61305193, "ADDDATE": "2024-03-29", "ADDTENANT": "17000F", "ADDUSER": "kikaku", "EDITDATE": "2024-03-29", "EDITTENANT": null, "EDITUSER": null, "X": -34981.75, "Y": 65967.750000003696 }, "geometry": { "type": "Point", "coordinates": [ -34981.75, 65967.750000003696186 ] } },
{ "type": "Feature", "properties": { "JYUSYU": "スギ", "JYUKO": 18.0, "CHOKKEI": 28.0, "TANBOKUZAISEKI": 0.5, "JUKANCHORITSU": 25, "KEIJOHI": 64, "SHURYOHISU": 0, "DATANENDO": 2023, "UNIQUENO": 61305194, "ADDDATE": "2024-03-29", "ADDTENANT": "17000F", "ADDUSER": "kikaku", "EDITDATE": "2024-03-29", "EDITTENANT": null, "EDITUSER": null, "X": -35023.749999999098, "Y": 65967.25 }, "geometry": { "type": "Point", "coordinates": [ -35023.749999999097781, 65967.25 ] } },
{ "type": "Feature", "properties": { "JYUSYU": "スギ", "JYUKO": 25.8, "CHOKKEI": 42.3, "TANBOKUZAISEKI": 1.509, "JUKANCHORITSU": 34, "KEIJOHI": 61, "SHURYOHISU": 0, "DATANENDO": 2023, "UNIQUENO": 61305195, "ADDDATE": "2024-03-29", "ADDTENANT": "17000F", "ADDUSER": "kikaku", "EDITDATE": "2024-03-29", "EDITTENANT": null, "EDITUSER": null, "X": -35020.25, "Y": 65967.25 }, "geometry": { "type": "Point", "coordinates": [ -35020.25, 65967.25 ] } },
{ "type": "Feature", "properties": { "JYUSYU": "スギ", "JYUKO": 24.4, "CHOKKEI": 39.9, "TANBOKUZAISEKI": 1.286, "JUKANCHORITSU": 40, "KEIJOHI": 61, "SHURYOHISU": 0, "DATANENDO": 2023, "UNIQUENO": 61305196, "ADDDATE": "2024-03-29", "ADDTENANT": "17000F", "ADDUSER": "kikaku", "EDITDATE": "2024-03-29", "EDITTENANT": null, "EDITUSER": null, "X": -34996.749999999098, "Y": 65967.25 }, "geometry": { "type": "Point", "coordinates": [ -34996.749999999097781, 65967.25 ] } },
{ "type": "Feature", "properties": { "JYUSYU": "スギ", "JYUKO": 21.5, "CHOKKEI": 27.1, "TANBOKUZAISEKI": 0.562, "JUKANCHORITSU": 34, "KEIJOHI": 79, "SHURYOHISU": 0, "DATANENDO": 2023, "UNIQUENO": 61305197, "ADDDATE": "2024-03-29", "ADDTENANT": "17000F", "ADDUSER": "kikaku", "EDITDATE": "2024-03-29", "EDITTENANT": null, "EDITUSER": null, "X": -34994.25, "Y": 65967.25 }, "geometry": { "type": "Point", "coordinates": [ -34994.25, 65967.25 ] } },
{ "type": "Feature", "properties": { "JYUSYU": "スギ", "JYUKO": 27.7, "CHOKKEI": 45.8, "TANBOKUZAISEKI": 1.878, "JUKANCHORITSU": 34, "KEIJOHI": 61, "SHURYOHISU": 0, "DATANENDO": 2023, "UNIQUENO": 61305198, "ADDDATE": "2024-03-29", "ADDTENANT": "17000F", "ADDUSER": "kikaku", "EDITDATE": "2024-03-29", "EDITTENANT": null, "EDITUSER": null, "X": -35005.249999999098, "Y": 65966.750000001906 }, "geometry": { "type": "Point", "coordinates": [ -35005.249999999097781, 65966.750000001906301 ] } },
{ "type": "Feature", "properties": { "JYUSYU": "スギ", "JYUKO": 23.7, "CHOKKEI": 39.6, "TANBOKUZAISEKI": 1.23, "JUKANCHORITSU": 48, "KEIJOHI": 60, "SHURYOHISU": 0, "DATANENDO": 2023, "UNIQUENO": 61305199, "ADDDATE": "2024-03-29", "ADDTENANT": "17000F", "ADDUSER": "kikaku", "EDITDATE": "2024-03-29", "EDITTENANT": null, "EDITUSER": null, "X": -34987.25, "Y": 65966.750000001906 }, "geometry": { "type": "Point", "coordinates": [ -34987.25, 65966.750000001906301 ] } },
{ "type": "Feature", "properties": { "JYUSYU": "スギ", "JYUKO": 23.4, "CHOKKEI": 45.7, "TANBOKUZAISEKI": 1.58, "JUKANCHORITSU": 52, "KEIJOHI": 51, "SHURYOHISU": 0, "DATANENDO": 2023, "UNIQUENO": 61305200, "ADDDATE": "2024-03-29", "ADDTENANT": "17000F", "ADDUSER": "kikaku", "EDITDATE": "2024-03-29", "EDITTENANT": null, "EDITUSER": null, "X": -35014.25, "Y": 65966.250000003696 }, "geometry": { "type": "Point", "coordinates": [ -35014.25, 65966.250000003696186 ] } },
{ "type": "Feature", "properties": { "JYUSYU": "スギ", "JYUKO": 23.9, "CHOKKEI": 38.5, "TANBOKUZAISEKI": 1.18, "JUKANCHORITSU": 26, "KEIJOHI": 62, "SHURYOHISU": 0, "DATANENDO": 2023, "UNIQUENO": 61305201, "ADDDATE": "2024-03-29", "ADDTENANT": "17000F", "ADDUSER": "kikaku", "EDITDATE": "2024-03-29", "EDITTENANT": null, "EDITUSER": null, "X": -35009.249999999098, "Y": 65966.250000003696 }, "geometry": { "type": "Point", "coordinates": [ -35009.249999999097781, 65966.250000003696186 ] } },
{ "type": "Feature", "properties": { "JYUSYU": "スギ", "JYUKO": 22.4, "CHOKKEI": 28.2, "TANBOKUZAISEKI": 0.629, "JUKANCHORITSU": 15, "KEIJOHI": 79, "SHURYOHISU": 0, "DATANENDO": 2023, "UNIQUENO": 61305202, "ADDDATE": "2024-03-29", "ADDTENANT": "17000F", "ADDUSER": "kikaku", "EDITDATE": "2024-03-29", "EDITTENANT": null, "EDITUSER": null, "X": -34999.249999999098, "Y": 65966.250000003696 }, "geometry": { "type": "Point", "coordinates": [ -34999.249999999097781, 65966.250000003696186 ] } },
{ "type": "Feature", "properties": { "JYUSYU": "スギ", "JYUKO": 21.9, "CHOKKEI": 30.7, "TANBOKUZAISEKI": 0.718, "JUKANCHORITSU": 38, "KEIJOHI": 71, "SHURYOHISU": 0, "DATANENDO": 2023, "UNIQUENO": 61305203, "ADDDATE": "2024-03-29", "ADDTENANT": "17000F", "ADDUSER": "kikaku", "EDITDATE": "2024-03-29", "EDITTENANT": null, "EDITUSER": null, "X": -35028.25, "Y": 65965.75 }, "geometry": { "type": "Point", "coordinates": [ -35028.25, 65965.75 ] } },
{ "type": "Feature", "properties": { "JYUSYU": "スギ", "JYUKO": 23.6, "CHOKKEI": 34.3, "TANBOKUZAISEKI": 0.947, "JUKANCHORITSU": 21, "KEIJOHI": 69, "SHURYOHISU": 0, "DATANENDO": 2023, "UNIQUENO": 61305204, "ADDDATE": "2024-03-29", "ADDTENANT": "17000F", "ADDUSER": "kikaku", "EDITDATE": "2024-03-29", "EDITTENANT": null, "EDITUSER": null, "X": -35001.75, "Y": 65965.75 }, "geometry": { "type": "Point", "coordinates": [ -35001.75, 65965.75 ] } },
{ "type": "Feature", "properties": { "JYUSYU": "スギ", "JYUKO": 21.8, "CHOKKEI": 34.8, "TANBOKUZAISEKI": 0.896, "JUKANCHORITSU": 39, "KEIJOHI": 63, "SHURYOHISU": 0, "DATANENDO": 2023, "UNIQUENO": 61305205, "ADDDATE": "2024-03-29", "ADDTENANT": "17000F", "ADDUSER": "kikaku", "EDITDATE": "2024-03-29", "EDITTENANT": null, "EDITUSER": null, "X": -35030.749999999098, "Y": 65964.25 }, "geometry": { "type": "Point", "coordinates": [ -35030.749999999097781, 65964.25 ] } },
{ "type": "Feature", "properties": { "JYUSYU": "スギ", "JYUKO": 22.4, "CHOKKEI": 38.6, "TANBOKUZAISEKI": 1.111, "JUKANCHORITSU": 40, "KEIJOHI": 58, "SHURYOHISU": 0, "DATANENDO": 2023, "UNIQUENO": 61305206, "ADDDATE": "2024-03-29", "ADDTENANT": "17000F", "ADDUSER": "kikaku", "EDITDATE": "2024-03-29", "EDITTENANT": null, "EDITUSER": null, "X": -35020.749999999098, "Y": 65963.750000001906 }, "geometry": { "type": "Point", "coordinates": [ -35020.749999999097781, 65963.750000001906301 ] } },
{ "type": "Feature", "properties": { "JYUSYU": "スギ", "JYUKO": 19.3, "CHOKKEI": 33.2, "TANBOKUZAISEKI": 0.73, "JUKANCHORITSU": 29, "KEIJOHI": 58, "SHURYOHISU": 0, "DATANENDO": 2023, "UNIQUENO": 61305207, "ADDDATE": "2024-03-29", "ADDTENANT": "17000F", "ADDUSER": "kikaku", "EDITDATE": "2024-03-29", "EDITTENANT": null, "EDITUSER": null, "X": -34991.75, "Y": 65963.250000001906 }, "geometry": { "type": "Point", "coordinates": [ -34991.75, 65963.250000001906301 ] } },
{ "type": "Feature", "properties": { "JYUSYU": "スギ", "JYUKO": 21.7, "CHOKKEI": 27.3, "TANBOKUZAISEKI": 0.573, "JUKANCHORITSU": 29, "KEIJOHI": 80, "SHURYOHISU": 0, "DATANENDO": 2023, "UNIQUENO": 61305208, "ADDDATE": "2024-03-29", "ADDTENANT": "17000F", "ADDUSER": "kikaku", "EDITDATE": "2024-03-29", "EDITTENANT": null, "EDITUSER": null, "X": -35031.25, "Y": 65962.75 }, "geometry": { "type": "Point", "coordinates": [ -35031.25, 65962.75 ] } },
{ "type": "Feature", "properties": { "JYUSYU": "スギ", "JYUKO": 14.4, "CHOKKEI": 20.4, "TANBOKUZAISEKI": 0.225, "JUKANCHORITSU": 12, "KEIJOHI": 71, "SHURYOHISU": 0, "DATANENDO": 2023, "UNIQUENO": 61305209, "ADDDATE": "2024-03-29", "ADDTENANT": "17000F", "ADDUSER": "kikaku", "EDITDATE": "2024-03-29", "EDITTENANT": null, "EDITUSER": null, "X": -35024.749999998101, "Y": 65962.75 }, "geometry": { "type": "Point", "coordinates": [ -35024.749999998100975, 65962.75 ] } },
{ "type": "Feature", "properties": { "JYUSYU": "スギ", "JYUKO": 25.3, "CHOKKEI": 45.7, "TANBOKUZAISEKI": 1.71, "JUKANCHORITSU": 37, "KEIJOHI": 55, "SHURYOHISU": 0, "DATANENDO": 2023, "UNIQUENO": 61305210, "ADDDATE": "2024-03-29", "ADDTENANT": "17000F", "ADDUSER": "kikaku", "EDITDATE": "2024-03-29", "EDITTENANT": null, "EDITUSER": null, "X": -34997.25, "Y": 65962.75 }, "geometry": { "type": "Point", "coordinates": [ -34997.25, 65962.75 ] } },
{ "type": "Feature", "properties": { "JYUSYU": "スギ", "JYUKO": 17.2, "CHOKKEI": 33.6, "TANBOKUZAISEKI": 0.667, "JUKANCHORITSU": 29, "KEIJOHI": 51, "SHURYOHISU": 0, "DATANENDO": 2023, "UNIQUENO": 61305211, "ADDDATE": "2024-03-29", "ADDTENANT": "17000F", "ADDUSER": "kikaku", "EDITDATE": "2024-03-29", "EDITTENANT": null, "EDITUSER": null, "X": -35034.749999999098, "Y": 65962.250000001906 }, "geometry": { "type": "Point", "coordinates": [ -35034.749999999097781, 65962.250000001906301 ] } },
{ "type": "Feature", "properties": { "JYUSYU": "スギ", "JYUKO": 22.0, "CHOKKEI": 33.9, "TANBOKUZAISEKI": 0.86, "JUKANCHORITSU": 44, "KEIJOHI": 65, "SHURYOHISU": 0, "DATANENDO": 2023, "UNIQUENO": 61305212, "ADDDATE": "2024-03-29", "ADDTENANT": "17000F", "ADDUSER": "kikaku", "EDITDATE": "2024-03-29", "EDITTENANT": null, "EDITUSER": null, "X": -35029.75, "Y": 65962.250000001906 }, "geometry": { "type": "Point", "coordinates": [ -35029.75, 65962.250000001906301 ] } },
{ "type": "Feature", "properties": { "JYUSYU": "スギ", "JYUKO": 26.0, "CHOKKEI": 34.2, "TANBOKUZAISEKI": 1.033, "JUKANCHORITSU": 46, "KEIJOHI": 76, "SHURYOHISU": 0, "DATANENDO": 2023, "UNIQUENO": 61305213, "ADDDATE": "2024-03-29", "ADDTENANT": "17000F", "ADDUSER": "kikaku", "EDITDATE": "2024-03-29", "EDITTENANT": null, "EDITUSER": null, "X": -34982.75, "Y": 65961.750000001906 }, "geometry": { "type": "Point", "coordinates": [ -34982.75, 65961.750000001906301 ] } },
{ "type": "Feature", "properties": { "JYUSYU": "スギ", "JYUKO": 23.9, "CHOKKEI": 35.7, "TANBOKUZAISEKI": 1.03, "JUKANCHORITSU": 37, "KEIJOHI": 67, "SHURYOHISU": 0, "DATANENDO": 2023, "UNIQUENO": 61305214, "ADDDATE": "2024-03-29", "ADDTENANT": "17000F", "ADDUSER": "kikaku", "EDITDATE": "2024-03-29", "EDITTENANT": null, "EDITUSER": null, "X": -34987.749999998101, "Y": 65961.25 }, "geometry": { "type": "Point", "coordinates": [ -34987.749999998100975, 65961.25 ] } },
{ "type": "Feature", "properties": { "JYUSYU": "スギ", "JYUKO": 26.8, "CHOKKEI": 44.2, "TANBOKUZAISEKI": 1.704, "JUKANCHORITSU": 47, "KEIJOHI": 61, "SHURYOHISU": 0, "DATANENDO": 2023, "UNIQUENO": 61305215, "ADDDATE": "2024-03-29", "ADDTENANT": "17000F", "ADDUSER": "kikaku", "EDITDATE": "2024-03-29", "EDITTENANT": null, "EDITUSER": null, "X": -34984.750000000902, "Y": 65961.25 }, "geometry": { "type": "Point", "coordinates": [ -34984.750000000902219, 65961.25 ] } },
{ "type": "Feature", "properties": { "JYUSYU": "スギ", "JYUKO": 25.3, "CHOKKEI": 45.2, "TANBOKUZAISEKI": 1.673, "JUKANCHORITSU": 48, "KEIJOHI": 56, "SHURYOHISU": 0, "DATANENDO": 2023, "UNIQUENO": 61305217, "ADDDATE": "2024-03-29", "ADDTENANT": "17000F", "ADDUSER": "kikaku", "EDITDATE": "2024-03-29", "EDITTENANT": null, "EDITUSER": null, "X": -35008.249999999098, "Y": 65960.250000001906 }, "geometry": { "type": "Point", "coordinates": [ -35008.249999999097781, 65960.250000001906301 ] } },
{ "type": "Feature", "properties": { "JYUSYU": "スギ", "JYUKO": 16.6, "CHOKKEI": 33.8, "TANBOKUZAISEKI": 0.648, "JUKANCHORITSU": 38, "KEIJOHI": 49, "SHURYOHISU": 0, "DATANENDO": 2023, "UNIQUENO": 61305219, "ADDDATE": "2024-03-29", "ADDTENANT": "17000F", "ADDUSER": "kikaku", "EDITDATE": "2024-03-29", "EDITTENANT": null, "EDITUSER": null, "X": -35035.75, "Y": 65959.75 }, "geometry": { "type": "Point", "coordinates": [ -35035.75, 65959.75 ] } },
{ "type": "Feature", "properties": { "JYUSYU": "スギ", "JYUKO": 26.7, "CHOKKEI": 45.5, "TANBOKUZAISEKI": 1.787, "JUKANCHORITSU": 47, "KEIJOHI": 59, "SHURYOHISU": 0, "DATANENDO": 2023, "UNIQUENO": 61305220, "ADDDATE": "2024-03-29", "ADDTENANT": "17000F", "ADDUSER": "kikaku", "EDITDATE": "2024-03-29", "EDITTENANT": null, "EDITUSER": null, "X": -35021.25, "Y": 65959.75 }, "geometry": { "type": "Point", "coordinates": [ -35021.25, 65959.75 ] } },
{ "type": "Feature", "properties": { "JYUSYU": "スギ", "JYUKO": 24.6, "CHOKKEI": 44.8, "TANBOKUZAISEKI": 1.604, "JUKANCHORITSU": 28, "KEIJOHI": 55, "SHURYOHISU": 0, "DATANENDO": 2023, "UNIQUENO": 61305221, "ADDDATE": "2024-03-29", "ADDTENANT": "17000F", "ADDUSER": "kikaku", "EDITDATE": "2024-03-29", "EDITTENANT": null, "EDITUSER": null, "X": -35003.749999999098, "Y": 65959.75 }, "geometry": { "type": "Point", "coordinates": [ -35003.749999999097781, 65959.75 ] } },
{ "type": "Feature", "properties": { "JYUSYU": "スギ", "JYUKO": 25.9, "CHOKKEI": 45.3, "TANBOKUZAISEKI": 1.72, "JUKANCHORITSU": 41, "KEIJOHI": 57, "SHURYOHISU": 0, "DATANENDO": 2023, "UNIQUENO": 61305222, "ADDDATE": "2024-03-29", "ADDTENANT": "17000F", "ADDUSER": "kikaku", "EDITDATE": "2024-03-29", "EDITTENANT": null, "EDITUSER": null, "X": -34992.249999999098, "Y": 65959.75 }, "geometry": { "type": "Point", "coordinates": [ -34992.249999999097781, 65959.75 ] } },
{ "type": "Feature", "properties": { "JYUSYU": "スギ", "JYUKO": 20.6, "CHOKKEI": 37.6, "TANBOKUZAISEKI": 0.975, "JUKANCHORITSU": 54, "KEIJOHI": 55, "SHURYOHISU": 0, "DATANENDO": 2023, "UNIQUENO": 61305224, "ADDDATE": "2024-03-29", "ADDTENANT": "17000F", "ADDUSER": "kikaku", "EDITDATE": "2024-03-29", "EDITTENANT": null, "EDITUSER": null, "X": -35032.75, "Y": 65958.750000001906 }, "geometry": { "type": "Point", "coordinates": [ -35032.75, 65958.750000001906301 ] } },
{ "type": "Feature", "properties": { "JYUSYU": "スギ", "JYUKO": 10.1, "CHOKKEI": 20.7, "TANBOKUZAISEKI": 0.162, "JUKANCHORITSU": 89, "KEIJOHI": 49, "SHURYOHISU": 0, "DATANENDO": 2023, "UNIQUENO": 61305226, "ADDDATE": "2024-03-29", "ADDTENANT": "17000F", "ADDUSER": "kikaku", "EDITDATE": "2024-03-29", "EDITTENANT": null, "EDITUSER": null, "X": -35047.25, "Y": 65958.25 }, "geometry": { "type": "Point", "coordinates": [ -35047.25, 65958.25 ] } },
{ "type": "Feature", "properties": { "JYUSYU": "スギ", "JYUKO": 25.7, "CHOKKEI": 40.4, "TANBOKUZAISEKI": 1.387, "JUKANCHORITSU": 50, "KEIJOHI": 64, "SHURYOHISU": 0, "DATANENDO": 2023, "UNIQUENO": 61305227, "ADDDATE": "2024-03-29", "ADDTENANT": "17000F", "ADDUSER": "kikaku", "EDITDATE": "2024-03-29", "EDITTENANT": null, "EDITUSER": null, "X": -35025.249999999098, "Y": 65958.25 }, "geometry": { "type": "Point", "coordinates": [ -35025.249999999097781, 65958.25 ] } },
{ "type": "Feature", "properties": { "JYUSYU": "スギ", "JYUKO": 25.8, "CHOKKEI": 46.1, "TANBOKUZAISEKI": 1.77, "JUKANCHORITSU": 58, "KEIJOHI": 56, "SHURYOHISU": 0, "DATANENDO": 2023, "UNIQUENO": 61305228, "ADDDATE": "2024-03-29", "ADDTENANT": "17000F", "ADDUSER": "kikaku", "EDITDATE": "2024-03-29", "EDITTENANT": null, "EDITUSER": null, "X": -35017.749999999098, "Y": 65957.75 }, "geometry": { "type": "Point", "coordinates": [ -35017.749999999097781, 65957.75 ] } },
{ "type": "Feature", "properties": { "JYUSYU": "スギ", "JYUKO": 24.4, "CHOKKEI": 34.0, "TANBOKUZAISEKI": 0.959, "JUKANCHORITSU": 28, "KEIJOHI": 72, "SHURYOHISU": 0, "DATANENDO": 2023, "UNIQUENO": 61305231, "ADDDATE": "2024-03-29", "ADDTENANT": "17000F", "ADDUSER": "kikaku", "EDITDATE": "2024-03-29", "EDITTENANT": null, "EDITUSER": null, "X": -34989.749999999098, "Y": 65956.75 }, "geometry": { "type": "Point", "coordinates": [ -34989.749999999097781, 65956.75 ] } },
{ "type": "Feature", "properties": { "JYUSYU": "スギ", "JYUKO": 24.5, "CHOKKEI": 40.6, "TANBOKUZAISEKI": 1.332, "JUKANCHORITSU": 42, "KEIJOHI": 60, "SHURYOHISU": 0, "DATANENDO": 2023, "UNIQUENO": 61305232, "ADDDATE": "2024-03-29", "ADDTENANT": "17000F", "ADDUSER": "kikaku", "EDITDATE": "2024-03-29", "EDITTENANT": null, "EDITUSER": null, "X": -35010.749999999098, "Y": 65956.25 }, "geometry": { "type": "Point", "coordinates": [ -35010.749999999097781, 65956.25 ] } },
{ "type": "Feature", "properties": { "JYUSYU": "スギ", "JYUKO": 19.2, "CHOKKEI": 26.9, "TANBOKUZAISEKI": 0.496, "JUKANCHORITSU": 24, "KEIJOHI": 71, "SHURYOHISU": 0, "DATANENDO": 2023, "UNIQUENO": 61305233, "ADDDATE": "2024-03-29", "ADDTENANT": "17000F", "ADDUSER": "kikaku", "EDITDATE": "2024-03-29", "EDITTENANT": null, "EDITUSER": null, "X": -35001.75, "Y": 65956.25 }, "geometry": { "type": "Point", "coordinates": [ -35001.75, 65956.25 ] } },
{ "type": "Feature", "properties": { "JYUSYU": "スギ", "JYUKO": 14.8, "CHOKKEI": 30.5, "TANBOKUZAISEKI": 0.481, "JUKANCHORITSU": 44, "KEIJOHI": 49, "SHURYOHISU": 0, "DATANENDO": 2023, "UNIQUENO": 61305237, "ADDDATE": "2024-03-29", "ADDTENANT": "17000F", "ADDUSER": "kikaku", "EDITDATE": "2024-03-29", "EDITTENANT": null, "EDITUSER": null, "X": -35047.25, "Y": 65954.75 }, "geometry": { "type": "Point", "coordinates": [ -35047.25, 65954.75 ] } },
{ "type": "Feature", "properties": { "JYUSYU": "スギ", "JYUKO": 29.5, "CHOKKEI": 50.0, "TANBOKUZAISEKI": 2.344, "JUKANCHORITSU": 42, "KEIJOHI": 59, "SHURYOHISU": 0, "DATANENDO": 2023, "UNIQUENO": 61305238, "ADDDATE": "2024-03-29", "ADDTENANT": "17000F", "ADDUSER": "kikaku", "EDITDATE": "2024-03-29", "EDITTENANT": null, "EDITUSER": null, "X": -35025.75, "Y": 65954.75 }, "geometry": { "type": "Point", "coordinates": [ -35025.75, 65954.75 ] } },
{ "type": "Feature", "properties": { "JYUSYU": "スギ", "JYUKO": 28.7, "CHOKKEI": 47.2, "TANBOKUZAISEKI": 2.055, "JUKANCHORITSU": 45, "KEIJOHI": 61, "SHURYOHISU": 0, "DATANENDO": 2023, "UNIQUENO": 61305239, "ADDDATE": "2024-03-29", "ADDTENANT": "17000F", "ADDUSER": "kikaku", "EDITDATE": "2024-03-29", "EDITTENANT": null, "EDITUSER": null, "X": -35015.249999999098, "Y": 65954.75 }, "geometry": { "type": "Point", "coordinates": [ -35015.249999999097781, 65954.75 ] } },
{ "type": "Feature", "properties": { "JYUSYU": "スギ", "JYUKO": 25.3, "CHOKKEI": 42.4, "TANBOKUZAISEKI": 1.49, "JUKANCHORITSU": 40, "KEIJOHI": 60, "SHURYOHISU": 0, "DATANENDO": 2023, "UNIQUENO": 61305240, "ADDDATE": "2024-03-29", "ADDTENANT": "17000F", "ADDUSER": "kikaku", "EDITDATE": "2024-03-29", "EDITTENANT": null, "EDITUSER": null, "X": -34989.749999999098, "Y": 65954.75 }, "geometry": { "type": "Point", "coordinates": [ -34989.749999999097781, 65954.75 ] } },
{ "type": "Feature", "properties": { "JYUSYU": "スギ", "JYUKO": 25.8, "CHOKKEI": 48.5, "TANBOKUZAISEKI": 1.942, "JUKANCHORITSU": 70, "KEIJOHI": 53, "SHURYOHISU": 0, "DATANENDO": 2023, "UNIQUENO": 61305241, "ADDDATE": "2024-03-29", "ADDTENANT": "17000F", "ADDUSER": "kikaku", "EDITDATE": "2024-03-29", "EDITTENANT": null, "EDITUSER": null, "X": -35029.249999999098, "Y": 65954.250000001906 }, "geometry": { "type": "Point", "coordinates": [ -35029.249999999097781, 65954.250000001906301 ] } },
{ "type": "Feature", "properties": { "JYUSYU": "スギ", "JYUKO": 19.9, "CHOKKEI": 38.5, "TANBOKUZAISEKI": 0.984, "JUKANCHORITSU": 25, "KEIJOHI": 52, "SHURYOHISU": 0, "DATANENDO": 2023, "UNIQUENO": 61305242, "ADDDATE": "2024-03-29", "ADDTENANT": "17000F", "ADDUSER": "kikaku", "EDITDATE": "2024-03-29", "EDITTENANT": null, "EDITUSER": null, "X": -34996.749999999098, "Y": 65954.250000001906 }, "geometry": { "type": "Point", "coordinates": [ -34996.749999999097781, 65954.250000001906301 ] } },
{ "type": "Feature", "properties": { "JYUSYU": "スギ", "JYUKO": 28.2, "CHOKKEI": 46.4, "TANBOKUZAISEKI": 1.959, "JUKANCHORITSU": 53, "KEIJOHI": 61, "SHURYOHISU": 0, "DATANENDO": 2023, "UNIQUENO": 61305243, "ADDDATE": "2024-03-29", "ADDTENANT": "17000F", "ADDUSER": "kikaku", "EDITDATE": "2024-03-29", "EDITTENANT": null, "EDITUSER": null, "X": -35012.75, "Y": 65953.749999998094 }, "geometry": { "type": "Point", "coordinates": [ -35012.75, 65953.749999998093699 ] } },
{ "type": "Feature", "properties": { "JYUSYU": "スギ", "JYUKO": 27.2, "CHOKKEI": 49.5, "TANBOKUZAISEKI": 2.121, "JUKANCHORITSU": 42, "KEIJOHI": 55, "SHURYOHISU": 0, "DATANENDO": 2023, "UNIQUENO": 61305244, "ADDDATE": "2024-03-29", "ADDTENANT": "17000F", "ADDUSER": "kikaku", "EDITDATE": "2024-03-29", "EDITTENANT": null, "EDITUSER": null, "X": -35004.25, "Y": 65953.749999998094 }, "geometry": { "type": "Point", "coordinates": [ -35004.25, 65953.749999998093699 ] } },
{ "type": "Feature", "properties": { "JYUSYU": "スギ", "JYUKO": 17.3, "CHOKKEI": 22.6, "TANBOKUZAISEKI": 0.324, "JUKANCHORITSU": 16, "KEIJOHI": 77, "SHURYOHISU": 0, "DATANENDO": 2023, "UNIQUENO": 61305245, "ADDDATE": "2024-03-29", "ADDTENANT": "17000F", "ADDUSER": "kikaku", "EDITDATE": "2024-03-29", "EDITTENANT": null, "EDITUSER": null, "X": -34993.25, "Y": 65953.749999998094 }, "geometry": { "type": "Point", "coordinates": [ -34993.25, 65953.749999998093699 ] } },
{ "type": "Feature", "properties": { "JYUSYU": "スギ", "JYUKO": 23.4, "CHOKKEI": 47.9, "TANBOKUZAISEKI": 1.718, "JUKANCHORITSU": 79, "KEIJOHI": 49, "SHURYOHISU": 0, "DATANENDO": 2023, "UNIQUENO": 61305249, "ADDDATE": "2024-03-29", "ADDTENANT": "17000F", "ADDUSER": "kikaku", "EDITDATE": "2024-03-29", "EDITTENANT": null, "EDITUSER": null, "X": -35039.249999999098, "Y": 65952.750000001906 }, "geometry": { "type": "Point", "coordinates": [ -35039.249999999097781, 65952.750000001906301 ] } },
{ "type": "Feature", "properties": { "JYUSYU": "スギ", "JYUKO": 20.0, "CHOKKEI": 33.6, "TANBOKUZAISEKI": 0.772, "JUKANCHORITSU": 26, "KEIJOHI": 60, "SHURYOHISU": 0, "DATANENDO": 2023, "UNIQUENO": 61305250, "ADDDATE": "2024-03-29", "ADDTENANT": "17000F", "ADDUSER": "kikaku", "EDITDATE": "2024-03-29", "EDITTENANT": null, "EDITUSER": null, "X": -34986.249999998101, "Y": 65952.750000001906 }, "geometry": { "type": "Point", "coordinates": [ -34986.249999998100975, 65952.750000001906301 ] } },
{ "type": "Feature", "properties": { "JYUSYU": "スギ", "JYUKO": 26.2, "CHOKKEI": 49.7, "TANBOKUZAISEKI": 2.059, "JUKANCHORITSU": 55, "KEIJOHI": 53, "SHURYOHISU": 0, "DATANENDO": 2023, "UNIQUENO": 61305251, "ADDDATE": "2024-03-29", "ADDTENANT": "17000F", "ADDUSER": "kikaku", "EDITDATE": "2024-03-29", "EDITTENANT": null, "EDITUSER": null, "X": -35008.75, "Y": 65951.75 }, "geometry": { "type": "Point", "coordinates": [ -35008.75, 65951.75 ] } },
{ "type": "Feature", "properties": { "JYUSYU": "スギ", "JYUKO": 24.3, "CHOKKEI": 40.1, "TANBOKUZAISEKI": 1.294, "JUKANCHORITSU": 54, "KEIJOHI": 61, "SHURYOHISU": 0, "DATANENDO": 2023, "UNIQUENO": 61305252, "ADDDATE": "2024-03-29", "ADDTENANT": "17000F", "ADDUSER": "kikaku", "EDITDATE": "2024-03-29", "EDITTENANT": null, "EDITUSER": null, "X": -35001.75, "Y": 65951.75 }, "geometry": { "type": "Point", "coordinates": [ -35001.75, 65951.75 ] } },
{ "type": "Feature", "properties": { "JYUSYU": "スギ", "JYUKO": 23.1, "CHOKKEI": 42.3, "TANBOKUZAISEKI": 1.356, "JUKANCHORITSU": 52, "KEIJOHI": 55, "SHURYOHISU": 0, "DATANENDO": 2023, "UNIQUENO": 61305259, "ADDDATE": "2024-03-29", "ADDTENANT": "17000F", "ADDUSER": "kikaku", "EDITDATE": "2024-03-29", "EDITTENANT": null, "EDITUSER": null, "X": -35044.749999999098, "Y": 65950.25 }, "geometry": { "type": "Point", "coordinates": [ -35044.749999999097781, 65950.25 ] } },
{ "type": "Feature", "properties": { "JYUSYU": "スギ", "JYUKO": 30.0, "CHOKKEI": 55.4, "TANBOKUZAISEKI": 2.883, "JUKANCHORITSU": 53, "KEIJOHI": 54, "SHURYOHISU": 0, "DATANENDO": 2023, "UNIQUENO": 61305260, "ADDDATE": "2024-03-29", "ADDTENANT": "17000F", "ADDUSER": "kikaku", "EDITDATE": "2024-03-29", "EDITTENANT": null, "EDITUSER": null, "X": -35021.25, "Y": 65950.25 }, "geometry": { "type": "Point", "coordinates": [ -35021.25, 65950.25 ] } },
{ "type": "Feature", "properties": { "JYUSYU": "スギ", "JYUKO": 3.2, "CHOKKEI": 5.9, "TANBOKUZAISEKI": 0.005, "JUKANCHORITSU": 53, "KEIJOHI": 54, "SHURYOHISU": 0, "DATANENDO": 2023, "UNIQUENO": 61305265, "ADDDATE": "2024-03-29", "ADDTENANT": "17000F", "ADDUSER": "kikaku", "EDITDATE": "2024-03-29", "EDITTENANT": null, "EDITUSER": null, "X": -35064.749999999098, "Y": 65949.250000003696 }, "geometry": { "type": "Point", "coordinates": [ -35064.749999999097781, 65949.250000003696186 ] } },
{ "type": "Feature", "properties": { "JYUSYU": "スギ", "JYUKO": 26.5, "CHOKKEI": 41.7, "TANBOKUZAISEKI": 1.514, "JUKANCHORITSU": 35, "KEIJOHI": 64, "SHURYOHISU": 0, "DATANENDO": 2023, "UNIQUENO": 61305266, "ADDDATE": "2024-03-29", "ADDTENANT": "17000F", "ADDUSER": "kikaku", "EDITDATE": "2024-03-29", "EDITTENANT": null, "EDITUSER": null, "X": -35023.749999999098, "Y": 65949.250000003696 }, "geometry": { "type": "Point", "coordinates": [ -35023.749999999097781, 65949.250000003696186 ] } },
{ "type": "Feature", "properties": { "JYUSYU": "スギ", "JYUKO": 23.4, "CHOKKEI": 44.5, "TANBOKUZAISEKI": 1.505, "JUKANCHORITSU": 75, "KEIJOHI": 53, "SHURYOHISU": 0, "DATANENDO": 2023, "UNIQUENO": 61305271, "ADDDATE": "2024-03-29", "ADDTENANT": "17000F", "ADDUSER": "kikaku", "EDITDATE": "2024-03-29", "EDITTENANT": null, "EDITUSER": null, "X": -35035.249999999098, "Y": 65948.250000001906 }, "geometry": { "type": "Point", "coordinates": [ -35035.249999999097781, 65948.250000001906301 ] } },
{ "type": "Feature", "properties": { "JYUSYU": "スギ", "JYUKO": 9.7, "CHOKKEI": 16.5, "TANBOKUZAISEKI": 0.102, "JUKANCHORITSU": 68, "KEIJOHI": 59, "SHURYOHISU": 0, "DATANENDO": 2023, "UNIQUENO": 61305272, "ADDDATE": "2024-03-29", "ADDTENANT": "17000F", "ADDUSER": "kikaku", "EDITDATE": "2024-03-29", "EDITTENANT": null, "EDITUSER": null, "X": -35064.749999999098, "Y": 65947.750000003696 }, "geometry": { "type": "Point", "coordinates": [ -35064.749999999097781, 65947.750000003696186 ] } },
{ "type": "Feature", "properties": { "JYUSYU": "スギ", "JYUKO": 23.9, "CHOKKEI": 40.5, "TANBOKUZAISEKI": 1.292, "JUKANCHORITSU": 46, "KEIJOHI": 59, "SHURYOHISU": 0, "DATANENDO": 2023, "UNIQUENO": 61305273, "ADDDATE": "2024-03-29", "ADDTENANT": "17000F", "ADDUSER": "kikaku", "EDITDATE": "2024-03-29", "EDITTENANT": null, "EDITUSER": null, "X": -35046.249999999098, "Y": 65947.25 }, "geometry": { "type": "Point", "coordinates": [ -35046.249999999097781, 65947.25 ] } },
{ "type": "Feature", "properties": { "JYUSYU": "スギ", "JYUKO": 21.6, "CHOKKEI": 37.1, "TANBOKUZAISEKI": 0.996, "JUKANCHORITSU": 48, "KEIJOHI": 58, "SHURYOHISU": 0, "DATANENDO": 2023, "UNIQUENO": 61305274, "ADDDATE": "2024-03-29", "ADDTENANT": "17000F", "ADDUSER": "kikaku", "EDITDATE": "2024-03-29", "EDITTENANT": null, "EDITUSER": null, "X": -35040.749999999098, "Y": 65947.25 }, "geometry": { "type": "Point", "coordinates": [ -35040.749999999097781, 65947.25 ] } },
{ "type": "Feature", "properties": { "JYUSYU": "スギ", "JYUKO": 24.3, "CHOKKEI": 42.6, "TANBOKUZAISEKI": 1.447, "JUKANCHORITSU": 30, "KEIJOHI": 57, "SHURYOHISU": 0, "DATANENDO": 2023, "UNIQUENO": 61305275, "ADDDATE": "2024-03-29", "ADDTENANT": "17000F", "ADDUSER": "kikaku", "EDITDATE": "2024-03-29", "EDITTENANT": null, "EDITUSER": null, "X": -35030.749999999098, "Y": 65946.750000001906 }, "geometry": { "type": "Point", "coordinates": [ -35030.749999999097781, 65946.750000001906301 ] } },
{ "type": "Feature", "properties": { "JYUSYU": "スギ", "JYUKO": 13.6, "CHOKKEI": 28.0, "TANBOKUZAISEKI": 0.377, "JUKANCHORITSU": 60, "KEIJOHI": 49, "SHURYOHISU": 0, "DATANENDO": 2023, "UNIQUENO": 61305276, "ADDDATE": "2024-03-29", "ADDTENANT": "17000F", "ADDUSER": "kikaku", "EDITDATE": "2024-03-29", "EDITTENANT": null, "EDITUSER": null, "X": -35014.749999998101, "Y": 65946.750000001906 }, "geometry": { "type": "Point", "coordinates": [ -35014.749999998100975, 65946.750000001906301 ] } },
{ "type": "Feature", "properties": { "JYUSYU": "スギ", "JYUKO": 25.2, "CHOKKEI": 43.1, "TANBOKUZAISEKI": 1.533, "JUKANCHORITSU": 80, "KEIJOHI": 59, "SHURYOHISU": 0, "DATANENDO": 2023, "UNIQUENO": 61305279, "ADDDATE": "2024-03-29", "ADDTENANT": "17000F", "ADDUSER": "kikaku", "EDITDATE": "2024-03-29", "EDITTENANT": null, "EDITUSER": null, "X": -35056.75, "Y": 65945.75 }, "geometry": { "type": "Point", "coordinates": [ -35056.75, 65945.75 ] } },
{ "type": "Feature", "properties": { "JYUSYU": "スギ", "JYUKO": 18.5, "CHOKKEI": 32.7, "TANBOKUZAISEKI": 0.681, "JUKANCHORITSU": 34, "KEIJOHI": 57, "SHURYOHISU": 0, "DATANENDO": 2023, "UNIQUENO": 61305280, "ADDDATE": "2024-03-29", "ADDTENANT": "17000F", "ADDUSER": "kikaku", "EDITDATE": "2024-03-29", "EDITTENANT": null, "EDITUSER": null, "X": -35018.75, "Y": 65945.75 }, "geometry": { "type": "Point", "coordinates": [ -35018.75, 65945.75 ] } },
{ "type": "Feature", "properties": { "JYUSYU": "スギ", "JYUKO": 24.0, "CHOKKEI": 34.9, "TANBOKUZAISEKI": 0.99, "JUKANCHORITSU": 26, "KEIJOHI": 69, "SHURYOHISU": 0, "DATANENDO": 2023, "UNIQUENO": 61305282, "ADDDATE": "2024-03-29", "ADDTENANT": "17000F", "ADDUSER": "kikaku", "EDITDATE": "2024-03-29", "EDITTENANT": null, "EDITUSER": null, "X": -35047.25, "Y": 65944.750000001906 }, "geometry": { "type": "Point", "coordinates": [ -35047.25, 65944.750000001906301 ] } },
{ "type": "Feature", "properties": { "JYUSYU": "スギ", "JYUKO": 22.6, "CHOKKEI": 37.6, "TANBOKUZAISEKI": 1.07, "JUKANCHORITSU": 23, "KEIJOHI": 60, "SHURYOHISU": 0, "DATANENDO": 2023, "UNIQUENO": 61305283, "ADDDATE": "2024-03-29", "ADDTENANT": "17000F", "ADDUSER": "kikaku", "EDITDATE": "2024-03-29", "EDITTENANT": null, "EDITUSER": null, "X": -35023.249999998101, "Y": 65944.750000001906 }, "geometry": { "type": "Point", "coordinates": [ -35023.249999998100975, 65944.750000001906301 ] } },
{ "type": "Feature", "properties": { "JYUSYU": "スギ", "JYUKO": 24.9, "CHOKKEI": 38.6, "TANBOKUZAISEKI": 1.237, "JUKANCHORITSU": 31, "KEIJOHI": 65, "SHURYOHISU": 0, "DATANENDO": 2023, "UNIQUENO": 61305285, "ADDDATE": "2024-03-29", "ADDTENANT": "17000F", "ADDUSER": "kikaku", "EDITDATE": "2024-03-29", "EDITTENANT": null, "EDITUSER": null, "X": -35043.749999999098, "Y": 65944.25 }, "geometry": { "type": "Point", "coordinates": [ -35043.749999999097781, 65944.25 ] } },
{ "type": "Feature", "properties": { "JYUSYU": "スギ", "JYUKO": 22.2, "CHOKKEI": 39.9, "TANBOKUZAISEKI": 1.172, "JUKANCHORITSU": 45, "KEIJOHI": 56, "SHURYOHISU": 0, "DATANENDO": 2023, "UNIQUENO": 61305286, "ADDDATE": "2024-03-29", "ADDTENANT": "17000F", "ADDUSER": "kikaku", "EDITDATE": "2024-03-29", "EDITTENANT": null, "EDITUSER": null, "X": -35033.749999999098, "Y": 65944.25 }, "geometry": { "type": "Point", "coordinates": [ -35033.749999999097781, 65944.25 ] } },
{ "type": "Feature", "properties": { "JYUSYU": "スギ", "JYUKO": 24.9, "CHOKKEI": 43.0, "TANBOKUZAISEKI": 1.503, "JUKANCHORITSU": 31, "KEIJOHI": 58, "SHURYOHISU": 0, "DATANENDO": 2023, "UNIQUENO": 61305287, "ADDDATE": "2024-03-29", "ADDTENANT": "17000F", "ADDUSER": "kikaku", "EDITDATE": "2024-03-29", "EDITTENANT": null, "EDITUSER": null, "X": -35060.749999999098, "Y": 65943.750000001906 }, "geometry": { "type": "Point", "coordinates": [ -35060.749999999097781, 65943.750000001906301 ] } },
{ "type": "Feature", "properties": { "JYUSYU": "スギ", "JYUKO": 23.8, "CHOKKEI": 32.3, "TANBOKUZAISEKI": 0.854, "JUKANCHORITSU": 33, "KEIJOHI": 74, "SHURYOHISU": 0, "DATANENDO": 2023, "UNIQUENO": 61305288, "ADDDATE": "2024-03-29", "ADDTENANT": "17000F", "ADDUSER": "kikaku", "EDITDATE": "2024-03-29", "EDITTENANT": null, "EDITUSER": null, "X": -35050.249999998101, "Y": 65943.750000001906 }, "geometry": { "type": "Point", "coordinates": [ -35050.249999998100975, 65943.750000001906301 ] } },
{ "type": "Feature", "properties": { "JYUSYU": "スギ", "JYUKO": 21.6, "CHOKKEI": 30.4, "TANBOKUZAISEKI": 0.694, "JUKANCHORITSU": 34, "KEIJOHI": 71, "SHURYOHISU": 0, "DATANENDO": 2023, "UNIQUENO": 61305289, "ADDDATE": "2024-03-29", "ADDTENANT": "17000F", "ADDUSER": "kikaku", "EDITDATE": "2024-03-29", "EDITTENANT": null, "EDITUSER": null, "X": -35064.749999999098, "Y": 65943.250000001906 }, "geometry": { "type": "Point", "coordinates": [ -35064.749999999097781, 65943.250000001906301 ] } },
{ "type": "Feature", "properties": { "JYUSYU": "スギ", "JYUKO": 23.8, "CHOKKEI": 30.2, "TANBOKUZAISEKI": 0.753, "JUKANCHORITSU": 14, "KEIJOHI": 79, "SHURYOHISU": 0, "DATANENDO": 2023, "UNIQUENO": 61305290, "ADDDATE": "2024-03-29", "ADDTENANT": "17000F", "ADDUSER": "kikaku", "EDITDATE": "2024-03-29", "EDITTENANT": null, "EDITUSER": null, "X": -35055.25, "Y": 65943.250000001906 }, "geometry": { "type": "Point", "coordinates": [ -35055.25, 65943.250000001906301 ] } },
{ "type": "Feature", "properties": { "JYUSYU": "スギ", "JYUKO": 24.9, "CHOKKEI": 43.3, "TANBOKUZAISEKI": 1.522, "JUKANCHORITSU": 45, "KEIJOHI": 58, "SHURYOHISU": 0, "DATANENDO": 2023, "UNIQUENO": 61305291, "ADDDATE": "2024-03-29", "ADDTENANT": "17000F", "ADDUSER": "kikaku", "EDITDATE": "2024-03-29", "EDITTENANT": null, "EDITUSER": null, "X": -35052.75, "Y": 65943.250000001906 }, "geometry": { "type": "Point", "coordinates": [ -35052.75, 65943.250000001906301 ] } },
{ "type": "Feature", "properties": { "JYUSYU": "スギ", "JYUKO": 27.2, "CHOKKEI": 41.2, "TANBOKUZAISEKI": 1.518, "JUKANCHORITSU": 36, "KEIJOHI": 66, "SHURYOHISU": 0, "DATANENDO": 2023, "UNIQUENO": 61305292, "ADDDATE": "2024-03-29", "ADDTENANT": "17000F", "ADDUSER": "kikaku", "EDITDATE": "2024-03-29", "EDITTENANT": null, "EDITUSER": null, "X": -35029.75, "Y": 65943.250000001906 }, "geometry": { "type": "Point", "coordinates": [ -35029.75, 65943.250000001906301 ] } },
{ "type": "Feature", "properties": { "JYUSYU": "スギ", "JYUKO": 25.3, "CHOKKEI": 51.8, "TANBOKUZAISEKI": 2.15, "JUKANCHORITSU": 81, "KEIJOHI": 49, "SHURYOHISU": 0, "DATANENDO": 2023, "UNIQUENO": 61305293, "ADDDATE": "2024-03-29", "ADDTENANT": "17000F", "ADDUSER": "kikaku", "EDITDATE": "2024-03-29", "EDITTENANT": null, "EDITUSER": null, "X": -35006.249999998101, "Y": 65943.250000001906 }, "geometry": { "type": "Point", "coordinates": [ -35006.249999998100975, 65943.250000001906301 ] } },
{ "type": "Feature", "properties": { "JYUSYU": "スギ", "JYUKO": 25.3, "CHOKKEI": 49.0, "TANBOKUZAISEKI": 1.946, "JUKANCHORITSU": 84, "KEIJOHI": 52, "SHURYOHISU": 0, "DATANENDO": 2023, "UNIQUENO": 61305295, "ADDDATE": "2024-03-29", "ADDTENANT": "17000F", "ADDUSER": "kikaku", "EDITDATE": "2024-03-29", "EDITTENANT": null, "EDITUSER": null, "X": -35067.250000000902, "Y": 65942.75 }, "geometry": { "type": "Point", "coordinates": [ -35067.250000000902219, 65942.75 ] } },
{ "type": "Feature", "properties": { "JYUSYU": "スギ", "JYUKO": 19.0, "CHOKKEI": 33.6, "TANBOKUZAISEKI": 0.735, "JUKANCHORITSU": 56, "KEIJOHI": 57, "SHURYOHISU": 0, "DATANENDO": 2023, "UNIQUENO": 61305296, "ADDDATE": "2024-03-29", "ADDTENANT": "17000F", "ADDUSER": "kikaku", "EDITDATE": "2024-03-29", "EDITTENANT": null, "EDITUSER": null, "X": -35017.25, "Y": 65942.75 }, "geometry": { "type": "Point", "coordinates": [ -35017.25, 65942.75 ] } },
{ "type": "Feature", "properties": { "JYUSYU": "スギ", "JYUKO": 28.1, "CHOKKEI": 47.3, "TANBOKUZAISEKI": 2.026, "JUKANCHORITSU": 39, "KEIJOHI": 59, "SHURYOHISU": 0, "DATANENDO": 2023, "UNIQUENO": 61305298, "ADDDATE": "2024-03-29", "ADDTENANT": "17000F", "ADDUSER": "kikaku", "EDITDATE": "2024-03-29", "EDITTENANT": null, "EDITUSER": null, "X": -35027.25, "Y": 65942.250000001906 }, "geometry": { "type": "Point", "coordinates": [ -35027.25, 65942.250000001906301 ] } },
{ "type": "Feature", "properties": { "JYUSYU": "スギ", "JYUKO": 25.4, "CHOKKEI": 46.0, "TANBOKUZAISEKI": 1.735, "JUKANCHORITSU": 57, "KEIJOHI": 55, "SHURYOHISU": 0, "DATANENDO": 2023, "UNIQUENO": 61305299, "ADDDATE": "2024-03-29", "ADDTENANT": "17000F", "ADDUSER": "kikaku", "EDITDATE": "2024-03-29", "EDITTENANT": null, "EDITUSER": null, "X": -35042.249999999098, "Y": 65941.750000001906 }, "geometry": { "type": "Point", "coordinates": [ -35042.249999999097781, 65941.750000001906301 ] } },
{ "type": "Feature", "properties": { "JYUSYU": "スギ", "JYUKO": 24.4, "CHOKKEI": 39.6, "TANBOKUZAISEKI": 1.27, "JUKANCHORITSU": 32, "KEIJOHI": 62, "SHURYOHISU": 0, "DATANENDO": 2023, "UNIQUENO": 61305304, "ADDDATE": "2024-03-29", "ADDTENANT": "17000F", "ADDUSER": "kikaku", "EDITDATE": "2024-03-29", "EDITTENANT": null, "EDITUSER": null, "X": -35057.749999999098, "Y": 65940.250000001906 }, "geometry": { "type": "Point", "coordinates": [ -35057.749999999097781, 65940.250000001906301 ] } },
{ "type": "Feature", "properties": { "JYUSYU": "スギ", "JYUKO": 24.4, "CHOKKEI": 41.6, "TANBOKUZAISEKI": 1.386, "JUKANCHORITSU": 34, "KEIJOHI": 59, "SHURYOHISU": 0, "DATANENDO": 2023, "UNIQUENO": 61305305, "ADDDATE": "2024-03-29", "ADDTENANT": "17000F", "ADDUSER": "kikaku", "EDITDATE": "2024-03-29", "EDITTENANT": null, "EDITUSER": null, "X": -35047.749999999098, "Y": 65940.250000001906 }, "geometry": { "type": "Point", "coordinates": [ -35047.749999999097781, 65940.250000001906301 ] } },
{ "type": "Feature", "properties": { "JYUSYU": "スギ", "JYUKO": 14.6, "CHOKKEI": 24.0, "TANBOKUZAISEKI": 0.305, "JUKANCHORITSU": 89, "KEIJOHI": 61, "SHURYOHISU": 0, "DATANENDO": 2023, "UNIQUENO": 61305306, "ADDDATE": "2024-03-29", "ADDTENANT": "17000F", "ADDUSER": "kikaku", "EDITDATE": "2024-03-29", "EDITTENANT": null, "EDITUSER": null, "X": -35010.749999999098, "Y": 65940.250000001906 }, "geometry": { "type": "Point", "coordinates": [ -35010.749999999097781, 65940.250000001906301 ] } },
{ "type": "Feature", "properties": { "JYUSYU": "スギ", "JYUKO": 23.1, "CHOKKEI": 41.1, "TANBOKUZAISEKI": 1.291, "JUKANCHORITSU": 39, "KEIJOHI": 56, "SHURYOHISU": 0, "DATANENDO": 2023, "UNIQUENO": 61305308, "ADDDATE": "2024-03-29", "ADDTENANT": "17000F", "ADDUSER": "kikaku", "EDITDATE": "2024-03-29", "EDITTENANT": null, "EDITUSER": null, "X": -35119.75, "Y": 65939.75 }, "geometry": { "type": "Point", "coordinates": [ -35119.75, 65939.75 ] } },
{ "type": "Feature", "properties": { "JYUSYU": "スギ", "JYUKO": 26.6, "CHOKKEI": 44.8, "TANBOKUZAISEKI": 1.733, "JUKANCHORITSU": 23, "KEIJOHI": 59, "SHURYOHISU": 0, "DATANENDO": 2023, "UNIQUENO": 61305309, "ADDDATE": "2024-03-29", "ADDTENANT": "17000F", "ADDUSER": "kikaku", "EDITDATE": "2024-03-29", "EDITTENANT": null, "EDITUSER": null, "X": -35022.249999999098, "Y": 65939.75 }, "geometry": { "type": "Point", "coordinates": [ -35022.249999999097781, 65939.75 ] } },
{ "type": "Feature", "properties": { "JYUSYU": "スギ", "JYUKO": 21.6, "CHOKKEI": 34.5, "TANBOKUZAISEKI": 0.875, "JUKANCHORITSU": 28, "KEIJOHI": 63, "SHURYOHISU": 0, "DATANENDO": 2023, "UNIQUENO": 61305310, "ADDDATE": "2024-03-29", "ADDTENANT": "17000F", "ADDUSER": "kikaku", "EDITDATE": "2024-03-29", "EDITTENANT": null, "EDITUSER": null, "X": -35031.25, "Y": 65939.25 }, "geometry": { "type": "Point", "coordinates": [ -35031.25, 65939.25 ] } },
{ "type": "Feature", "properties": { "JYUSYU": "スギ", "JYUKO": 24.5, "CHOKKEI": 45.3, "TANBOKUZAISEKI": 1.628, "JUKANCHORITSU": 66, "KEIJOHI": 54, "SHURYOHISU": 0, "DATANENDO": 2023, "UNIQUENO": 61305312, "ADDDATE": "2024-03-29", "ADDTENANT": "17000F", "ADDUSER": "kikaku", "EDITDATE": "2024-03-29", "EDITTENANT": null, "EDITUSER": null, "X": -35070.749999999098, "Y": 65938.750000001906 }, "geometry": { "type": "Point", "coordinates": [ -35070.749999999097781, 65938.750000001906301 ] } },
{ "type": "Feature", "properties": { "JYUSYU": "スギ", "JYUKO": 25.9, "CHOKKEI": 46.9, "TANBOKUZAISEKI": 1.83, "JUKANCHORITSU": 95, "KEIJOHI": 55, "SHURYOHISU": 0, "DATANENDO": 2023, "UNIQUENO": 61305313, "ADDDATE": "2024-03-29", "ADDTENANT": "17000F", "ADDUSER": "kikaku", "EDITDATE": "2024-03-29", "EDITTENANT": null, "EDITUSER": null, "X": -35106.249999999098, "Y": 65938.25 }, "geometry": { "type": "Point", "coordinates": [ -35106.249999999097781, 65938.25 ] } },
{ "type": "Feature", "properties": { "JYUSYU": "スギ", "JYUKO": 26.3, "CHOKKEI": 41.2, "TANBOKUZAISEKI": 1.465, "JUKANCHORITSU": 56, "KEIJOHI": 64, "SHURYOHISU": 0, "DATANENDO": 2023, "UNIQUENO": 61305314, "ADDDATE": "2024-03-29", "ADDTENANT": "17000F", "ADDUSER": "kikaku", "EDITDATE": "2024-03-29", "EDITTENANT": null, "EDITUSER": null, "X": -35079.249999999098, "Y": 65938.25 }, "geometry": { "type": "Point", "coordinates": [ -35079.249999999097781, 65938.25 ] } },
{ "type": "Feature", "properties": { "JYUSYU": "スギ", "JYUKO": 26.4, "CHOKKEI": 43.1, "TANBOKUZAISEKI": 1.605, "JUKANCHORITSU": 59, "KEIJOHI": 61, "SHURYOHISU": 0, "DATANENDO": 2023, "UNIQUENO": 61305315, "ADDDATE": "2024-03-29", "ADDTENANT": "17000F", "ADDUSER": "kikaku", "EDITDATE": "2024-03-29", "EDITTENANT": null, "EDITUSER": null, "X": -35076.249999999098, "Y": 65938.25 }, "geometry": { "type": "Point", "coordinates": [ -35076.249999999097781, 65938.25 ] } },
{ "type": "Feature", "properties": { "JYUSYU": "スギ", "JYUKO": 26.7, "CHOKKEI": 39.1, "TANBOKUZAISEKI": 1.358, "JUKANCHORITSU": 30, "KEIJOHI": 68, "SHURYOHISU": 0, "DATANENDO": 2023, "UNIQUENO": 61305316, "ADDDATE": "2024-03-29", "ADDTENANT": "17000F", "ADDUSER": "kikaku", "EDITDATE": "2024-03-29", "EDITTENANT": null, "EDITUSER": null, "X": -35017.25, "Y": 65938.25 }, "geometry": { "type": "Point", "coordinates": [ -35017.25, 65938.25 ] } },
{ "type": "Feature", "properties": { "JYUSYU": "スギ", "JYUKO": 25.2, "CHOKKEI": 46.6, "TANBOKUZAISEKI": 1.77, "JUKANCHORITSU": 39, "KEIJOHI": 54, "SHURYOHISU": 0, "DATANENDO": 2023, "UNIQUENO": 61305318, "ADDDATE": "2024-03-29", "ADDTENANT": "17000F", "ADDUSER": "kikaku", "EDITDATE": "2024-03-29", "EDITTENANT": null, "EDITUSER": null, "X": -35125.749999999098, "Y": 65937.75 }, "geometry": { "type": "Point", "coordinates": [ -35125.749999999097781, 65937.75 ] } },
{ "type": "Feature", "properties": { "JYUSYU": "スギ", "JYUKO": 26.2, "CHOKKEI": 48.9, "TANBOKUZAISEKI": 2.004, "JUKANCHORITSU": 61, "KEIJOHI": 54, "SHURYOHISU": 0, "DATANENDO": 2023, "UNIQUENO": 61305319, "ADDDATE": "2024-03-29", "ADDTENANT": "17000F", "ADDUSER": "kikaku", "EDITDATE": "2024-03-29", "EDITTENANT": null, "EDITUSER": null, "X": -35094.749999999098, "Y": 65937.250000001906 }, "geometry": { "type": "Point", "coordinates": [ -35094.749999999097781, 65937.250000001906301 ] } },
{ "type": "Feature", "properties": { "JYUSYU": "スギ", "JYUKO": 26.1, "CHOKKEI": 48.8, "TANBOKUZAISEKI": 1.99, "JUKANCHORITSU": 79, "KEIJOHI": 54, "SHURYOHISU": 0, "DATANENDO": 2023, "UNIQUENO": 61305320, "ADDDATE": "2024-03-29", "ADDTENANT": "17000F", "ADDUSER": "kikaku", "EDITDATE": "2024-03-29", "EDITTENANT": null, "EDITUSER": null, "X": -35084.749999999098, "Y": 65937.250000001906 }, "geometry": { "type": "Point", "coordinates": [ -35084.749999999097781, 65937.250000001906301 ] } },
{ "type": "Feature", "properties": { "JYUSYU": "スギ", "JYUKO": 27.1, "CHOKKEI": 45.9, "TANBOKUZAISEKI": 1.85, "JUKANCHORITSU": 32, "KEIJOHI": 59, "SHURYOHISU": 0, "DATANENDO": 2023, "UNIQUENO": 61305321, "ADDDATE": "2024-03-29", "ADDTENANT": "17000F", "ADDUSER": "kikaku", "EDITDATE": "2024-03-29", "EDITTENANT": null, "EDITUSER": null, "X": -35056.249999999098, "Y": 65937.250000001906 }, "geometry": { "type": "Point", "coordinates": [ -35056.249999999097781, 65937.250000001906301 ] } },
{ "type": "Feature", "properties": { "JYUSYU": "スギ", "JYUKO": 25.4, "CHOKKEI": 43.1, "TANBOKUZAISEKI": 1.545, "JUKANCHORITSU": 32, "KEIJOHI": 59, "SHURYOHISU": 0, "DATANENDO": 2023, "UNIQUENO": 61305322, "ADDDATE": "2024-03-29", "ADDTENANT": "17000F", "ADDUSER": "kikaku", "EDITDATE": "2024-03-29", "EDITTENANT": null, "EDITUSER": null, "X": -35050.249999998101, "Y": 65937.250000001906 }, "geometry": { "type": "Point", "coordinates": [ -35050.249999998100975, 65937.250000001906301 ] } },
{ "type": "Feature", "properties": { "JYUSYU": "スギ", "JYUKO": 29.1, "CHOKKEI": 47.9, "TANBOKUZAISEKI": 2.137, "JUKANCHORITSU": 79, "KEIJOHI": 61, "SHURYOHISU": 0, "DATANENDO": 2023, "UNIQUENO": 61305323, "ADDDATE": "2024-03-29", "ADDTENANT": "17000F", "ADDUSER": "kikaku", "EDITDATE": "2024-03-29", "EDITTENANT": null, "EDITUSER": null, "X": -35015.249999999098, "Y": 65937.250000001906 }, "geometry": { "type": "Point", "coordinates": [ -35015.249999999097781, 65937.250000001906301 ] } },
{ "type": "Feature", "properties": { "JYUSYU": "スギ", "JYUKO": 28.5, "CHOKKEI": 47.5, "TANBOKUZAISEKI": 2.06, "JUKANCHORITSU": 29, "KEIJOHI": 60, "SHURYOHISU": 0, "DATANENDO": 2023, "UNIQUENO": 61305324, "ADDDATE": "2024-03-29", "ADDTENANT": "17000F", "ADDUSER": "kikaku", "EDITDATE": "2024-03-29", "EDITTENANT": null, "EDITUSER": null, "X": -35098.749999999098, "Y": 65936.75 }, "geometry": { "type": "Point", "coordinates": [ -35098.749999999097781, 65936.75 ] } },
{ "type": "Feature", "properties": { "JYUSYU": "スギ", "JYUKO": 25.4, "CHOKKEI": 28.4, "TANBOKUZAISEKI": 0.722, "JUKANCHORITSU": 16, "KEIJOHI": 89, "SHURYOHISU": 0, "DATANENDO": 2023, "UNIQUENO": 61305325, "ADDDATE": "2024-03-29", "ADDTENANT": "17000F", "ADDUSER": "kikaku", "EDITDATE": "2024-03-29", "EDITTENANT": null, "EDITUSER": null, "X": -35074.749999999098, "Y": 65936.75 }, "geometry": { "type": "Point", "coordinates": [ -35074.749999999097781, 65936.75 ] } },
{ "type": "Feature", "properties": { "JYUSYU": "スギ", "JYUKO": 18.8, "CHOKKEI": 33.6, "TANBOKUZAISEKI": 0.725, "JUKANCHORITSU": 35, "KEIJOHI": 56, "SHURYOHISU": 0, "DATANENDO": 2023, "UNIQUENO": 61305326, "ADDDATE": "2024-03-29", "ADDTENANT": "17000F", "ADDUSER": "kikaku", "EDITDATE": "2024-03-29", "EDITTENANT": null, "EDITUSER": null, "X": -35045.75, "Y": 65936.75 }, "geometry": { "type": "Point", "coordinates": [ -35045.75, 65936.75 ] } },
{ "type": "Feature", "properties": { "JYUSYU": "スギ", "JYUKO": 25.5, "CHOKKEI": 42.8, "TANBOKUZAISEKI": 1.532, "JUKANCHORITSU": 45, "KEIJOHI": 60, "SHURYOHISU": 0, "DATANENDO": 2023, "UNIQUENO": 61305327, "ADDDATE": "2024-03-29", "ADDTENANT": "17000F", "ADDUSER": "kikaku", "EDITDATE": "2024-03-29", "EDITTENANT": null, "EDITUSER": null, "X": -35025.249999999098, "Y": 65936.75 }, "geometry": { "type": "Point", "coordinates": [ -35025.249999999097781, 65936.75 ] } },
{ "type": "Feature", "properties": { "JYUSYU": "スギ", "JYUKO": 24.1, "CHOKKEI": 29.9, "TANBOKUZAISEKI": 0.749, "JUKANCHORITSU": 20, "KEIJOHI": 81, "SHURYOHISU": 0, "DATANENDO": 2023, "UNIQUENO": 61305328, "ADDDATE": "2024-03-29", "ADDTENANT": "17000F", "ADDUSER": "kikaku", "EDITDATE": "2024-03-29", "EDITTENANT": null, "EDITUSER": null, "X": -35019.75, "Y": 65936.75 }, "geometry": { "type": "Point", "coordinates": [ -35019.75, 65936.75 ] } },
{ "type": "Feature", "properties": { "JYUSYU": "スギ", "JYUKO": 26.5, "CHOKKEI": 33.0, "TANBOKUZAISEKI": 0.988, "JUKANCHORITSU": 15, "KEIJOHI": 80, "SHURYOHISU": 0, "DATANENDO": 2023, "UNIQUENO": 61305329, "ADDDATE": "2024-03-29", "ADDTENANT": "17000F", "ADDUSER": "kikaku", "EDITDATE": "2024-03-29", "EDITTENANT": null, "EDITUSER": null, "X": -35077.749999999098, "Y": 65936.25 }, "geometry": { "type": "Point", "coordinates": [ -35077.749999999097781, 65936.25 ] } },
{ "type": "Feature", "properties": { "JYUSYU": "スギ", "JYUKO": 18.5, "CHOKKEI": 38.1, "TANBOKUZAISEKI": 0.897, "JUKANCHORITSU": 30, "KEIJOHI": 49, "SHURYOHISU": 0, "DATANENDO": 2023, "UNIQUENO": 61305330, "ADDDATE": "2024-03-29", "ADDTENANT": "17000F", "ADDUSER": "kikaku", "EDITDATE": "2024-03-29", "EDITTENANT": null, "EDITUSER": null, "X": -35037.749999999098, "Y": 65936.25 }, "geometry": { "type": "Point", "coordinates": [ -35037.749999999097781, 65936.25 ] } },
{ "type": "Feature", "properties": { "JYUSYU": "スギ", "JYUKO": 26.9, "CHOKKEI": 42.3, "TANBOKUZAISEKI": 1.575, "JUKANCHORITSU": 23, "KEIJOHI": 64, "SHURYOHISU": 0, "DATANENDO": 2023, "UNIQUENO": 61305333, "ADDDATE": "2024-03-29", "ADDTENANT": "17000F", "ADDUSER": "kikaku", "EDITDATE": "2024-03-29", "EDITTENANT": null, "EDITUSER": null, "X": -35104.249999998101, "Y": 65935.750000001906 }, "geometry": { "type": "Point", "coordinates": [ -35104.249999998100975, 65935.750000001906301 ] } },
{ "type": "Feature", "properties": { "JYUSYU": "スギ", "JYUKO": 24.2, "CHOKKEI": 29.5, "TANBOKUZAISEKI": 0.734, "JUKANCHORITSU": 18, "KEIJOHI": 82, "SHURYOHISU": 0, "DATANENDO": 2023, "UNIQUENO": 61305334, "ADDDATE": "2024-03-29", "ADDTENANT": "17000F", "ADDUSER": "kikaku", "EDITDATE": "2024-03-29", "EDITTENANT": null, "EDITUSER": null, "X": -35022.75, "Y": 65935.249999998094 }, "geometry": { "type": "Point", "coordinates": [ -35022.75, 65935.249999998093699 ] } },
{ "type": "Feature", "properties": { "JYUSYU": "スギ", "JYUKO": 24.4, "CHOKKEI": 38.1, "TANBOKUZAISEKI": 1.183, "JUKANCHORITSU": 40, "KEIJOHI": 64, "SHURYOHISU": 0, "DATANENDO": 2023, "UNIQUENO": 61305335, "ADDDATE": "2024-03-29", "ADDTENANT": "17000F", "ADDUSER": "kikaku", "EDITDATE": "2024-03-29", "EDITTENANT": null, "EDITUSER": null, "X": -35072.249999999098, "Y": 65934.75 }, "geometry": { "type": "Point", "coordinates": [ -35072.249999999097781, 65934.75 ] } },
{ "type": "Feature", "properties": { "JYUSYU": "スギ", "JYUKO": 24.2, "CHOKKEI": 45.5, "TANBOKUZAISEKI": 1.626, "JUKANCHORITSU": 33, "KEIJOHI": 53, "SHURYOHISU": 0, "DATANENDO": 2023, "UNIQUENO": 61305336, "ADDDATE": "2024-03-29", "ADDTENANT": "17000F", "ADDUSER": "kikaku", "EDITDATE": "2024-03-29", "EDITTENANT": null, "EDITUSER": null, "X": -35066.75, "Y": 65934.75 }, "geometry": { "type": "Point", "coordinates": [ -35066.75, 65934.75 ] } },
{ "type": "Feature", "properties": { "JYUSYU": "スギ", "JYUKO": 25.4, "CHOKKEI": 47.0, "TANBOKUZAISEKI": 1.803, "JUKANCHORITSU": 61, "KEIJOHI": 54, "SHURYOHISU": 0, "DATANENDO": 2023, "UNIQUENO": 61305337, "ADDDATE": "2024-03-29", "ADDTENANT": "17000F", "ADDUSER": "kikaku", "EDITDATE": "2024-03-29", "EDITTENANT": null, "EDITUSER": null, "X": -35060.749999999098, "Y": 65934.75 }, "geometry": { "type": "Point", "coordinates": [ -35060.749999999097781, 65934.75 ] } },
{ "type": "Feature", "properties": { "JYUSYU": "スギ", "JYUKO": 23.0, "CHOKKEI": 38.3, "TANBOKUZAISEKI": 1.124, "JUKANCHORITSU": 32, "KEIJOHI": 60, "SHURYOHISU": 0, "DATANENDO": 2023, "UNIQUENO": 61305338, "ADDDATE": "2024-03-29", "ADDTENANT": "17000F", "ADDUSER": "kikaku", "EDITDATE": "2024-03-29", "EDITTENANT": null, "EDITUSER": null, "X": -35053.249999999098, "Y": 65934.75 }, "geometry": { "type": "Point", "coordinates": [ -35053.249999999097781, 65934.75 ] } },
{ "type": "Feature", "properties": { "JYUSYU": "スギ", "JYUKO": 30.9, "CHOKKEI": 57.2, "TANBOKUZAISEKI": 3.134, "JUKANCHORITSU": 80, "KEIJOHI": 54, "SHURYOHISU": 0, "DATANENDO": 2023, "UNIQUENO": 61305340, "ADDDATE": "2024-03-29", "ADDTENANT": "17000F", "ADDUSER": "kikaku", "EDITDATE": "2024-03-29", "EDITTENANT": null, "EDITUSER": null, "X": -35012.75, "Y": 65934.250000001906 }, "geometry": { "type": "Point", "coordinates": [ -35012.75, 65934.250000001906301 ] } },
{ "type": "Feature", "properties": { "JYUSYU": "スギ", "JYUKO": 24.7, "CHOKKEI": 44.4, "TANBOKUZAISEKI": 1.581, "JUKANCHORITSU": 33, "KEIJOHI": 56, "SHURYOHISU": 0, "DATANENDO": 2023, "UNIQUENO": 61305341, "ADDDATE": "2024-03-29", "ADDTENANT": "17000F", "ADDUSER": "kikaku", "EDITDATE": "2024-03-29", "EDITTENANT": null, "EDITUSER": null, "X": -35127.249999999098, "Y": 65933.750000003696 }, "geometry": { "type": "Point", "coordinates": [ -35127.249999999097781, 65933.750000003696186 ] } },
{ "type": "Feature", "properties": { "JYUSYU": "スギ", "JYUKO": 28.8, "CHOKKEI": 59.0, "TANBOKUZAISEKI": 3.106, "JUKANCHORITSU": 48, "KEIJOHI": 49, "SHURYOHISU": 0, "DATANENDO": 2023, "UNIQUENO": 61305342, "ADDDATE": "2024-03-29", "ADDTENANT": "17000F", "ADDUSER": "kikaku", "EDITDATE": "2024-03-29", "EDITTENANT": null, "EDITUSER": null, "X": -35114.249999998101, "Y": 65933.750000003696 }, "geometry": { "type": "Point", "coordinates": [ -35114.249999998100975, 65933.750000003696186 ] } },
{ "type": "Feature", "properties": { "JYUSYU": "スギ", "JYUKO": 28.6, "CHOKKEI": 46.9, "TANBOKUZAISEKI": 2.027, "JUKANCHORITSU": 23, "KEIJOHI": 61, "SHURYOHISU": 0, "DATANENDO": 2023, "UNIQUENO": 61305343, "ADDDATE": "2024-03-29", "ADDTENANT": "17000F", "ADDUSER": "kikaku", "EDITDATE": "2024-03-29", "EDITTENANT": null, "EDITUSER": null, "X": -35080.749999999098, "Y": 65933.750000003696 }, "geometry": { "type": "Point", "coordinates": [ -35080.749999999097781, 65933.750000003696186 ] } },
{ "type": "Feature", "properties": { "JYUSYU": "スギ", "JYUKO": 32.1, "CHOKKEI": 67.0, "TANBOKUZAISEKI": 4.36, "JUKANCHORITSU": 91, "KEIJOHI": 48, "SHURYOHISU": 0, "DATANENDO": 2023, "UNIQUENO": 61305344, "ADDDATE": "2024-03-29", "ADDTENANT": "17000F", "ADDUSER": "kikaku", "EDITDATE": "2024-03-29", "EDITTENANT": null, "EDITUSER": null, "X": -35031.749999998101, "Y": 65933.750000003696 }, "geometry": { "type": "Point", "coordinates": [ -35031.749999998100975, 65933.750000003696186 ] } },
{ "type": "Feature", "properties": { "JYUSYU": "スギ", "JYUKO": 22.2, "CHOKKEI": 25.6, "TANBOKUZAISEKI": 0.52, "JUKANCHORITSU": 15, "KEIJOHI": 87, "SHURYOHISU": 0, "DATANENDO": 2023, "UNIQUENO": 61305345, "ADDDATE": "2024-03-29", "ADDTENANT": "17000F", "ADDUSER": "kikaku", "EDITDATE": "2024-03-29", "EDITTENANT": null, "EDITUSER": null, "X": -35020.25, "Y": 65933.750000003696 }, "geometry": { "type": "Point", "coordinates": [ -35020.25, 65933.750000003696186 ] } },
{ "type": "Feature", "properties": { "JYUSYU": "スギ", "JYUKO": 27.8, "CHOKKEI": 43.1, "TANBOKUZAISEKI": 1.69, "JUKANCHORITSU": 26, "KEIJOHI": 65, "SHURYOHISU": 0, "DATANENDO": 2023, "UNIQUENO": 61305346, "ADDDATE": "2024-03-29", "ADDTENANT": "17000F", "ADDUSER": "kikaku", "EDITDATE": "2024-03-29", "EDITTENANT": null, "EDITUSER": null, "X": -35101.25, "Y": 65933.25 }, "geometry": { "type": "Point", "coordinates": [ -35101.25, 65933.25 ] } },
{ "type": "Feature", "properties": { "JYUSYU": "スギ", "JYUKO": 27.2, "CHOKKEI": 50.1, "TANBOKUZAISEKI": 2.177, "JUKANCHORITSU": 47, "KEIJOHI": 54, "SHURYOHISU": 0, "DATANENDO": 2023, "UNIQUENO": 61305347, "ADDDATE": "2024-03-29", "ADDTENANT": "17000F", "ADDUSER": "kikaku", "EDITDATE": "2024-03-29", "EDITTENANT": null, "EDITUSER": null, "X": -35086.75, "Y": 65933.25 }, "geometry": { "type": "Point", "coordinates": [ -35086.75, 65933.25 ] } },
{ "type": "Feature", "properties": { "JYUSYU": "スギ", "JYUKO": 23.7, "CHOKKEI": 31.6, "TANBOKUZAISEKI": 0.815, "JUKANCHORITSU": 13, "KEIJOHI": 75, "SHURYOHISU": 0, "DATANENDO": 2023, "UNIQUENO": 61305348, "ADDDATE": "2024-03-29", "ADDTENANT": "17000F", "ADDUSER": "kikaku", "EDITDATE": "2024-03-29", "EDITTENANT": null, "EDITUSER": null, "X": -35076.249999999098, "Y": 65933.25 }, "geometry": { "type": "Point", "coordinates": [ -35076.249999999097781, 65933.25 ] } },
{ "type": "Feature", "properties": { "JYUSYU": "スギ", "JYUKO": 26.4, "CHOKKEI": 44.5, "TANBOKUZAISEKI": 1.701, "JUKANCHORITSU": 43, "KEIJOHI": 59, "SHURYOHISU": 0, "DATANENDO": 2023, "UNIQUENO": 61305349, "ADDDATE": "2024-03-29", "ADDTENANT": "17000F", "ADDUSER": "kikaku", "EDITDATE": "2024-03-29", "EDITTENANT": null, "EDITUSER": null, "X": -35107.749999999098, "Y": 65932.750000001906 }, "geometry": { "type": "Point", "coordinates": [ -35107.749999999097781, 65932.750000001906301 ] } },
{ "type": "Feature", "properties": { "JYUSYU": "スギ", "JYUKO": 20.4, "CHOKKEI": 26.9, "TANBOKUZAISEKI": 0.523, "JUKANCHORITSU": 25, "KEIJOHI": 76, "SHURYOHISU": 0, "DATANENDO": 2023, "UNIQUENO": 61305350, "ADDDATE": "2024-03-29", "ADDTENANT": "17000F", "ADDUSER": "kikaku", "EDITDATE": "2024-03-29", "EDITTENANT": null, "EDITUSER": null, "X": -35056.249999999098, "Y": 65932.750000001906 }, "geometry": { "type": "Point", "coordinates": [ -35056.249999999097781, 65932.750000001906301 ] } },
{ "type": "Feature", "properties": { "JYUSYU": "スギ", "JYUKO": 23.8, "CHOKKEI": 30.4, "TANBOKUZAISEKI": 0.763, "JUKANCHORITSU": 41, "KEIJOHI": 78, "SHURYOHISU": 0, "DATANENDO": 2023, "UNIQUENO": 61305351, "ADDDATE": "2024-03-29", "ADDTENANT": "17000F", "ADDUSER": "kikaku", "EDITDATE": "2024-03-29", "EDITTENANT": null, "EDITUSER": null, "X": -35022.249999999098, "Y": 65932.750000001906 }, "geometry": { "type": "Point", "coordinates": [ -35022.249999999097781, 65932.750000001906301 ] } },
{ "type": "Feature", "properties": { "JYUSYU": "スギ", "JYUKO": 22.5, "CHOKKEI": 21.4, "TANBOKUZAISEKI": 0.38, "JUKANCHORITSU": 12, "KEIJOHI": 1, "SHURYOHISU": 0, "DATANENDO": 2023, "UNIQUENO": 61305352, "ADDDATE": "2024-03-29", "ADDTENANT": "17000F", "ADDUSER": "kikaku", "EDITDATE": "2024-03-29", "EDITTENANT": null, "EDITUSER": null, "X": -35067.749999999098, "Y": 65932.250000003696 }, "geometry": { "type": "Point", "coordinates": [ -35067.749999999097781, 65932.250000003696186 ] } },
{ "type": "Feature", "properties": { "JYUSYU": "スギ", "JYUKO": 21.0, "CHOKKEI": 40.1, "TANBOKUZAISEKI": 1.117, "JUKANCHORITSU": 24, "KEIJOHI": 52, "SHURYOHISU": 0, "DATANENDO": 2023, "UNIQUENO": 61305353, "ADDDATE": "2024-03-29", "ADDTENANT": "17000F", "ADDUSER": "kikaku", "EDITDATE": "2024-03-29", "EDITTENANT": null, "EDITUSER": null, "X": -35048.25, "Y": 65932.250000003696 }, "geometry": { "type": "Point", "coordinates": [ -35048.25, 65932.250000003696186 ] } },
{ "type": "Feature", "properties": { "JYUSYU": "スギ", "JYUKO": 20.4, "CHOKKEI": 28.0, "TANBOKUZAISEKI": 0.566, "JUKANCHORITSU": 75, "KEIJOHI": 73, "SHURYOHISU": 0, "DATANENDO": 2023, "UNIQUENO": 61305354, "ADDDATE": "2024-03-29", "ADDTENANT": "17000F", "ADDUSER": "kikaku", "EDITDATE": "2024-03-29", "EDITTENANT": null, "EDITUSER": null, "X": -35016.749999999098, "Y": 65932.250000003696 }, "geometry": { "type": "Point", "coordinates": [ -35016.749999999097781, 65932.250000003696186 ] } },
{ "type": "Feature", "properties": { "JYUSYU": "スギ", "JYUKO": 25.0, "CHOKKEI": 40.2, "TANBOKUZAISEKI": 1.331, "JUKANCHORITSU": 36, "KEIJOHI": 62, "SHURYOHISU": 0, "DATANENDO": 2023, "UNIQUENO": 61305355, "ADDDATE": "2024-03-29", "ADDTENANT": "17000F", "ADDUSER": "kikaku", "EDITDATE": "2024-03-29", "EDITTENANT": null, "EDITUSER": null, "X": -35122.25, "Y": 65931.75 }, "geometry": { "type": "Point", "coordinates": [ -35122.25, 65931.75 ] } },
{ "type": "Feature", "properties": { "JYUSYU": "スギ", "JYUKO": 23.0, "CHOKKEI": 31.3, "TANBOKUZAISEKI": 0.78, "JUKANCHORITSU": 43, "KEIJOHI": 74, "SHURYOHISU": 0, "DATANENDO": 2023, "UNIQUENO": 61305356, "ADDDATE": "2024-03-29", "ADDTENANT": "17000F", "ADDUSER": "kikaku", "EDITDATE": "2024-03-29", "EDITTENANT": null, "EDITUSER": null, "X": -35066.249999999098, "Y": 65931.75 }, "geometry": { "type": "Point", "coordinates": [ -35066.249999999097781, 65931.75 ] } },
{ "type": "Feature", "properties": { "JYUSYU": "スギ", "JYUKO": 26.0, "CHOKKEI": 49.4, "TANBOKUZAISEKI": 2.02, "JUKANCHORITSU": 58, "KEIJOHI": 53, "SHURYOHISU": 0, "DATANENDO": 2023, "UNIQUENO": 61305358, "ADDDATE": "2024-03-29", "ADDTENANT": "17000F", "ADDUSER": "kikaku", "EDITDATE": "2024-03-29", "EDITTENANT": null, "EDITUSER": null, "X": -35119.25, "Y": 65931.250000001906 }, "geometry": { "type": "Point", "coordinates": [ -35119.25, 65931.250000001906301 ] } },
{ "type": "Feature", "properties": { "JYUSYU": "スギ", "JYUKO": 27.9, "CHOKKEI": 52.6, "TANBOKUZAISEKI": 2.433, "JUKANCHORITSU": 30, "KEIJOHI": 53, "SHURYOHISU": 0, "DATANENDO": 2023, "UNIQUENO": 61305359, "ADDDATE": "2024-03-29", "ADDTENANT": "17000F", "ADDUSER": "kikaku", "EDITDATE": "2024-03-29", "EDITTENANT": null, "EDITUSER": null, "X": -35095.25, "Y": 65931.250000001906 }, "geometry": { "type": "Point", "coordinates": [ -35095.25, 65931.250000001906301 ] } },
{ "type": "Feature", "properties": { "JYUSYU": "スギ", "JYUKO": 23.3, "CHOKKEI": 36.4, "TANBOKUZAISEKI": 1.039, "JUKANCHORITSU": 36, "KEIJOHI": 64, "SHURYOHISU": 0, "DATANENDO": 2023, "UNIQUENO": 61305360, "ADDDATE": "2024-03-29", "ADDTENANT": "17000F", "ADDUSER": "kikaku", "EDITDATE": "2024-03-29", "EDITTENANT": null, "EDITUSER": null, "X": -35021.750000000902, "Y": 65931.250000001906 }, "geometry": { "type": "Point", "coordinates": [ -35021.750000000902219, 65931.250000001906301 ] } },
{ "type": "Feature", "properties": { "JYUSYU": "スギ", "JYUKO": 27.7, "CHOKKEI": 41.4, "TANBOKUZAISEKI": 1.559, "JUKANCHORITSU": 29, "KEIJOHI": 67, "SHURYOHISU": 0, "DATANENDO": 2023, "UNIQUENO": 61305361, "ADDDATE": "2024-03-29", "ADDTENANT": "17000F", "ADDUSER": "kikaku", "EDITDATE": "2024-03-29", "EDITTENANT": null, "EDITUSER": null, "X": -35081.749999999098, "Y": 65930.750000003696 }, "geometry": { "type": "Point", "coordinates": [ -35081.749999999097781, 65930.750000003696186 ] } },
{ "type": "Feature", "properties": { "JYUSYU": "スギ", "JYUKO": 20.4, "CHOKKEI": 31.3, "TANBOKUZAISEKI": 0.69, "JUKANCHORITSU": 55, "KEIJOHI": 65, "SHURYOHISU": 0, "DATANENDO": 2023, "UNIQUENO": 61305362, "ADDDATE": "2024-03-29", "ADDTENANT": "17000F", "ADDUSER": "kikaku", "EDITDATE": "2024-03-29", "EDITTENANT": null, "EDITUSER": null, "X": -35068.749999998101, "Y": 65930.750000003696 }, "geometry": { "type": "Point", "coordinates": [ -35068.749999998100975, 65930.750000003696186 ] } },
{ "type": "Feature", "properties": { "JYUSYU": "スギ", "JYUKO": 21.0, "CHOKKEI": 30.2, "TANBOKUZAISEKI": 0.668, "JUKANCHORITSU": 79, "KEIJOHI": 70, "SHURYOHISU": 0, "DATANENDO": 2023, "UNIQUENO": 61305363, "ADDDATE": "2024-03-29", "ADDTENANT": "17000F", "ADDUSER": "kikaku", "EDITDATE": "2024-03-29", "EDITTENANT": null, "EDITUSER": null, "X": -35067.250000000902, "Y": 65930.25 }, "geometry": { "type": "Point", "coordinates": [ -35067.250000000902219, 65930.25 ] } },
{ "type": "Feature", "properties": { "JYUSYU": "スギ", "JYUKO": 19.1, "CHOKKEI": 24.5, "TANBOKUZAISEKI": 0.412, "JUKANCHORITSU": 60, "KEIJOHI": 78, "SHURYOHISU": 0, "DATANENDO": 2023, "UNIQUENO": 61305364, "ADDDATE": "2024-03-29", "ADDTENANT": "17000F", "ADDUSER": "kikaku", "EDITDATE": "2024-03-29", "EDITTENANT": null, "EDITUSER": null, "X": -34985.75, "Y": 65930.25 }, "geometry": { "type": "Point", "coordinates": [ -34985.75, 65930.25 ] } },
{ "type": "Feature", "properties": { "JYUSYU": "スギ", "JYUKO": 31.7, "CHOKKEI": 60.3, "TANBOKUZAISEKI": 3.552, "JUKANCHORITSU": 82, "KEIJOHI": 53, "SHURYOHISU": 0, "DATANENDO": 2023, "UNIQUENO": 61305365, "ADDDATE": "2024-03-29", "ADDTENANT": "17000F", "ADDUSER": "kikaku", "EDITDATE": "2024-03-29", "EDITTENANT": null, "EDITUSER": null, "X": -35039.249999999098, "Y": 65929.750000001906 }, "geometry": { "type": "Point", "coordinates": [ -35039.249999999097781, 65929.750000001906301 ] } },
{ "type": "Feature", "properties": { "JYUSYU": "スギ", "JYUKO": 25.6, "CHOKKEI": 49.1, "TANBOKUZAISEKI": 1.972, "JUKANCHORITSU": 30, "KEIJOHI": 52, "SHURYOHISU": 0, "DATANENDO": 2023, "UNIQUENO": 61305366, "ADDDATE": "2024-03-29", "ADDTENANT": "17000F", "ADDUSER": "kikaku", "EDITDATE": "2024-03-29", "EDITTENANT": null, "EDITUSER": null, "X": -35104.749999999098, "Y": 65929.250000003696 }, "geometry": { "type": "Point", "coordinates": [ -35104.749999999097781, 65929.250000003696186 ] } },
{ "type": "Feature", "properties": { "JYUSYU": "スギ", "JYUKO": 29.4, "CHOKKEI": 46.4, "TANBOKUZAISEKI": 2.036, "JUKANCHORITSU": 28, "KEIJOHI": 63, "SHURYOHISU": 0, "DATANENDO": 2023, "UNIQUENO": 61305367, "ADDDATE": "2024-03-29", "ADDTENANT": "17000F", "ADDUSER": "kikaku", "EDITDATE": "2024-03-29", "EDITTENANT": null, "EDITUSER": null, "X": -35089.75, "Y": 65929.250000003696 }, "geometry": { "type": "Point", "coordinates": [ -35089.75, 65929.250000003696186 ] } },
{ "type": "Feature", "properties": { "JYUSYU": "スギ", "JYUKO": 28.8, "CHOKKEI": 50.0, "TANBOKUZAISEKI": 2.291, "JUKANCHORITSU": 46, "KEIJOHI": 58, "SHURYOHISU": 0, "DATANENDO": 2023, "UNIQUENO": 61305368, "ADDDATE": "2024-03-29", "ADDTENANT": "17000F", "ADDUSER": "kikaku", "EDITDATE": "2024-03-29", "EDITTENANT": null, "EDITUSER": null, "X": -35076.75, "Y": 65929.250000003696 }, "geometry": { "type": "Point", "coordinates": [ -35076.75, 65929.250000003696186 ] } },
{ "type": "Feature", "properties": { "JYUSYU": "スギ", "JYUKO": 23.5, "CHOKKEI": 39.9, "TANBOKUZAISEKI": 1.237, "JUKANCHORITSU": 41, "KEIJOHI": 59, "SHURYOHISU": 0, "DATANENDO": 2023, "UNIQUENO": 61305369, "ADDDATE": "2024-03-29", "ADDTENANT": "17000F", "ADDUSER": "kikaku", "EDITDATE": "2024-03-29", "EDITTENANT": null, "EDITUSER": null, "X": -35123.249999999098, "Y": 65928.75 }, "geometry": { "type": "Point", "coordinates": [ -35123.249999999097781, 65928.75 ] } },
{ "type": "Feature", "properties": { "JYUSYU": "スギ", "JYUKO": 26.6, "CHOKKEI": 45.9, "TANBOKUZAISEKI": 1.816, "JUKANCHORITSU": 34, "KEIJOHI": 58, "SHURYOHISU": 0, "DATANENDO": 2023, "UNIQUENO": 61305370, "ADDDATE": "2024-03-29", "ADDTENANT": "17000F", "ADDUSER": "kikaku", "EDITDATE": "2024-03-29", "EDITTENANT": null, "EDITUSER": null, "X": -35111.749999999098, "Y": 65928.75 }, "geometry": { "type": "Point", "coordinates": [ -35111.749999999097781, 65928.75 ] } },
{ "type": "Feature", "properties": { "JYUSYU": "スギ", "JYUKO": 27.6, "CHOKKEI": 40.9, "TANBOKUZAISEKI": 1.523, "JUKANCHORITSU": 24, "KEIJOHI": 68, "SHURYOHISU": 0, "DATANENDO": 2023, "UNIQUENO": 61305373, "ADDDATE": "2024-03-29", "ADDTENANT": "17000F", "ADDUSER": "kikaku", "EDITDATE": "2024-03-29", "EDITTENANT": null, "EDITUSER": null, "X": -35091.749999999098, "Y": 65927.750000001906 }, "geometry": { "type": "Point", "coordinates": [ -35091.749999999097781, 65927.750000001906301 ] } },
{ "type": "Feature", "properties": { "JYUSYU": "スギ", "JYUKO": 7.6, "CHOKKEI": 14.1, "TANBOKUZAISEKI": 0.061, "JUKANCHORITSU": 75, "KEIJOHI": 54, "SHURYOHISU": 0, "DATANENDO": 2023, "UNIQUENO": 61305374, "ADDDATE": "2024-03-29", "ADDTENANT": "17000F", "ADDUSER": "kikaku", "EDITDATE": "2024-03-29", "EDITTENANT": null, "EDITUSER": null, "X": -35063.249999999098, "Y": 65927.750000001906 }, "geometry": { "type": "Point", "coordinates": [ -35063.249999999097781, 65927.750000001906301 ] } },
{ "type": "Feature", "properties": { "JYUSYU": "スギ", "JYUKO": 24.4, "CHOKKEI": 49.8, "TANBOKUZAISEKI": 1.927, "JUKANCHORITSU": 82, "KEIJOHI": 49, "SHURYOHISU": 0, "DATANENDO": 2023, "UNIQUENO": 61305375, "ADDDATE": "2024-03-29", "ADDTENANT": "17000F", "ADDUSER": "kikaku", "EDITDATE": "2024-03-29", "EDITTENANT": null, "EDITUSER": null, "X": -35024.749999998101, "Y": 65927.750000001906 }, "geometry": { "type": "Point", "coordinates": [ -35024.749999998100975, 65927.750000001906301 ] } },
{ "type": "Feature", "properties": { "JYUSYU": "スギ", "JYUKO": 27.6, "CHOKKEI": 55.3, "TANBOKUZAISEKI": 2.638, "JUKANCHORITSU": 74, "KEIJOHI": 50, "SHURYOHISU": 0, "DATANENDO": 2023, "UNIQUENO": 61305376, "ADDDATE": "2024-03-29", "ADDTENANT": "17000F", "ADDUSER": "kikaku", "EDITDATE": "2024-03-29", "EDITTENANT": null, "EDITUSER": null, "X": -35054.749999999098, "Y": 65927.25 }, "geometry": { "type": "Point", "coordinates": [ -35054.749999999097781, 65927.25 ] } },
{ "type": "Feature", "properties": { "JYUSYU": "スギ", "JYUKO": 30.0, "CHOKKEI": 57.2, "TANBOKUZAISEKI": 3.056, "JUKANCHORITSU": 46, "KEIJOHI": 52, "SHURYOHISU": 0, "DATANENDO": 2023, "UNIQUENO": 61305377, "ADDDATE": "2024-03-29", "ADDTENANT": "17000F", "ADDUSER": "kikaku", "EDITDATE": "2024-03-29", "EDITTENANT": null, "EDITUSER": null, "X": -35045.249999999098, "Y": 65927.25 }, "geometry": { "type": "Point", "coordinates": [ -35045.249999999097781, 65927.25 ] } },
{ "type": "Feature", "properties": { "JYUSYU": "スギ", "JYUKO": 9.3, "CHOKKEI": 15.9, "TANBOKUZAISEKI": 0.092, "JUKANCHORITSU": 71, "KEIJOHI": 59, "SHURYOHISU": 0, "DATANENDO": 2023, "UNIQUENO": 61305379, "ADDDATE": "2024-03-29", "ADDTENANT": "17000F", "ADDUSER": "kikaku", "EDITDATE": "2024-03-29", "EDITTENANT": null, "EDITUSER": null, "X": -35067.749999999098, "Y": 65926.750000001906 }, "geometry": { "type": "Point", "coordinates": [ -35067.749999999097781, 65926.750000001906301 ] } },
{ "type": "Feature", "properties": { "JYUSYU": "スギ", "JYUKO": 16.6, "CHOKKEI": 32.7, "TANBOKUZAISEKI": 0.611, "JUKANCHORITSU": 53, "KEIJOHI": 51, "SHURYOHISU": 0, "DATANENDO": 2023, "UNIQUENO": 61305380, "ADDDATE": "2024-03-29", "ADDTENANT": "17000F", "ADDUSER": "kikaku", "EDITDATE": "2024-03-29", "EDITTENANT": null, "EDITUSER": null, "X": -35119.75, "Y": 65926.250000001906 }, "geometry": { "type": "Point", "coordinates": [ -35119.75, 65926.250000001906301 ] } },
{ "type": "Feature", "properties": { "JYUSYU": "スギ", "JYUKO": 11.2, "CHOKKEI": 23.1, "TANBOKUZAISEKI": 0.219, "JUKANCHORITSU": 86, "KEIJOHI": 49, "SHURYOHISU": 0, "DATANENDO": 2023, "UNIQUENO": 61305381, "ADDDATE": "2024-03-29", "ADDTENANT": "17000F", "ADDUSER": "kikaku", "EDITDATE": "2024-03-29", "EDITTENANT": null, "EDITUSER": null, "X": -35061.25, "Y": 65926.250000001906 }, "geometry": { "type": "Point", "coordinates": [ -35061.25, 65926.250000001906301 ] } },
{ "type": "Feature", "properties": { "JYUSYU": "スギ", "JYUKO": 25.3, "CHOKKEI": 47.2, "TANBOKUZAISEKI": 1.814, "JUKANCHORITSU": 93, "KEIJOHI": 54, "SHURYOHISU": 0, "DATANENDO": 2023, "UNIQUENO": 61305382, "ADDDATE": "2024-03-29", "ADDTENANT": "17000F", "ADDUSER": "kikaku", "EDITDATE": "2024-03-29", "EDITTENANT": null, "EDITUSER": null, "X": -35039.75, "Y": 65926.250000001906 }, "geometry": { "type": "Point", "coordinates": [ -35039.75, 65926.250000001906301 ] } },
{ "type": "Feature", "properties": { "JYUSYU": "スギ", "JYUKO": 29.1, "CHOKKEI": 50.2, "TANBOKUZAISEKI": 2.332, "JUKANCHORITSU": 34, "KEIJOHI": 58, "SHURYOHISU": 0, "DATANENDO": 2023, "UNIQUENO": 61305384, "ADDDATE": "2024-03-29", "ADDTENANT": "17000F", "ADDUSER": "kikaku", "EDITDATE": "2024-03-29", "EDITTENANT": null, "EDITUSER": null, "X": -35085.749999998101, "Y": 65925.75 }, "geometry": { "type": "Point", "coordinates": [ -35085.749999998100975, 65925.75 ] } },
{ "type": "Feature", "properties": { "JYUSYU": "スギ", "JYUKO": 24.7, "CHOKKEI": 49.9, "TANBOKUZAISEKI": 1.964, "JUKANCHORITSU": 88, "KEIJOHI": 50, "SHURYOHISU": 0, "DATANENDO": 2023, "UNIQUENO": 61305385, "ADDDATE": "2024-03-29", "ADDTENANT": "17000F", "ADDUSER": "kikaku", "EDITDATE": "2024-03-29", "EDITTENANT": null, "EDITUSER": null, "X": -35073.75, "Y": 65925.75 }, "geometry": { "type": "Point", "coordinates": [ -35073.75, 65925.75 ] } },
{ "type": "Feature", "properties": { "JYUSYU": "スギ", "JYUKO": 16.9, "CHOKKEI": 25.0, "TANBOKUZAISEKI": 0.378, "JUKANCHORITSU": 92, "KEIJOHI": 68, "SHURYOHISU": 0, "DATANENDO": 2023, "UNIQUENO": 61305386, "ADDDATE": "2024-03-29", "ADDTENANT": "17000F", "ADDUSER": "kikaku", "EDITDATE": "2024-03-29", "EDITTENANT": null, "EDITUSER": null, "X": -34996.249999998101, "Y": 65925.75 }, "geometry": { "type": "Point", "coordinates": [ -34996.249999998100975, 65925.75 ] } },
{ "type": "Feature", "properties": { "JYUSYU": "スギ", "JYUKO": 24.4, "CHOKKEI": 40.2, "TANBOKUZAISEKI": 1.308, "JUKANCHORITSU": 95, "KEIJOHI": 61, "SHURYOHISU": 0, "DATANENDO": 2023, "UNIQUENO": 61305387, "ADDDATE": "2024-03-29", "ADDTENANT": "17000F", "ADDUSER": "kikaku", "EDITDATE": "2024-03-29", "EDITTENANT": null, "EDITUSER": null, "X": -34988.75, "Y": 65925.75 }, "geometry": { "type": "Point", "coordinates": [ -34988.75, 65925.75 ] } },
{ "type": "Feature", "properties": { "JYUSYU": "スギ", "JYUKO": 5.3, "CHOKKEI": 10.5, "TANBOKUZAISEKI": 0.025, "JUKANCHORITSU": 80, "KEIJOHI": 51, "SHURYOHISU": 0, "DATANENDO": 2023, "UNIQUENO": 61305388, "ADDDATE": "2024-03-29", "ADDTENANT": "17000F", "ADDUSER": "kikaku", "EDITDATE": "2024-03-29", "EDITTENANT": null, "EDITUSER": null, "X": -35066.75, "Y": 65925.250000001906 }, "geometry": { "type": "Point", "coordinates": [ -35066.75, 65925.250000001906301 ] } },
{ "type": "Feature", "properties": { "JYUSYU": "スギ", "JYUKO": 27.8, "CHOKKEI": 52.7, "TANBOKUZAISEKI": 2.433, "JUKANCHORITSU": 61, "KEIJOHI": 53, "SHURYOHISU": 0, "DATANENDO": 2023, "UNIQUENO": 61305389, "ADDDATE": "2024-03-29", "ADDTENANT": "17000F", "ADDUSER": "kikaku", "EDITDATE": "2024-03-29", "EDITTENANT": null, "EDITUSER": null, "X": -35081.25, "Y": 65924.750000001906 }, "geometry": { "type": "Point", "coordinates": [ -35081.25, 65924.750000001906301 ] } },
{ "type": "Feature", "properties": { "JYUSYU": "スギ", "JYUKO": 30.8, "CHOKKEI": 55.1, "TANBOKUZAISEKI": 2.922, "JUKANCHORITSU": 45, "KEIJOHI": 56, "SHURYOHISU": 0, "DATANENDO": 2023, "UNIQUENO": 61305390, "ADDDATE": "2024-03-29", "ADDTENANT": "17000F", "ADDUSER": "kikaku", "EDITDATE": "2024-03-29", "EDITTENANT": null, "EDITUSER": null, "X": -35110.249999999098, "Y": 65924.25 }, "geometry": { "type": "Point", "coordinates": [ -35110.249999999097781, 65924.25 ] } },
{ "type": "Feature", "properties": { "JYUSYU": "スギ", "JYUKO": 16.9, "CHOKKEI": 25.5, "TANBOKUZAISEKI": 0.396, "JUKANCHORITSU": 45, "KEIJOHI": 66, "SHURYOHISU": 0, "DATANENDO": 2023, "UNIQUENO": 61305392, "ADDDATE": "2024-03-29", "ADDTENANT": "17000F", "ADDUSER": "kikaku", "EDITDATE": "2024-03-29", "EDITTENANT": null, "EDITUSER": null, "X": -34997.25, "Y": 65924.25 }, "geometry": { "type": "Point", "coordinates": [ -34997.25, 65924.25 ] } },
{ "type": "Feature", "properties": { "JYUSYU": "スギ", "JYUKO": 31.3, "CHOKKEI": 63.4, "TANBOKUZAISEKI": 3.84, "JUKANCHORITSU": 76, "KEIJOHI": 49, "SHURYOHISU": 0, "DATANENDO": 2023, "UNIQUENO": 61305393, "ADDDATE": "2024-03-29", "ADDTENANT": "17000F", "ADDUSER": "kikaku", "EDITDATE": "2024-03-29", "EDITTENANT": null, "EDITUSER": null, "X": -35051.749999998101, "Y": 65923.750000001906 }, "geometry": { "type": "Point", "coordinates": [ -35051.749999998100975, 65923.750000001906301 ] } },
{ "type": "Feature", "properties": { "JYUSYU": "スギ", "JYUKO": 29.6, "CHOKKEI": 56.5, "TANBOKUZAISEKI": 2.937, "JUKANCHORITSU": 90, "KEIJOHI": 52, "SHURYOHISU": 0, "DATANENDO": 2023, "UNIQUENO": 61305394, "ADDDATE": "2024-03-29", "ADDTENANT": "17000F", "ADDUSER": "kikaku", "EDITDATE": "2024-03-29", "EDITTENANT": null, "EDITUSER": null, "X": -34979.249999998101, "Y": 65923.750000001906 }, "geometry": { "type": "Point", "coordinates": [ -34979.249999998100975, 65923.750000001906301 ] } },
{ "type": "Feature", "properties": { "JYUSYU": "スギ", "JYUKO": 29.0, "CHOKKEI": 49.8, "TANBOKUZAISEKI": 2.288, "JUKANCHORITSU": 30, "KEIJOHI": 58, "SHURYOHISU": 0, "DATANENDO": 2023, "UNIQUENO": 61305395, "ADDDATE": "2024-03-29", "ADDTENANT": "17000F", "ADDUSER": "kikaku", "EDITDATE": "2024-03-29", "EDITTENANT": null, "EDITUSER": null, "X": -35091.749999999098, "Y": 65923.250000001906 }, "geometry": { "type": "Point", "coordinates": [ -35091.749999999097781, 65923.250000001906301 ] } },
{ "type": "Feature", "properties": { "JYUSYU": "スギ", "JYUKO": 15.4, "CHOKKEI": 29.5, "TANBOKUZAISEKI": 0.468, "JUKANCHORITSU": 37, "KEIJOHI": 52, "SHURYOHISU": 0, "DATANENDO": 2023, "UNIQUENO": 61305396, "ADDDATE": "2024-03-29", "ADDTENANT": "17000F", "ADDUSER": "kikaku", "EDITDATE": "2024-03-29", "EDITTENANT": null, "EDITUSER": null, "X": -35000.749999999098, "Y": 65923.250000001906 }, "geometry": { "type": "Point", "coordinates": [ -35000.749999999097781, 65923.250000001906301 ] } },
{ "type": "Feature", "properties": { "JYUSYU": "スギ", "JYUKO": 27.0, "CHOKKEI": 55.3, "TANBOKUZAISEKI": 2.589, "JUKANCHORITSU": 86, "KEIJOHI": 49, "SHURYOHISU": 0, "DATANENDO": 2023, "UNIQUENO": 61305397, "ADDDATE": "2024-03-29", "ADDTENANT": "17000F", "ADDUSER": "kikaku", "EDITDATE": "2024-03-29", "EDITTENANT": null, "EDITUSER": null, "X": -34987.749999998101, "Y": 65923.250000001906 }, "geometry": { "type": "Point", "coordinates": [ -34987.749999998100975, 65923.250000001906301 ] } },
{ "type": "Feature", "properties": { "JYUSYU": "スギ", "JYUKO": 32.6, "CHOKKEI": 68.6, "TANBOKUZAISEKI": 4.617, "JUKANCHORITSU": 52, "KEIJOHI": 48, "SHURYOHISU": 0, "DATANENDO": 2023, "UNIQUENO": 61305398, "ADDDATE": "2024-03-29", "ADDTENANT": "17000F", "ADDUSER": "kikaku", "EDITDATE": "2024-03-29", "EDITTENANT": null, "EDITUSER": null, "X": -35099.249999999098, "Y": 65922.75 }, "geometry": { "type": "Point", "coordinates": [ -35099.249999999097781, 65922.75 ] } },
{ "type": "Feature", "properties": { "JYUSYU": "スギ", "JYUKO": 26.0, "CHOKKEI": 33.9, "TANBOKUZAISEKI": 1.019, "JUKANCHORITSU": 50, "KEIJOHI": 77, "SHURYOHISU": 0, "DATANENDO": 2023, "UNIQUENO": 61305399, "ADDDATE": "2024-03-29", "ADDTENANT": "17000F", "ADDUSER": "kikaku", "EDITDATE": "2024-03-29", "EDITTENANT": null, "EDITUSER": null, "X": -35085.25, "Y": 65922.75 }, "geometry": { "type": "Point", "coordinates": [ -35085.25, 65922.75 ] } },
{ "type": "Feature", "properties": { "JYUSYU": "スギ", "JYUKO": 6.7, "CHOKKEI": 13.5, "TANBOKUZAISEKI": 0.049, "JUKANCHORITSU": 84, "KEIJOHI": 50, "SHURYOHISU": 0, "DATANENDO": 2023, "UNIQUENO": 61305400, "ADDDATE": "2024-03-29", "ADDTENANT": "17000F", "ADDUSER": "kikaku", "EDITDATE": "2024-03-29", "EDITTENANT": null, "EDITUSER": null, "X": -35023.749999999098, "Y": 65922.75 }, "geometry": { "type": "Point", "coordinates": [ -35023.749999999097781, 65922.75 ] } },
{ "type": "Feature", "properties": { "JYUSYU": "スギ", "JYUKO": 26.4, "CHOKKEI": 31.0, "TANBOKUZAISEKI": 0.878, "JUKANCHORITSU": 32, "KEIJOHI": 85, "SHURYOHISU": 0, "DATANENDO": 2023, "UNIQUENO": 61305401, "ADDDATE": "2024-03-29", "ADDTENANT": "17000F", "ADDUSER": "kikaku", "EDITDATE": "2024-03-29", "EDITTENANT": null, "EDITUSER": null, "X": -35089.249999999098, "Y": 65922.25 }, "geometry": { "type": "Point", "coordinates": [ -35089.249999999097781, 65922.25 ] } },
{ "type": "Feature", "properties": { "JYUSYU": "スギ", "JYUKO": 23.4, "CHOKKEI": 44.2, "TANBOKUZAISEKI": 1.493, "JUKANCHORITSU": 90, "KEIJOHI": 53, "SHURYOHISU": 0, "DATANENDO": 2023, "UNIQUENO": 61305403, "ADDDATE": "2024-03-29", "ADDTENANT": "17000F", "ADDUSER": "kikaku", "EDITDATE": "2024-03-29", "EDITTENANT": null, "EDITUSER": null, "X": -35044.749999999098, "Y": 65920.75 }, "geometry": { "type": "Point", "coordinates": [ -35044.749999999097781, 65920.75 ] } },
{ "type": "Feature", "properties": { "JYUSYU": "スギ", "JYUKO": 29.2, "CHOKKEI": 59.6, "TANBOKUZAISEKI": 3.199, "JUKANCHORITSU": 65, "KEIJOHI": 49, "SHURYOHISU": 0, "DATANENDO": 2023, "UNIQUENO": 61305404, "ADDDATE": "2024-03-29", "ADDTENANT": "17000F", "ADDUSER": "kikaku", "EDITDATE": "2024-03-29", "EDITTENANT": null, "EDITUSER": null, "X": -35114.249999998101, "Y": 65920.250000001906 }, "geometry": { "type": "Point", "coordinates": [ -35114.249999998100975, 65920.250000001906301 ] } },
{ "type": "Feature", "properties": { "JYUSYU": "スギ", "JYUKO": 28.1, "CHOKKEI": 48.0, "TANBOKUZAISEKI": 2.072, "JUKANCHORITSU": 40, "KEIJOHI": 59, "SHURYOHISU": 0, "DATANENDO": 2023, "UNIQUENO": 61305405, "ADDDATE": "2024-03-29", "ADDTENANT": "17000F", "ADDUSER": "kikaku", "EDITDATE": "2024-03-29", "EDITTENANT": null, "EDITUSER": null, "X": -35107.249999999098, "Y": 65920.250000001906 }, "geometry": { "type": "Point", "coordinates": [ -35107.249999999097781, 65920.250000001906301 ] } },
{ "type": "Feature", "properties": { "JYUSYU": "スギ", "JYUKO": 31.6, "CHOKKEI": 62.6, "TANBOKUZAISEKI": 3.787, "JUKANCHORITSU": 96, "KEIJOHI": 51, "SHURYOHISU": 0, "DATANENDO": 2023, "UNIQUENO": 61305406, "ADDDATE": "2024-03-29", "ADDTENANT": "17000F", "ADDUSER": "kikaku", "EDITDATE": "2024-03-29", "EDITTENANT": null, "EDITUSER": null, "X": -35037.25, "Y": 65920.250000001906 }, "geometry": { "type": "Point", "coordinates": [ -35037.25, 65920.250000001906301 ] } },
{ "type": "Feature", "properties": { "JYUSYU": "スギ", "JYUKO": 21.9, "CHOKKEI": 36.8, "TANBOKUZAISEKI": 0.996, "JUKANCHORITSU": 92, "KEIJOHI": 60, "SHURYOHISU": 0, "DATANENDO": 2023, "UNIQUENO": 61305408, "ADDDATE": "2024-03-29", "ADDTENANT": "17000F", "ADDUSER": "kikaku", "EDITDATE": "2024-03-29", "EDITTENANT": null, "EDITUSER": null, "X": -34975.75, "Y": 65920.250000001906 }, "geometry": { "type": "Point", "coordinates": [ -34975.75, 65920.250000001906301 ] } },
{ "type": "Feature", "properties": { "JYUSYU": "スギ", "JYUKO": 25.8, "CHOKKEI": 47.0, "TANBOKUZAISEKI": 1.836, "JUKANCHORITSU": 40, "KEIJOHI": 55, "SHURYOHISU": 0, "DATANENDO": 2023, "UNIQUENO": 61305409, "ADDDATE": "2024-03-29", "ADDTENANT": "17000F", "ADDUSER": "kikaku", "EDITDATE": "2024-03-29", "EDITTENANT": null, "EDITUSER": null, "X": -35131.249999998101, "Y": 65919.75 }, "geometry": { "type": "Point", "coordinates": [ -35131.249999998100975, 65919.75 ] } },
{ "type": "Feature", "properties": { "JYUSYU": "スギ", "JYUKO": 23.6, "CHOKKEI": 39.5, "TANBOKUZAISEKI": 1.222, "JUKANCHORITSU": 24, "KEIJOHI": 60, "SHURYOHISU": 0, "DATANENDO": 2023, "UNIQUENO": 61305410, "ADDDATE": "2024-03-29", "ADDTENANT": "17000F", "ADDUSER": "kikaku", "EDITDATE": "2024-03-29", "EDITTENANT": null, "EDITUSER": null, "X": -35127.249999999098, "Y": 65919.75 }, "geometry": { "type": "Point", "coordinates": [ -35127.249999999097781, 65919.75 ] } },
{ "type": "Feature", "properties": { "JYUSYU": "スギ", "JYUKO": 31.9, "CHOKKEI": 65.5, "TANBOKUZAISEKI": 4.161, "JUKANCHORITSU": 60, "KEIJOHI": 49, "SHURYOHISU": 0, "DATANENDO": 2023, "UNIQUENO": 61305411, "ADDDATE": "2024-03-29", "ADDTENANT": "17000F", "ADDUSER": "kikaku", "EDITDATE": "2024-03-29", "EDITTENANT": null, "EDITUSER": null, "X": -34995.249999999098, "Y": 65919.75 }, "geometry": { "type": "Point", "coordinates": [ -34995.249999999097781, 65919.75 ] } },
{ "type": "Feature", "properties": { "JYUSYU": "スギ", "JYUKO": 20.1, "CHOKKEI": 27.8, "TANBOKUZAISEKI": 0.547, "JUKANCHORITSU": 30, "KEIJOHI": 72, "SHURYOHISU": 0, "DATANENDO": 2023, "UNIQUENO": 61305412, "ADDDATE": "2024-03-29", "ADDTENANT": "17000F", "ADDUSER": "kikaku", "EDITDATE": "2024-03-29", "EDITTENANT": null, "EDITUSER": null, "X": -34981.249999999098, "Y": 65919.75 }, "geometry": { "type": "Point", "coordinates": [ -34981.249999999097781, 65919.75 ] } },
{ "type": "Feature", "properties": { "JYUSYU": "スギ", "JYUKO": 28.6, "CHOKKEI": 51.0, "TANBOKUZAISEKI": 2.362, "JUKANCHORITSU": 48, "KEIJOHI": 56, "SHURYOHISU": 0, "DATANENDO": 2023, "UNIQUENO": 61305413, "ADDDATE": "2024-03-29", "ADDTENANT": "17000F", "ADDUSER": "kikaku", "EDITDATE": "2024-03-29", "EDITTENANT": null, "EDITUSER": null, "X": -35120.249999999098, "Y": 65918.750000001906 }, "geometry": { "type": "Point", "coordinates": [ -35120.249999999097781, 65918.750000001906301 ] } },
{ "type": "Feature", "properties": { "JYUSYU": "スギ", "JYUKO": 29.1, "CHOKKEI": 50.6, "TANBOKUZAISEKI": 2.366, "JUKANCHORITSU": 56, "KEIJOHI": 58, "SHURYOHISU": 0, "DATANENDO": 2023, "UNIQUENO": 61305414, "ADDDATE": "2024-03-29", "ADDTENANT": "17000F", "ADDUSER": "kikaku", "EDITDATE": "2024-03-29", "EDITTENANT": null, "EDITUSER": null, "X": -35089.75, "Y": 65918.750000001906 }, "geometry": { "type": "Point", "coordinates": [ -35089.75, 65918.750000001906301 ] } },
{ "type": "Feature", "properties": { "JYUSYU": "スギ", "JYUKO": 29.9, "CHOKKEI": 55.0, "TANBOKUZAISEKI": 2.831, "JUKANCHORITSU": 96, "KEIJOHI": 54, "SHURYOHISU": 0, "DATANENDO": 2023, "UNIQUENO": 61305415, "ADDDATE": "2024-03-29", "ADDTENANT": "17000F", "ADDUSER": "kikaku", "EDITDATE": "2024-03-29", "EDITTENANT": null, "EDITUSER": null, "X": -35073.249999999098, "Y": 65918.750000001906 }, "geometry": { "type": "Point", "coordinates": [ -35073.249999999097781, 65918.750000001906301 ] } },
{ "type": "Feature", "properties": { "JYUSYU": "スギ", "JYUKO": 21.1, "CHOKKEI": 26.5, "TANBOKUZAISEKI": 0.526, "JUKANCHORITSU": 13, "KEIJOHI": 80, "SHURYOHISU": 0, "DATANENDO": 2023, "UNIQUENO": 61305416, "ADDDATE": "2024-03-29", "ADDTENANT": "17000F", "ADDUSER": "kikaku", "EDITDATE": "2024-03-29", "EDITTENANT": null, "EDITUSER": null, "X": -34978.75, "Y": 65918.750000001906 }, "geometry": { "type": "Point", "coordinates": [ -34978.75, 65918.750000001906301 ] } },
{ "type": "Feature", "properties": { "JYUSYU": "スギ", "JYUKO": 27.3, "CHOKKEI": 43.6, "TANBOKUZAISEKI": 1.691, "JUKANCHORITSU": 63, "KEIJOHI": 63, "SHURYOHISU": 0, "DATANENDO": 2023, "UNIQUENO": 61305418, "ADDDATE": "2024-03-29", "ADDTENANT": "17000F", "ADDUSER": "kikaku", "EDITDATE": "2024-03-29", "EDITTENANT": null, "EDITUSER": null, "X": -35105.749999998101, "Y": 65918.249999998094 }, "geometry": { "type": "Point", "coordinates": [ -35105.749999998100975, 65918.249999998093699 ] } },
{ "type": "Feature", "properties": { "JYUSYU": "スギ", "JYUKO": 30.0, "CHOKKEI": 61.2, "TANBOKUZAISEKI": 3.451, "JUKANCHORITSU": 96, "KEIJOHI": 49, "SHURYOHISU": 0, "DATANENDO": 2023, "UNIQUENO": 61305419, "ADDDATE": "2024-03-29", "ADDTENANT": "17000F", "ADDUSER": "kikaku", "EDITDATE": "2024-03-29", "EDITTENANT": null, "EDITUSER": null, "X": -35063.249999999098, "Y": 65918.249999998094 }, "geometry": { "type": "Point", "coordinates": [ -35063.249999999097781, 65918.249999998093699 ] } },
{ "type": "Feature", "properties": { "JYUSYU": "スギ", "JYUKO": 21.9, "CHOKKEI": 31.9, "TANBOKUZAISEKI": 0.768, "JUKANCHORITSU": 15, "KEIJOHI": 69, "SHURYOHISU": 0, "DATANENDO": 2023, "UNIQUENO": 61305421, "ADDDATE": "2024-03-29", "ADDTENANT": "17000F", "ADDUSER": "kikaku", "EDITDATE": "2024-03-29", "EDITTENANT": null, "EDITUSER": null, "X": -34976.749999999098, "Y": 65917.75 }, "geometry": { "type": "Point", "coordinates": [ -34976.749999999097781, 65917.75 ] } },
{ "type": "Feature", "properties": { "JYUSYU": "スギ", "JYUKO": 27.4, "CHOKKEI": 44.6, "TANBOKUZAISEKI": 1.763, "JUKANCHORITSU": 54, "KEIJOHI": 61, "SHURYOHISU": 0, "DATANENDO": 2023, "UNIQUENO": 61305422, "ADDDATE": "2024-03-29", "ADDTENANT": "17000F", "ADDUSER": "kikaku", "EDITDATE": "2024-03-29", "EDITTENANT": null, "EDITUSER": null, "X": -35076.249999999098, "Y": 65917.250000001906 }, "geometry": { "type": "Point", "coordinates": [ -35076.249999999097781, 65917.250000001906301 ] } },
{ "type": "Feature", "properties": { "JYUSYU": "スギ", "JYUKO": 34.5, "CHOKKEI": 64.0, "TANBOKUZAISEKI": 4.309, "JUKANCHORITSU": 96, "KEIJOHI": 54, "SHURYOHISU": 0, "DATANENDO": 2023, "UNIQUENO": 61305423, "ADDDATE": "2024-03-29", "ADDTENANT": "17000F", "ADDUSER": "kikaku", "EDITDATE": "2024-03-29", "EDITTENANT": null, "EDITUSER": null, "X": -35031.749999998101, "Y": 65917.250000001906 }, "geometry": { "type": "Point", "coordinates": [ -35031.749999998100975, 65917.250000001906301 ] } },
{ "type": "Feature", "properties": { "JYUSYU": "スギ", "JYUKO": 22.5, "CHOKKEI": 37.6, "TANBOKUZAISEKI": 1.068, "JUKANCHORITSU": 60, "KEIJOHI": 60, "SHURYOHISU": 0, "DATANENDO": 2023, "UNIQUENO": 61305424, "ADDDATE": "2024-03-29", "ADDTENANT": "17000F", "ADDUSER": "kikaku", "EDITDATE": "2024-03-29", "EDITTENANT": null, "EDITUSER": null, "X": -34982.249999999098, "Y": 65917.250000001906 }, "geometry": { "type": "Point", "coordinates": [ -34982.249999999097781, 65917.250000001906301 ] } },
{ "type": "Feature", "properties": { "JYUSYU": "スギ", "JYUKO": 19.9, "CHOKKEI": 36.2, "TANBOKUZAISEKI": 0.88, "JUKANCHORITSU": 19, "KEIJOHI": 55, "SHURYOHISU": 0, "DATANENDO": 2023, "UNIQUENO": 61305425, "ADDDATE": "2024-03-29", "ADDTENANT": "17000F", "ADDUSER": "kikaku", "EDITDATE": "2024-03-29", "EDITTENANT": null, "EDITUSER": null, "X": -35136.75, "Y": 65916.749999998094 }, "geometry": { "type": "Point", "coordinates": [ -35136.75, 65916.749999998093699 ] } },
{ "type": "Feature", "properties": { "JYUSYU": "スギ", "JYUKO": 23.6, "CHOKKEI": 48.5, "TANBOKUZAISEKI": 1.777, "JUKANCHORITSU": 95, "KEIJOHI": 49, "SHURYOHISU": 0, "DATANENDO": 2023, "UNIQUENO": 61305426, "ADDDATE": "2024-03-29", "ADDTENANT": "17000F", "ADDUSER": "kikaku", "EDITDATE": "2024-03-29", "EDITTENANT": null, "EDITUSER": null, "X": -35047.749999999098, "Y": 65916.749999998094 }, "geometry": { "type": "Point", "coordinates": [ -35047.749999999097781, 65916.749999998093699 ] } },
{ "type": "Feature", "properties": { "JYUSYU": "スギ", "JYUKO": 19.5, "CHOKKEI": 30.1, "TANBOKUZAISEKI": 0.617, "JUKANCHORITSU": 10, "KEIJOHI": 65, "SHURYOHISU": 0, "DATANENDO": 2023, "UNIQUENO": 61305427, "ADDDATE": "2024-03-29", "ADDTENANT": "17000F", "ADDUSER": "kikaku", "EDITDATE": "2024-03-29", "EDITTENANT": null, "EDITUSER": null, "X": -35124.749999999098, "Y": 65916.25 }, "geometry": { "type": "Point", "coordinates": [ -35124.749999999097781, 65916.25 ] } },
{ "type": "Feature", "properties": { "JYUSYU": "スギ", "JYUKO": 20.4, "CHOKKEI": 28.1, "TANBOKUZAISEKI": 0.568, "JUKANCHORITSU": 16, "KEIJOHI": 73, "SHURYOHISU": 0, "DATANENDO": 2023, "UNIQUENO": 61305428, "ADDDATE": "2024-03-29", "ADDTENANT": "17000F", "ADDUSER": "kikaku", "EDITDATE": "2024-03-29", "EDITTENANT": null, "EDITUSER": null, "X": -35128.749999999098, "Y": 65915.750000001906 }, "geometry": { "type": "Point", "coordinates": [ -35128.749999999097781, 65915.750000001906301 ] } },
{ "type": "Feature", "properties": { "JYUSYU": "スギ", "JYUKO": 20.4, "CHOKKEI": 24.7, "TANBOKUZAISEKI": 0.449, "JUKANCHORITSU": 15, "KEIJOHI": 83, "SHURYOHISU": 0, "DATANENDO": 2023, "UNIQUENO": 61305429, "ADDDATE": "2024-03-29", "ADDTENANT": "17000F", "ADDUSER": "kikaku", "EDITDATE": "2024-03-29", "EDITTENANT": null, "EDITUSER": null, "X": -35126.75, "Y": 65915.750000001906 }, "geometry": { "type": "Point", "coordinates": [ -35126.75, 65915.750000001906301 ] } },
{ "type": "Feature", "properties": { "JYUSYU": "スギ", "JYUKO": 22.0, "CHOKKEI": 43.2, "TANBOKUZAISEKI": 1.343, "JUKANCHORITSU": 57, "KEIJOHI": 51, "SHURYOHISU": 0, "DATANENDO": 2023, "UNIQUENO": 61305430, "ADDDATE": "2024-03-29", "ADDTENANT": "17000F", "ADDUSER": "kikaku", "EDITDATE": "2024-03-29", "EDITTENANT": null, "EDITUSER": null, "X": -35083.75, "Y": 65915.750000001906 }, "geometry": { "type": "Point", "coordinates": [ -35083.75, 65915.750000001906301 ] } },
{ "type": "Feature", "properties": { "JYUSYU": "スギ", "JYUKO": 29.8, "CHOKKEI": 60.0, "TANBOKUZAISEKI": 3.306, "JUKANCHORITSU": 72, "KEIJOHI": 50, "SHURYOHISU": 0, "DATANENDO": 2023, "UNIQUENO": 61305432, "ADDDATE": "2024-03-29", "ADDTENANT": "17000F", "ADDUSER": "kikaku", "EDITDATE": "2024-03-29", "EDITTENANT": null, "EDITUSER": null, "X": -35001.75, "Y": 65915.750000001906 }, "geometry": { "type": "Point", "coordinates": [ -35001.75, 65915.750000001906301 ] } },
{ "type": "Feature", "properties": { "JYUSYU": "スギ", "JYUKO": 28.9, "CHOKKEI": 52.9, "TANBOKUZAISEKI": 2.546, "JUKANCHORITSU": 40, "KEIJOHI": 55, "SHURYOHISU": 0, "DATANENDO": 2023, "UNIQUENO": 61305433, "ADDDATE": "2024-03-29", "ADDTENANT": "17000F", "ADDUSER": "kikaku", "EDITDATE": "2024-03-29", "EDITTENANT": null, "EDITUSER": null, "X": -35093.75, "Y": 65915.250000003696 }, "geometry": { "type": "Point", "coordinates": [ -35093.75, 65915.250000003696186 ] } },
{ "type": "Feature", "properties": { "JYUSYU": "スギ", "JYUKO": 28.9, "CHOKKEI": 55.8, "TANBOKUZAISEKI": 2.809, "JUKANCHORITSU": 43, "KEIJOHI": 52, "SHURYOHISU": 0, "DATANENDO": 2023, "UNIQUENO": 61305434, "ADDDATE": "2024-03-29", "ADDTENANT": "17000F", "ADDUSER": "kikaku", "EDITDATE": "2024-03-29", "EDITTENANT": null, "EDITUSER": null, "X": -35101.749999999098, "Y": 65914.75 }, "geometry": { "type": "Point", "coordinates": [ -35101.749999999097781, 65914.75 ] } },
{ "type": "Feature", "properties": { "JYUSYU": "スギ", "JYUKO": 29.5, "CHOKKEI": 52.1, "TANBOKUZAISEKI": 2.524, "JUKANCHORITSU": 45, "KEIJOHI": 57, "SHURYOHISU": 0, "DATANENDO": 2023, "UNIQUENO": 61305435, "ADDDATE": "2024-03-29", "ADDTENANT": "17000F", "ADDUSER": "kikaku", "EDITDATE": "2024-03-29", "EDITTENANT": null, "EDITUSER": null, "X": -35076.75, "Y": 65914.75 }, "geometry": { "type": "Point", "coordinates": [ -35076.75, 65914.75 ] } },
{ "type": "Feature", "properties": { "JYUSYU": "スギ", "JYUKO": 24.7, "CHOKKEI": 32.2, "TANBOKUZAISEKI": 0.881, "JUKANCHORITSU": 36, "KEIJOHI": 77, "SHURYOHISU": 0, "DATANENDO": 2023, "UNIQUENO": 61305436, "ADDDATE": "2024-03-29", "ADDTENANT": "17000F", "ADDUSER": "kikaku", "EDITDATE": "2024-03-29", "EDITTENANT": null, "EDITUSER": null, "X": -35072.249999999098, "Y": 65914.75 }, "geometry": { "type": "Point", "coordinates": [ -35072.249999999097781, 65914.75 ] } },
{ "type": "Feature", "properties": { "JYUSYU": "スギ", "JYUKO": 27.7, "CHOKKEI": 49.7, "TANBOKUZAISEKI": 2.177, "JUKANCHORITSU": 47, "KEIJOHI": 56, "SHURYOHISU": 0, "DATANENDO": 2023, "UNIQUENO": 61305438, "ADDDATE": "2024-03-29", "ADDTENANT": "17000F", "ADDUSER": "kikaku", "EDITDATE": "2024-03-29", "EDITTENANT": null, "EDITUSER": null, "X": -34973.25, "Y": 65914.75 }, "geometry": { "type": "Point", "coordinates": [ -34973.25, 65914.75 ] } },
{ "type": "Feature", "properties": { "JYUSYU": "スギ", "JYUKO": 27.8, "CHOKKEI": 46.5, "TANBOKUZAISEKI": 1.94, "JUKANCHORITSU": 49, "KEIJOHI": 60, "SHURYOHISU": 0, "DATANENDO": 2023, "UNIQUENO": 61305439, "ADDDATE": "2024-03-29", "ADDTENANT": "17000F", "ADDUSER": "kikaku", "EDITDATE": "2024-03-29", "EDITTENANT": null, "EDITUSER": null, "X": -35090.249999999098, "Y": 65914.250000001906 }, "geometry": { "type": "Point", "coordinates": [ -35090.249999999097781, 65914.250000001906301 ] } },
{ "type": "Feature", "properties": { "JYUSYU": "スギ", "JYUKO": 25.3, "CHOKKEI": 40.6, "TANBOKUZAISEKI": 1.379, "JUKANCHORITSU": 38, "KEIJOHI": 62, "SHURYOHISU": 0, "DATANENDO": 2023, "UNIQUENO": 61305440, "ADDDATE": "2024-03-29", "ADDTENANT": "17000F", "ADDUSER": "kikaku", "EDITDATE": "2024-03-29", "EDITTENANT": null, "EDITUSER": null, "X": -34981.75, "Y": 65914.250000001906 }, "geometry": { "type": "Point", "coordinates": [ -34981.75, 65914.250000001906301 ] } },
{ "type": "Feature", "properties": { "JYUSYU": "スギ", "JYUKO": 26.1, "CHOKKEI": 43.5, "TANBOKUZAISEKI": 1.605, "JUKANCHORITSU": 67, "KEIJOHI": 60, "SHURYOHISU": 0, "DATANENDO": 2023, "UNIQUENO": 61305441, "ADDDATE": "2024-03-29", "ADDTENANT": "17000F", "ADDUSER": "kikaku", "EDITDATE": "2024-03-29", "EDITTENANT": null, "EDITUSER": null, "X": -34969.749999999098, "Y": 65914.250000001906 }, "geometry": { "type": "Point", "coordinates": [ -34969.749999999097781, 65914.250000001906301 ] } },
{ "type": "Feature", "properties": { "JYUSYU": "スギ", "JYUKO": 25.8, "CHOKKEI": 48.1, "TANBOKUZAISEKI": 1.916, "JUKANCHORITSU": 35, "KEIJOHI": 54, "SHURYOHISU": 0, "DATANENDO": 2023, "UNIQUENO": 61305442, "ADDDATE": "2024-03-29", "ADDTENANT": "17000F", "ADDUSER": "kikaku", "EDITDATE": "2024-03-29", "EDITTENANT": null, "EDITUSER": null, "X": -35132.749999998101, "Y": 65913.750000003696 }, "geometry": { "type": "Point", "coordinates": [ -35132.749999998100975, 65913.750000003696186 ] } },
{ "type": "Feature", "properties": { "JYUSYU": "スギ", "JYUKO": 19.3, "CHOKKEI": 21.9, "TANBOKUZAISEKI": 0.341, "JUKANCHORITSU": 93, "KEIJOHI": 88, "SHURYOHISU": 0, "DATANENDO": 2023, "UNIQUENO": 61305443, "ADDDATE": "2024-03-29", "ADDTENANT": "17000F", "ADDUSER": "kikaku", "EDITDATE": "2024-03-29", "EDITTENANT": null, "EDITUSER": null, "X": -35126.75, "Y": 65913.750000003696 }, "geometry": { "type": "Point", "coordinates": [ -35126.75, 65913.750000003696186 ] } },
{ "type": "Feature", "properties": { "JYUSYU": "スギ", "JYUKO": 26.4, "CHOKKEI": 49.2, "TANBOKUZAISEKI": 2.035, "JUKANCHORITSU": 61, "KEIJOHI": 54, "SHURYOHISU": 0, "DATANENDO": 2023, "UNIQUENO": 61305444, "ADDDATE": "2024-03-29", "ADDTENANT": "17000F", "ADDUSER": "kikaku", "EDITDATE": "2024-03-29", "EDITTENANT": null, "EDITUSER": null, "X": -35119.75, "Y": 65913.750000003696 }, "geometry": { "type": "Point", "coordinates": [ -35119.75, 65913.750000003696186 ] } },
{ "type": "Feature", "properties": { "JYUSYU": "スギ", "JYUKO": 25.2, "CHOKKEI": 34.7, "TANBOKUZAISEKI": 1.03, "JUKANCHORITSU": 20, "KEIJOHI": 73, "SHURYOHISU": 0, "DATANENDO": 2023, "UNIQUENO": 61305445, "ADDDATE": "2024-03-29", "ADDTENANT": "17000F", "ADDUSER": "kikaku", "EDITDATE": "2024-03-29", "EDITTENANT": null, "EDITUSER": null, "X": -35061.749999999098, "Y": 65913.750000003696 }, "geometry": { "type": "Point", "coordinates": [ -35061.749999999097781, 65913.750000003696186 ] } },
{ "type": "Feature", "properties": { "JYUSYU": "スギ", "JYUKO": 22.5, "CHOKKEI": 46.1, "TANBOKUZAISEKI": 1.549, "JUKANCHORITSU": 94, "KEIJOHI": 49, "SHURYOHISU": 0, "DATANENDO": 2023, "UNIQUENO": 61305446, "ADDDATE": "2024-03-29", "ADDTENANT": "17000F", "ADDUSER": "kikaku", "EDITDATE": "2024-03-29", "EDITTENANT": null, "EDITUSER": null, "X": -35019.249999999098, "Y": 65913.750000003696 }, "geometry": { "type": "Point", "coordinates": [ -35019.249999999097781, 65913.750000003696186 ] } },
{ "type": "Feature", "properties": { "JYUSYU": "スギ", "JYUKO": 30.7, "CHOKKEI": 63.4, "TANBOKUZAISEKI": 3.761, "JUKANCHORITSU": 76, "KEIJOHI": 48, "SHURYOHISU": 0, "DATANENDO": 2023, "UNIQUENO": 61305447, "ADDDATE": "2024-03-29", "ADDTENANT": "17000F", "ADDUSER": "kikaku", "EDITDATE": "2024-03-29", "EDITTENANT": null, "EDITUSER": null, "X": -35053.249999999098, "Y": 65913.25 }, "geometry": { "type": "Point", "coordinates": [ -35053.249999999097781, 65913.25 ] } },
{ "type": "Feature", "properties": { "JYUSYU": "スギ", "JYUKO": 20.1, "CHOKKEI": 36.4, "TANBOKUZAISEKI": 0.897, "JUKANCHORITSU": 21, "KEIJOHI": 55, "SHURYOHISU": 0, "DATANENDO": 2023, "UNIQUENO": 61305448, "ADDDATE": "2024-03-29", "ADDTENANT": "17000F", "ADDUSER": "kikaku", "EDITDATE": "2024-03-29", "EDITTENANT": null, "EDITUSER": null, "X": -34977.25, "Y": 65913.25 }, "geometry": { "type": "Point", "coordinates": [ -34977.25, 65913.25 ] } },
{ "type": "Feature", "properties": { "JYUSYU": "スギ", "JYUKO": 23.9, "CHOKKEI": 48.1, "TANBOKUZAISEKI": 1.778, "JUKANCHORITSU": 64, "KEIJOHI": 50, "SHURYOHISU": 0, "DATANENDO": 2023, "UNIQUENO": 61305449, "ADDDATE": "2024-03-29", "ADDTENANT": "17000F", "ADDUSER": "kikaku", "EDITDATE": "2024-03-29", "EDITTENANT": null, "EDITUSER": null, "X": -35058.25, "Y": 65912.750000001906 }, "geometry": { "type": "Point", "coordinates": [ -35058.25, 65912.750000001906301 ] } },
{ "type": "Feature", "properties": { "JYUSYU": "スギ", "JYUKO": 27.0, "CHOKKEI": 46.9, "TANBOKUZAISEKI": 1.917, "JUKANCHORITSU": 41, "KEIJOHI": 58, "SHURYOHISU": 0, "DATANENDO": 2023, "UNIQUENO": 61305450, "ADDDATE": "2024-03-29", "ADDTENANT": "17000F", "ADDUSER": "kikaku", "EDITDATE": "2024-03-29", "EDITTENANT": null, "EDITUSER": null, "X": -35115.25, "Y": 65912.250000003696 }, "geometry": { "type": "Point", "coordinates": [ -35115.25, 65912.250000003696186 ] } },
{ "type": "Feature", "properties": { "JYUSYU": "スギ", "JYUKO": 22.0, "CHOKKEI": 33.5, "TANBOKUZAISEKI": 0.842, "JUKANCHORITSU": 30, "KEIJOHI": 66, "SHURYOHISU": 0, "DATANENDO": 2023, "UNIQUENO": 61305451, "ADDDATE": "2024-03-29", "ADDTENANT": "17000F", "ADDUSER": "kikaku", "EDITDATE": "2024-03-29", "EDITTENANT": null, "EDITUSER": null, "X": -35135.749999999098, "Y": 65911.75 }, "geometry": { "type": "Point", "coordinates": [ -35135.749999999097781, 65911.75 ] } },
{ "type": "Feature", "properties": { "JYUSYU": "スギ", "JYUKO": 22.1, "CHOKKEI": 35.8, "TANBOKUZAISEKI": 0.956, "JUKANCHORITSU": 47, "KEIJOHI": 62, "SHURYOHISU": 0, "DATANENDO": 2023, "UNIQUENO": 61305452, "ADDDATE": "2024-03-29", "ADDTENANT": "17000F", "ADDUSER": "kikaku", "EDITDATE": "2024-03-29", "EDITTENANT": null, "EDITUSER": null, "X": -35105.749999998101, "Y": 65911.75 }, "geometry": { "type": "Point", "coordinates": [ -35105.749999998100975, 65911.75 ] } },
{ "type": "Feature", "properties": { "JYUSYU": "スギ", "JYUKO": 34.5, "CHOKKEI": 69.2, "TANBOKUZAISEKI": 4.957, "JUKANCHORITSU": 69, "KEIJOHI": 50, "SHURYOHISU": 0, "DATANENDO": 2023, "UNIQUENO": 61305453, "ADDDATE": "2024-03-29", "ADDTENANT": "17000F", "ADDUSER": "kikaku", "EDITDATE": "2024-03-29", "EDITTENANT": null, "EDITUSER": null, "X": -35034.25, "Y": 65911.75 }, "geometry": { "type": "Point", "coordinates": [ -35034.25, 65911.75 ] } },
{ "type": "Feature", "properties": { "JYUSYU": "スギ", "JYUKO": 27.1, "CHOKKEI": 50.3, "TANBOKUZAISEKI": 2.179, "JUKANCHORITSU": 67, "KEIJOHI": 54, "SHURYOHISU": 0, "DATANENDO": 2023, "UNIQUENO": 61305454, "ADDDATE": "2024-03-29", "ADDTENANT": "17000F", "ADDUSER": "kikaku", "EDITDATE": "2024-03-29", "EDITTENANT": null, "EDITUSER": null, "X": -34985.249999999098, "Y": 65911.75 }, "geometry": { "type": "Point", "coordinates": [ -34985.249999999097781, 65911.75 ] } },
{ "type": "Feature", "properties": { "JYUSYU": "スギ", "JYUKO": 26.0, "CHOKKEI": 46.8, "TANBOKUZAISEKI": 1.833, "JUKANCHORITSU": 73, "KEIJOHI": 56, "SHURYOHISU": 0, "DATANENDO": 2023, "UNIQUENO": 61305455, "ADDDATE": "2024-03-29", "ADDTENANT": "17000F", "ADDUSER": "kikaku", "EDITDATE": "2024-03-29", "EDITTENANT": null, "EDITUSER": null, "X": -35096.249999999098, "Y": 65911.250000001906 }, "geometry": { "type": "Point", "coordinates": [ -35096.249999999097781, 65911.250000001906301 ] } },
{ "type": "Feature", "properties": { "JYUSYU": "スギ", "JYUKO": 21.6, "CHOKKEI": 34.1, "TANBOKUZAISEKI": 0.855, "JUKANCHORITSU": 64, "KEIJOHI": 63, "SHURYOHISU": 0, "DATANENDO": 2023, "UNIQUENO": 61305456, "ADDDATE": "2024-03-29", "ADDTENANT": "17000F", "ADDUSER": "kikaku", "EDITDATE": "2024-03-29", "EDITTENANT": null, "EDITUSER": null, "X": -35090.249999999098, "Y": 65911.250000001906 }, "geometry": { "type": "Point", "coordinates": [ -35090.249999999097781, 65911.250000001906301 ] } },
{ "type": "Feature", "properties": { "JYUSYU": "スギ", "JYUKO": 24.6, "CHOKKEI": 49.5, "TANBOKUZAISEKI": 1.927, "JUKANCHORITSU": 92, "KEIJOHI": 50, "SHURYOHISU": 0, "DATANENDO": 2023, "UNIQUENO": 61305457, "ADDDATE": "2024-03-29", "ADDTENANT": "17000F", "ADDUSER": "kikaku", "EDITDATE": "2024-03-29", "EDITTENANT": null, "EDITUSER": null, "X": -35074.25, "Y": 65911.250000001906 }, "geometry": { "type": "Point", "coordinates": [ -35074.25, 65911.250000001906301 ] } },
{ "type": "Feature", "properties": { "JYUSYU": "スギ", "JYUKO": 22.2, "CHOKKEI": 35.9, "TANBOKUZAISEKI": 0.964, "JUKANCHORITSU": 18, "KEIJOHI": 62, "SHURYOHISU": 0, "DATANENDO": 2023, "UNIQUENO": 61305458, "ADDDATE": "2024-03-29", "ADDTENANT": "17000F", "ADDUSER": "kikaku", "EDITDATE": "2024-03-29", "EDITTENANT": null, "EDITUSER": null, "X": -35015.75, "Y": 65911.250000001906 }, "geometry": { "type": "Point", "coordinates": [ -35015.75, 65911.250000001906301 ] } },
{ "type": "Feature", "properties": { "JYUSYU": "スギ", "JYUKO": 24.9, "CHOKKEI": 39.8, "TANBOKUZAISEKI": 1.311, "JUKANCHORITSU": 31, "KEIJOHI": 63, "SHURYOHISU": 0, "DATANENDO": 2023, "UNIQUENO": 61305459, "ADDDATE": "2024-03-29", "ADDTENANT": "17000F", "ADDUSER": "kikaku", "EDITDATE": "2024-03-29", "EDITTENANT": null, "EDITUSER": null, "X": -35003.250000000902, "Y": 65911.250000001906 }, "geometry": { "type": "Point", "coordinates": [ -35003.250000000902219, 65911.250000001906301 ] } },
{ "type": "Feature", "properties": { "JYUSYU": "スギ", "JYUKO": 19.2, "CHOKKEI": 29.7, "TANBOKUZAISEKI": 0.591, "JUKANCHORITSU": 42, "KEIJOHI": 65, "SHURYOHISU": 0, "DATANENDO": 2023, "UNIQUENO": 61305460, "ADDDATE": "2024-03-29", "ADDTENANT": "17000F", "ADDUSER": "kikaku", "EDITDATE": "2024-03-29", "EDITTENANT": null, "EDITUSER": null, "X": -35122.749999998101, "Y": 65910.750000003696 }, "geometry": { "type": "Point", "coordinates": [ -35122.749999998100975, 65910.750000003696186 ] } },
{ "type": "Feature", "properties": { "JYUSYU": "スギ", "JYUKO": 25.2, "CHOKKEI": 47.7, "TANBOKUZAISEKI": 1.843, "JUKANCHORITSU": 66, "KEIJOHI": 53, "SHURYOHISU": 0, "DATANENDO": 2023, "UNIQUENO": 61305461, "ADDDATE": "2024-03-29", "ADDTENANT": "17000F", "ADDUSER": "kikaku", "EDITDATE": "2024-03-29", "EDITTENANT": null, "EDITUSER": null, "X": -35111.25, "Y": 65910.750000003696 }, "geometry": { "type": "Point", "coordinates": [ -35111.25, 65910.750000003696186 ] } },
{ "type": "Feature", "properties": { "JYUSYU": "スギ", "JYUKO": 5.4, "CHOKKEI": 10.6, "TANBOKUZAISEKI": 0.026, "JUKANCHORITSU": 81, "KEIJOHI": 51, "SHURYOHISU": 0, "DATANENDO": 2023, "UNIQUENO": 61305462, "ADDDATE": "2024-03-29", "ADDTENANT": "17000F", "ADDUSER": "kikaku", "EDITDATE": "2024-03-29", "EDITTENANT": null, "EDITUSER": null, "X": -35084.25, "Y": 65910.750000003696 }, "geometry": { "type": "Point", "coordinates": [ -35084.25, 65910.750000003696186 ] } },
{ "type": "Feature", "properties": { "JYUSYU": "スギ", "JYUKO": 29.4, "CHOKKEI": 54.1, "TANBOKUZAISEKI": 2.696, "JUKANCHORITSU": 58, "KEIJOHI": 54, "SHURYOHISU": 0, "DATANENDO": 2023, "UNIQUENO": 61305463, "ADDDATE": "2024-03-29", "ADDTENANT": "17000F", "ADDUSER": "kikaku", "EDITDATE": "2024-03-29", "EDITTENANT": null, "EDITUSER": null, "X": -35065.25, "Y": 65910.750000003696 }, "geometry": { "type": "Point", "coordinates": [ -35065.25, 65910.750000003696186 ] } },
{ "type": "Feature", "properties": { "JYUSYU": "スギ", "JYUKO": 20.1, "CHOKKEI": 36.5, "TANBOKUZAISEKI": 0.9, "JUKANCHORITSU": 54, "KEIJOHI": 55, "SHURYOHISU": 0, "DATANENDO": 2023, "UNIQUENO": 61305464, "ADDDATE": "2024-03-29", "ADDTENANT": "17000F", "ADDUSER": "kikaku", "EDITDATE": "2024-03-29", "EDITTENANT": null, "EDITUSER": null, "X": -35102.25, "Y": 65910.25 }, "geometry": { "type": "Point", "coordinates": [ -35102.25, 65910.25 ] } },
{ "type": "Feature", "properties": { "JYUSYU": "スギ", "JYUKO": 21.7, "CHOKKEI": 35.6, "TANBOKUZAISEKI": 0.931, "JUKANCHORITSU": 92, "KEIJOHI": 61, "SHURYOHISU": 0, "DATANENDO": 2023, "UNIQUENO": 61305465, "ADDDATE": "2024-03-29", "ADDTENANT": "17000F", "ADDUSER": "kikaku", "EDITDATE": "2024-03-29", "EDITTENANT": null, "EDITUSER": null, "X": -35037.749999999098, "Y": 65910.25 }, "geometry": { "type": "Point", "coordinates": [ -35037.749999999097781, 65910.25 ] } },
{ "type": "Feature", "properties": { "JYUSYU": "スギ", "JYUKO": 26.6, "CHOKKEI": 52.4, "TANBOKUZAISEKI": 2.308, "JUKANCHORITSU": 67, "KEIJOHI": 51, "SHURYOHISU": 0, "DATANENDO": 2023, "UNIQUENO": 61305466, "ADDDATE": "2024-03-29", "ADDTENANT": "17000F", "ADDUSER": "kikaku", "EDITDATE": "2024-03-29", "EDITTENANT": null, "EDITUSER": null, "X": -34990.25, "Y": 65910.25 }, "geometry": { "type": "Point", "coordinates": [ -34990.25, 65910.25 ] } },
{ "type": "Feature", "properties": { "JYUSYU": "スギ", "JYUKO": 23.6, "CHOKKEI": 33.2, "TANBOKUZAISEKI": 0.891, "JUKANCHORITSU": 52, "KEIJOHI": 71, "SHURYOHISU": 0, "DATANENDO": 2023, "UNIQUENO": 61305468, "ADDDATE": "2024-03-29", "ADDTENANT": "17000F", "ADDUSER": "kikaku", "EDITDATE": "2024-03-29", "EDITTENANT": null, "EDITUSER": null, "X": -35000.25, "Y": 65909.250000001906 }, "geometry": { "type": "Point", "coordinates": [ -35000.25, 65909.250000001906301 ] } },
{ "type": "Feature", "properties": { "JYUSYU": "スギ", "JYUKO": 31.9, "CHOKKEI": 56.0, "TANBOKUZAISEKI": 3.114, "JUKANCHORITSU": 47, "KEIJOHI": 57, "SHURYOHISU": 0, "DATANENDO": 2023, "UNIQUENO": 61305470, "ADDDATE": "2024-03-29", "ADDTENANT": "17000F", "ADDUSER": "kikaku", "EDITDATE": "2024-03-29", "EDITTENANT": null, "EDITUSER": null, "X": -35006.249999998101, "Y": 65908.75 }, "geometry": { "type": "Point", "coordinates": [ -35006.249999998100975, 65908.75 ] } },
{ "type": "Feature", "properties": { "JYUSYU": "スギ", "JYUKO": 14.9, "CHOKKEI": 30.5, "TANBOKUZAISEKI": 0.484, "JUKANCHORITSU": 32, "KEIJOHI": 49, "SHURYOHISU": 0, "DATANENDO": 2023, "UNIQUENO": 61305471, "ADDDATE": "2024-03-29", "ADDTENANT": "17000F", "ADDUSER": "kikaku", "EDITDATE": "2024-03-29", "EDITTENANT": null, "EDITUSER": null, "X": -34974.25, "Y": 65908.250000001906 }, "geometry": { "type": "Point", "coordinates": [ -34974.25, 65908.250000001906301 ] } },
{ "type": "Feature", "properties": { "JYUSYU": "スギ", "JYUKO": 18.3, "CHOKKEI": 31.4, "TANBOKUZAISEKI": 0.624, "JUKANCHORITSU": 41, "KEIJOHI": 58, "SHURYOHISU": 0, "DATANENDO": 2023, "UNIQUENO": 61305472, "ADDDATE": "2024-03-29", "ADDTENANT": "17000F", "ADDUSER": "kikaku", "EDITDATE": "2024-03-29", "EDITTENANT": null, "EDITUSER": null, "X": -35093.249999999098, "Y": 65907.750000001906 }, "geometry": { "type": "Point", "coordinates": [ -35093.249999999097781, 65907.750000001906301 ] } },
{ "type": "Feature", "properties": { "JYUSYU": "スギ", "JYUKO": 13.2, "CHOKKEI": 24.6, "TANBOKUZAISEKI": 0.289, "JUKANCHORITSU": 90, "KEIJOHI": 54, "SHURYOHISU": 0, "DATANENDO": 2023, "UNIQUENO": 61305473, "ADDDATE": "2024-03-29", "ADDTENANT": "17000F", "ADDUSER": "kikaku", "EDITDATE": "2024-03-29", "EDITTENANT": null, "EDITUSER": null, "X": -35088.749999998101, "Y": 65907.750000001906 }, "geometry": { "type": "Point", "coordinates": [ -35088.749999998100975, 65907.750000001906301 ] } },
{ "type": "Feature", "properties": { "JYUSYU": "スギ", "JYUKO": 17.6, "CHOKKEI": 28.9, "TANBOKUZAISEKI": 0.519, "JUKANCHORITSU": 27, "KEIJOHI": 61, "SHURYOHISU": 0, "DATANENDO": 2023, "UNIQUENO": 61305474, "ADDDATE": "2024-03-29", "ADDTENANT": "17000F", "ADDUSER": "kikaku", "EDITDATE": "2024-03-29", "EDITTENANT": null, "EDITUSER": null, "X": -35069.249999999098, "Y": 65907.750000001906 }, "geometry": { "type": "Point", "coordinates": [ -35069.249999999097781, 65907.750000001906301 ] } },
{ "type": "Feature", "properties": { "JYUSYU": "スギ", "JYUKO": 20.1, "CHOKKEI": 29.7, "TANBOKUZAISEKI": 0.618, "JUKANCHORITSU": 94, "KEIJOHI": 68, "SHURYOHISU": 0, "DATANENDO": 2023, "UNIQUENO": 61305475, "ADDDATE": "2024-03-29", "ADDTENANT": "17000F", "ADDUSER": "kikaku", "EDITDATE": "2024-03-29", "EDITTENANT": null, "EDITUSER": null, "X": -35041.749999998101, "Y": 65907.750000001906 }, "geometry": { "type": "Point", "coordinates": [ -35041.749999998100975, 65907.750000001906301 ] } },
{ "type": "Feature", "properties": { "JYUSYU": "スギ", "JYUKO": 24.4, "CHOKKEI": 38.2, "TANBOKUZAISEKI": 1.191, "JUKANCHORITSU": 32, "KEIJOHI": 64, "SHURYOHISU": 0, "DATANENDO": 2023, "UNIQUENO": 61305476, "ADDDATE": "2024-03-29", "ADDTENANT": "17000F", "ADDUSER": "kikaku", "EDITDATE": "2024-03-29", "EDITTENANT": null, "EDITUSER": null, "X": -34986.749999999098, "Y": 65907.750000001906 }, "geometry": { "type": "Point", "coordinates": [ -34986.749999999097781, 65907.750000001906301 ] } },
{ "type": "Feature", "properties": { "JYUSYU": "スギ", "JYUKO": 19.8, "CHOKKEI": 35.0, "TANBOKUZAISEKI": 0.826, "JUKANCHORITSU": 60, "KEIJOHI": 57, "SHURYOHISU": 0, "DATANENDO": 2023, "UNIQUENO": 61305478, "ADDDATE": "2024-03-29", "ADDTENANT": "17000F", "ADDUSER": "kikaku", "EDITDATE": "2024-03-29", "EDITTENANT": null, "EDITUSER": null, "X": -35109.75, "Y": 65907.25 }, "geometry": { "type": "Point", "coordinates": [ -35109.75, 65907.25 ] } },
{ "type": "Feature", "properties": { "JYUSYU": "スギ", "JYUKO": 25.4, "CHOKKEI": 43.5, "TANBOKUZAISEKI": 1.57, "JUKANCHORITSU": 41, "KEIJOHI": 58, "SHURYOHISU": 0, "DATANENDO": 2023, "UNIQUENO": 61305479, "ADDDATE": "2024-03-29", "ADDTENANT": "17000F", "ADDUSER": "kikaku", "EDITDATE": "2024-03-29", "EDITTENANT": null, "EDITUSER": null, "X": -35014.749999998101, "Y": 65907.25 }, "geometry": { "type": "Point", "coordinates": [ -35014.749999998100975, 65907.25 ] } },
{ "type": "Feature", "properties": { "JYUSYU": "スギ", "JYUKO": 27.2, "CHOKKEI": 51.9, "TANBOKUZAISEKI": 2.324, "JUKANCHORITSU": 61, "KEIJOHI": 52, "SHURYOHISU": 0, "DATANENDO": 2023, "UNIQUENO": 61305480, "ADDDATE": "2024-03-29", "ADDTENANT": "17000F", "ADDUSER": "kikaku", "EDITDATE": "2024-03-29", "EDITTENANT": null, "EDITUSER": null, "X": -35115.25, "Y": 65906.750000001906 }, "geometry": { "type": "Point", "coordinates": [ -35115.25, 65906.750000001906301 ] } },
{ "type": "Feature", "properties": { "JYUSYU": "スギ", "JYUKO": 14.9, "CHOKKEI": 25.0, "TANBOKUZAISEKI": 0.337, "JUKANCHORITSU": 43, "KEIJOHI": 60, "SHURYOHISU": 0, "DATANENDO": 2023, "UNIQUENO": 61305481, "ADDDATE": "2024-03-29", "ADDTENANT": "17000F", "ADDUSER": "kikaku", "EDITDATE": "2024-03-29", "EDITTENANT": null, "EDITUSER": null, "X": -35105.25, "Y": 65906.750000001906 }, "geometry": { "type": "Point", "coordinates": [ -35105.25, 65906.750000001906301 ] } },
{ "type": "Feature", "properties": { "JYUSYU": "スギ", "JYUKO": 22.3, "CHOKKEI": 30.9, "TANBOKUZAISEKI": 0.74, "JUKANCHORITSU": 29, "KEIJOHI": 72, "SHURYOHISU": 0, "DATANENDO": 2023, "UNIQUENO": 61305482, "ADDDATE": "2024-03-29", "ADDTENANT": "17000F", "ADDUSER": "kikaku", "EDITDATE": "2024-03-29", "EDITTENANT": null, "EDITUSER": null, "X": -35062.75, "Y": 65906.750000001906 }, "geometry": { "type": "Point", "coordinates": [ -35062.75, 65906.750000001906301 ] } },
{ "type": "Feature", "properties": { "JYUSYU": "スギ", "JYUKO": 29.6, "CHOKKEI": 51.7, "TANBOKUZAISEKI": 2.508, "JUKANCHORITSU": 77, "KEIJOHI": 57, "SHURYOHISU": 0, "DATANENDO": 2023, "UNIQUENO": 61305483, "ADDDATE": "2024-03-29", "ADDTENANT": "17000F", "ADDUSER": "kikaku", "EDITDATE": "2024-03-29", "EDITTENANT": null, "EDITUSER": null, "X": -34998.249999999098, "Y": 65906.750000001906 }, "geometry": { "type": "Point", "coordinates": [ -34998.249999999097781, 65906.750000001906301 ] } },
{ "type": "Feature", "properties": { "JYUSYU": "スギ", "JYUKO": 29.0, "CHOKKEI": 53.4, "TANBOKUZAISEKI": 2.601, "JUKANCHORITSU": 69, "KEIJOHI": 54, "SHURYOHISU": 0, "DATANENDO": 2023, "UNIQUENO": 61305484, "ADDDATE": "2024-03-29", "ADDTENANT": "17000F", "ADDUSER": "kikaku", "EDITDATE": "2024-03-29", "EDITTENANT": null, "EDITUSER": null, "X": -34993.749999999098, "Y": 65906.750000001906 }, "geometry": { "type": "Point", "coordinates": [ -34993.749999999097781, 65906.750000001906301 ] } },
{ "type": "Feature", "properties": { "JYUSYU": "スギ", "JYUKO": 14.4, "CHOKKEI": 23.1, "TANBOKUZAISEKI": 0.281, "JUKANCHORITSU": 19, "KEIJOHI": 62, "SHURYOHISU": 0, "DATANENDO": 2023, "UNIQUENO": 61305485, "ADDDATE": "2024-03-29", "ADDTENANT": "17000F", "ADDUSER": "kikaku", "EDITDATE": "2024-03-29", "EDITTENANT": null, "EDITUSER": null, "X": -35123.75, "Y": 65906.250000001906 }, "geometry": { "type": "Point", "coordinates": [ -35123.75, 65906.250000001906301 ] } },
{ "type": "Feature", "properties": { "JYUSYU": "スギ", "JYUKO": 24.2, "CHOKKEI": 49.7, "TANBOKUZAISEKI": 1.909, "JUKANCHORITSU": 76, "KEIJOHI": 49, "SHURYOHISU": 0, "DATANENDO": 2023, "UNIQUENO": 61305486, "ADDDATE": "2024-03-29", "ADDTENANT": "17000F", "ADDUSER": "kikaku", "EDITDATE": "2024-03-29", "EDITTENANT": null, "EDITUSER": null, "X": -35045.75, "Y": 65906.250000001906 }, "geometry": { "type": "Point", "coordinates": [ -35045.75, 65906.250000001906301 ] } },
{ "type": "Feature", "properties": { "JYUSYU": "スギ", "JYUKO": 26.0, "CHOKKEI": 40.6, "TANBOKUZAISEKI": 1.418, "JUKANCHORITSU": 32, "KEIJOHI": 64, "SHURYOHISU": 0, "DATANENDO": 2023, "UNIQUENO": 61305487, "ADDDATE": "2024-03-29", "ADDTENANT": "17000F", "ADDUSER": "kikaku", "EDITDATE": "2024-03-29", "EDITTENANT": null, "EDITUSER": null, "X": -35012.249999999098, "Y": 65906.250000001906 }, "geometry": { "type": "Point", "coordinates": [ -35012.249999999097781, 65906.250000001906301 ] } },
{ "type": "Feature", "properties": { "JYUSYU": "スギ", "JYUKO": 24.2, "CHOKKEI": 42.1, "TANBOKUZAISEKI": 1.411, "JUKANCHORITSU": 40, "KEIJOHI": 58, "SHURYOHISU": 0, "DATANENDO": 2023, "UNIQUENO": 61305488, "ADDDATE": "2024-03-29", "ADDTENANT": "17000F", "ADDUSER": "kikaku", "EDITDATE": "2024-03-29", "EDITTENANT": null, "EDITUSER": null, "X": -35064.25, "Y": 65905.250000001906 }, "geometry": { "type": "Point", "coordinates": [ -35064.25, 65905.250000001906301 ] } },
{ "type": "Feature", "properties": { "JYUSYU": "スギ", "JYUKO": 19.6, "CHOKKEI": 32.6, "TANBOKUZAISEKI": 0.718, "JUKANCHORITSU": 57, "KEIJOHI": 60, "SHURYOHISU": 0, "DATANENDO": 2023, "UNIQUENO": 61305489, "ADDDATE": "2024-03-29", "ADDTENANT": "17000F", "ADDUSER": "kikaku", "EDITDATE": "2024-03-29", "EDITTENANT": null, "EDITUSER": null, "X": -35041.749999998101, "Y": 65905.250000001906 }, "geometry": { "type": "Point", "coordinates": [ -35041.749999998100975, 65905.250000001906301 ] } },
{ "type": "Feature", "properties": { "JYUSYU": "スギ", "JYUKO": 24.1, "CHOKKEI": 40.3, "TANBOKUZAISEKI": 1.296, "JUKANCHORITSU": 49, "KEIJOHI": 60, "SHURYOHISU": 0, "DATANENDO": 2023, "UNIQUENO": 61305490, "ADDDATE": "2024-03-29", "ADDTENANT": "17000F", "ADDUSER": "kikaku", "EDITDATE": "2024-03-29", "EDITTENANT": null, "EDITUSER": null, "X": -35118.749999999098, "Y": 65904.750000001906 }, "geometry": { "type": "Point", "coordinates": [ -35118.749999999097781, 65904.750000001906301 ] } },
{ "type": "Feature", "properties": { "JYUSYU": "スギ", "JYUKO": 16.8, "CHOKKEI": 27.6, "TANBOKUZAISEKI": 0.453, "JUKANCHORITSU": 31, "KEIJOHI": 61, "SHURYOHISU": 0, "DATANENDO": 2023, "UNIQUENO": 61305491, "ADDDATE": "2024-03-29", "ADDTENANT": "17000F", "ADDUSER": "kikaku", "EDITDATE": "2024-03-29", "EDITTENANT": null, "EDITUSER": null, "X": -35072.249999999098, "Y": 65904.750000001906 }, "geometry": { "type": "Point", "coordinates": [ -35072.249999999097781, 65904.750000001906301 ] } },
{ "type": "Feature", "properties": { "JYUSYU": "スギ", "JYUKO": 27.2, "CHOKKEI": 50.9, "TANBOKUZAISEKI": 2.233, "JUKANCHORITSU": 61, "KEIJOHI": 53, "SHURYOHISU": 0, "DATANENDO": 2023, "UNIQUENO": 61305492, "ADDDATE": "2024-03-29", "ADDTENANT": "17000F", "ADDUSER": "kikaku", "EDITDATE": "2024-03-29", "EDITTENANT": null, "EDITUSER": null, "X": -35054.25, "Y": 65904.750000001906 }, "geometry": { "type": "Point", "coordinates": [ -35054.25, 65904.750000001906301 ] } },
{ "type": "Feature", "properties": { "JYUSYU": "スギ", "JYUKO": 17.6, "CHOKKEI": 34.8, "TANBOKUZAISEKI": 0.724, "JUKANCHORITSU": 52, "KEIJOHI": 51, "SHURYOHISU": 0, "DATANENDO": 2023, "UNIQUENO": 61305494, "ADDDATE": "2024-03-29", "ADDTENANT": "17000F", "ADDUSER": "kikaku", "EDITDATE": "2024-03-29", "EDITTENANT": null, "EDITUSER": null, "X": -35035.249999999098, "Y": 65904.25 }, "geometry": { "type": "Point", "coordinates": [ -35035.249999999097781, 65904.25 ] } },
{ "type": "Feature", "properties": { "JYUSYU": "スギ", "JYUKO": 22.2, "CHOKKEI": 30.8, "TANBOKUZAISEKI": 0.733, "JUKANCHORITSU": 25, "KEIJOHI": 72, "SHURYOHISU": 0, "DATANENDO": 2023, "UNIQUENO": 61305495, "ADDDATE": "2024-03-29", "ADDTENANT": "17000F", "ADDUSER": "kikaku", "EDITDATE": "2024-03-29", "EDITTENANT": null, "EDITUSER": null, "X": -35007.25, "Y": 65904.25 }, "geometry": { "type": "Point", "coordinates": [ -35007.25, 65904.25 ] } },
{ "type": "Feature", "properties": { "JYUSYU": "スギ", "JYUKO": 27.9, "CHOKKEI": 39.7, "TANBOKUZAISEKI": 1.461, "JUKANCHORITSU": 28, "KEIJOHI": 70, "SHURYOHISU": 0, "DATANENDO": 2023, "UNIQUENO": 61305496, "ADDDATE": "2024-03-29", "ADDTENANT": "17000F", "ADDUSER": "kikaku", "EDITDATE": "2024-03-29", "EDITTENANT": null, "EDITUSER": null, "X": -35000.25, "Y": 65904.25 }, "geometry": { "type": "Point", "coordinates": [ -35000.25, 65904.25 ] } },
{ "type": "Feature", "properties": { "JYUSYU": "スギ", "JYUKO": 22.4, "CHOKKEI": 37.6, "TANBOKUZAISEKI": 1.06, "JUKANCHORITSU": 59, "KEIJOHI": 60, "SHURYOHISU": 0, "DATANENDO": 2023, "UNIQUENO": 61305498, "ADDDATE": "2024-03-29", "ADDTENANT": "17000F", "ADDUSER": "kikaku", "EDITDATE": "2024-03-29", "EDITTENANT": null, "EDITUSER": null, "X": -35104.749999999098, "Y": 65903.250000001906 }, "geometry": { "type": "Point", "coordinates": [ -35104.749999999097781, 65903.250000001906301 ] } },
{ "type": "Feature", "properties": { "JYUSYU": "スギ", "JYUKO": 18.7, "CHOKKEI": 36.4, "TANBOKUZAISEKI": 0.834, "JUKANCHORITSU": 65, "KEIJOHI": 51, "SHURYOHISU": 0, "DATANENDO": 2023, "UNIQUENO": 61305499, "ADDDATE": "2024-03-29", "ADDTENANT": "17000F", "ADDUSER": "kikaku", "EDITDATE": "2024-03-29", "EDITTENANT": null, "EDITUSER": null, "X": -35094.250000000902, "Y": 65903.250000001906 }, "geometry": { "type": "Point", "coordinates": [ -35094.250000000902219, 65903.250000001906301 ] } },
{ "type": "Feature", "properties": { "JYUSYU": "スギ", "JYUKO": 16.9, "CHOKKEI": 29.1, "TANBOKUZAISEKI": 0.505, "JUKANCHORITSU": 93, "KEIJOHI": 58, "SHURYOHISU": 0, "DATANENDO": 2023, "UNIQUENO": 61305500, "ADDDATE": "2024-03-29", "ADDTENANT": "17000F", "ADDUSER": "kikaku", "EDITDATE": "2024-03-29", "EDITTENANT": null, "EDITUSER": null, "X": -35073.249999999098, "Y": 65903.250000001906 }, "geometry": { "type": "Point", "coordinates": [ -35073.249999999097781, 65903.250000001906301 ] } },
{ "type": "Feature", "properties": { "JYUSYU": "スギ", "JYUKO": 23.7, "CHOKKEI": 40.4, "TANBOKUZAISEKI": 1.28, "JUKANCHORITSU": 38, "KEIJOHI": 59, "SHURYOHISU": 0, "DATANENDO": 2023, "UNIQUENO": 61305501, "ADDDATE": "2024-03-29", "ADDTENANT": "17000F", "ADDUSER": "kikaku", "EDITDATE": "2024-03-29", "EDITTENANT": null, "EDITUSER": null, "X": -34985.249999999098, "Y": 65903.250000001906 }, "geometry": { "type": "Point", "coordinates": [ -34985.249999999097781, 65903.250000001906301 ] } },
{ "type": "Feature", "properties": { "JYUSYU": "スギ", "JYUKO": 12.7, "CHOKKEI": 23.0, "TANBOKUZAISEKI": 0.246, "JUKANCHORITSU": 90, "KEIJOHI": 55, "SHURYOHISU": 0, "DATANENDO": 2023, "UNIQUENO": 61305502, "ADDDATE": "2024-03-29", "ADDTENANT": "17000F", "ADDUSER": "kikaku", "EDITDATE": "2024-03-29", "EDITTENANT": null, "EDITUSER": null, "X": -35088.25, "Y": 65902.75 }, "geometry": { "type": "Point", "coordinates": [ -35088.25, 65902.75 ] } },
{ "type": "Feature", "properties": { "JYUSYU": "スギ", "JYUKO": 17.2, "CHOKKEI": 28.4, "TANBOKUZAISEKI": 0.491, "JUKANCHORITSU": 14, "KEIJOHI": 61, "SHURYOHISU": 0, "DATANENDO": 2023, "UNIQUENO": 61305503, "ADDDATE": "2024-03-29", "ADDTENANT": "17000F", "ADDUSER": "kikaku", "EDITDATE": "2024-03-29", "EDITTENANT": null, "EDITUSER": null, "X": -35069.75, "Y": 65902.75 }, "geometry": { "type": "Point", "coordinates": [ -35069.75, 65902.75 ] } },
{ "type": "Feature", "properties": { "JYUSYU": "スギ", "JYUKO": 18.1, "CHOKKEI": 27.6, "TANBOKUZAISEKI": 0.486, "JUKANCHORITSU": 41, "KEIJOHI": 66, "SHURYOHISU": 0, "DATANENDO": 2023, "UNIQUENO": 61305504, "ADDDATE": "2024-03-29", "ADDTENANT": "17000F", "ADDUSER": "kikaku", "EDITDATE": "2024-03-29", "EDITTENANT": null, "EDITUSER": null, "X": -35045.75, "Y": 65902.75 }, "geometry": { "type": "Point", "coordinates": [ -35045.75, 65902.75 ] } },
{ "type": "Feature", "properties": { "JYUSYU": "スギ", "JYUKO": 29.2, "CHOKKEI": 54.9, "TANBOKUZAISEKI": 2.753, "JUKANCHORITSU": 53, "KEIJOHI": 53, "SHURYOHISU": 0, "DATANENDO": 2023, "UNIQUENO": 61305505, "ADDDATE": "2024-03-29", "ADDTENANT": "17000F", "ADDUSER": "kikaku", "EDITDATE": "2024-03-29", "EDITTENANT": null, "EDITUSER": null, "X": -35058.749999998101, "Y": 65902.25 }, "geometry": { "type": "Point", "coordinates": [ -35058.749999998100975, 65902.25 ] } },
{ "type": "Feature", "properties": { "JYUSYU": "スギ", "JYUKO": 27.1, "CHOKKEI": 45.6, "TANBOKUZAISEKI": 1.818, "JUKANCHORITSU": 49, "KEIJOHI": 59, "SHURYOHISU": 0, "DATANENDO": 2023, "UNIQUENO": 61305506, "ADDDATE": "2024-03-29", "ADDTENANT": "17000F", "ADDUSER": "kikaku", "EDITDATE": "2024-03-29", "EDITTENANT": null, "EDITUSER": null, "X": -35002.249999999098, "Y": 65902.25 }, "geometry": { "type": "Point", "coordinates": [ -35002.249999999097781, 65902.25 ] } },
{ "type": "Feature", "properties": { "JYUSYU": "スギ", "JYUKO": 21.6, "CHOKKEI": 38.5, "TANBOKUZAISEKI": 1.068, "JUKANCHORITSU": 47, "KEIJOHI": 56, "SHURYOHISU": 0, "DATANENDO": 2023, "UNIQUENO": 61305508, "ADDDATE": "2024-03-29", "ADDTENANT": "17000F", "ADDUSER": "kikaku", "EDITDATE": "2024-03-29", "EDITTENANT": null, "EDITUSER": null, "X": -35119.75, "Y": 65901.750000001906 }, "geometry": { "type": "Point", "coordinates": [ -35119.75, 65901.750000001906301 ] } },
{ "type": "Feature", "properties": { "JYUSYU": "スギ", "JYUKO": 24.4, "CHOKKEI": 45.4, "TANBOKUZAISEKI": 1.63, "JUKANCHORITSU": 67, "KEIJOHI": 54, "SHURYOHISU": 0, "DATANENDO": 2023, "UNIQUENO": 61305509, "ADDDATE": "2024-03-29", "ADDTENANT": "17000F", "ADDUSER": "kikaku", "EDITDATE": "2024-03-29", "EDITTENANT": null, "EDITUSER": null, "X": -34980.749999999098, "Y": 65901.750000001906 }, "geometry": { "type": "Point", "coordinates": [ -34980.749999999097781, 65901.750000001906301 ] } },
{ "type": "Feature", "properties": { "JYUSYU": "スギ", "JYUKO": 18.6, "CHOKKEI": 22.3, "TANBOKUZAISEKI": 0.339, "JUKANCHORITSU": 15, "KEIJOHI": 83, "SHURYOHISU": 0, "DATANENDO": 2023, "UNIQUENO": 61305510, "ADDDATE": "2024-03-29", "ADDTENANT": "17000F", "ADDUSER": "kikaku", "EDITDATE": "2024-03-29", "EDITTENANT": null, "EDITUSER": null, "X": -35043.249999998101, "Y": 65901.25 }, "geometry": { "type": "Point", "coordinates": [ -35043.249999998100975, 65901.25 ] } },
{ "type": "Feature", "properties": { "JYUSYU": "スギ", "JYUKO": 27.2, "CHOKKEI": 55.6, "TANBOKUZAISEKI": 2.624, "JUKANCHORITSU": 92, "KEIJOHI": 49, "SHURYOHISU": 0, "DATANENDO": 2023, "UNIQUENO": 61305511, "ADDDATE": "2024-03-29", "ADDTENANT": "17000F", "ADDUSER": "kikaku", "EDITDATE": "2024-03-29", "EDITTENANT": null, "EDITUSER": null, "X": -35031.25, "Y": 65901.25 }, "geometry": { "type": "Point", "coordinates": [ -35031.25, 65901.25 ] } },
{ "type": "Feature", "properties": { "JYUSYU": "スギ", "JYUKO": 27.7, "CHOKKEI": 55.8, "TANBOKUZAISEKI": 2.696, "JUKANCHORITSU": 39, "KEIJOHI": 50, "SHURYOHISU": 0, "DATANENDO": 2023, "UNIQUENO": 61305512, "ADDDATE": "2024-03-29", "ADDTENANT": "17000F", "ADDUSER": "kikaku", "EDITDATE": "2024-03-29", "EDITTENANT": null, "EDITUSER": null, "X": -35013.249999998101, "Y": 65901.25 }, "geometry": { "type": "Point", "coordinates": [ -35013.249999998100975, 65901.25 ] } },
{ "type": "Feature", "properties": { "JYUSYU": "スギ", "JYUKO": 17.1, "CHOKKEI": 31.3, "TANBOKUZAISEKI": 0.581, "JUKANCHORITSU": 53, "KEIJOHI": 55, "SHURYOHISU": 0, "DATANENDO": 2023, "UNIQUENO": 61305514, "ADDDATE": "2024-03-29", "ADDTENANT": "17000F", "ADDUSER": "kikaku", "EDITDATE": "2024-03-29", "EDITTENANT": null, "EDITUSER": null, "X": -35092.75, "Y": 65900.75 }, "geometry": { "type": "Point", "coordinates": [ -35092.75, 65900.75 ] } },
{ "type": "Feature", "properties": { "JYUSYU": "スギ", "JYUKO": 27.4, "CHOKKEI": 50.1, "TANBOKUZAISEKI": 2.188, "JUKANCHORITSU": 46, "KEIJOHI": 55, "SHURYOHISU": 0, "DATANENDO": 2023, "UNIQUENO": 61305515, "ADDDATE": "2024-03-29", "ADDTENANT": "17000F", "ADDUSER": "kikaku", "EDITDATE": "2024-03-29", "EDITTENANT": null, "EDITUSER": null, "X": -34990.25, "Y": 65900.75 }, "geometry": { "type": "Point", "coordinates": [ -34990.25, 65900.75 ] } },
{ "type": "Feature", "properties": { "JYUSYU": "スギ", "JYUKO": 25.6, "CHOKKEI": 45.6, "TANBOKUZAISEKI": 1.724, "JUKANCHORITSU": 64, "KEIJOHI": 56, "SHURYOHISU": 0, "DATANENDO": 2023, "UNIQUENO": 61305516, "ADDDATE": "2024-03-29", "ADDTENANT": "17000F", "ADDUSER": "kikaku", "EDITDATE": "2024-03-29", "EDITTENANT": null, "EDITUSER": null, "X": -34977.25, "Y": 65900.75 }, "geometry": { "type": "Point", "coordinates": [ -34977.25, 65900.75 ] } },
{ "type": "Feature", "properties": { "JYUSYU": "スギ", "JYUKO": 21.4, "CHOKKEI": 39.9, "TANBOKUZAISEKI": 1.128, "JUKANCHORITSU": 81, "KEIJOHI": 54, "SHURYOHISU": 0, "DATANENDO": 2023, "UNIQUENO": 61305518, "ADDDATE": "2024-03-29", "ADDTENANT": "17000F", "ADDUSER": "kikaku", "EDITDATE": "2024-03-29", "EDITTENANT": null, "EDITUSER": null, "X": -35065.75, "Y": 65900.250000001906 }, "geometry": { "type": "Point", "coordinates": [ -35065.75, 65900.250000001906301 ] } },
{ "type": "Feature", "properties": { "JYUSYU": "スギ", "JYUKO": 21.3, "CHOKKEI": 30.9, "TANBOKUZAISEKI": 0.707, "JUKANCHORITSU": 32, "KEIJOHI": 69, "SHURYOHISU": 0, "DATANENDO": 2023, "UNIQUENO": 61305520, "ADDDATE": "2024-03-29", "ADDTENANT": "17000F", "ADDUSER": "kikaku", "EDITDATE": "2024-03-29", "EDITTENANT": null, "EDITUSER": null, "X": -35037.25, "Y": 65899.749999998094 }, "geometry": { "type": "Point", "coordinates": [ -35037.25, 65899.749999998093699 ] } },
{ "type": "Feature", "properties": { "JYUSYU": "スギ", "JYUKO": 26.7, "CHOKKEI": 54.0, "TANBOKUZAISEKI": 2.45, "JUKANCHORITSU": 64, "KEIJOHI": 49, "SHURYOHISU": 0, "DATANENDO": 2023, "UNIQUENO": 61305521, "ADDDATE": "2024-03-29", "ADDTENANT": "17000F", "ADDUSER": "kikaku", "EDITDATE": "2024-03-29", "EDITTENANT": null, "EDITUSER": null, "X": -35007.749999999098, "Y": 65899.749999998094 }, "geometry": { "type": "Point", "coordinates": [ -35007.749999999097781, 65899.749999998093699 ] } },
{ "type": "Feature", "properties": { "JYUSYU": "スギ", "JYUKO": 23.0, "CHOKKEI": 36.5, "TANBOKUZAISEKI": 1.029, "JUKANCHORITSU": 45, "KEIJOHI": 63, "SHURYOHISU": 0, "DATANENDO": 2023, "UNIQUENO": 61305522, "ADDDATE": "2024-03-29", "ADDTENANT": "17000F", "ADDUSER": "kikaku", "EDITDATE": "2024-03-29", "EDITTENANT": null, "EDITUSER": null, "X": -35045.75, "Y": 65899.25 }, "geometry": { "type": "Point", "coordinates": [ -35045.75, 65899.25 ] } },
{ "type": "Feature", "properties": { "JYUSYU": "スギ", "JYUKO": 27.5, "CHOKKEI": 51.1, "TANBOKUZAISEKI": 2.276, "JUKANCHORITSU": 63, "KEIJOHI": 54, "SHURYOHISU": 0, "DATANENDO": 2023, "UNIQUENO": 61305523, "ADDDATE": "2024-03-29", "ADDTENANT": "17000F", "ADDUSER": "kikaku", "EDITDATE": "2024-03-29", "EDITTENANT": null, "EDITUSER": null, "X": -35051.749999998101, "Y": 65898.750000001906 }, "geometry": { "type": "Point", "coordinates": [ -35051.749999998100975, 65898.750000001906301 ] } },
{ "type": "Feature", "properties": { "JYUSYU": "スギ", "JYUKO": 24.0, "CHOKKEI": 42.0, "TANBOKUZAISEKI": 1.394, "JUKANCHORITSU": 36, "KEIJOHI": 57, "SHURYOHISU": 0, "DATANENDO": 2023, "UNIQUENO": 61305524, "ADDDATE": "2024-03-29", "ADDTENANT": "17000F", "ADDUSER": "kikaku", "EDITDATE": "2024-03-29", "EDITTENANT": null, "EDITUSER": null, "X": -35039.75, "Y": 65898.750000001906 }, "geometry": { "type": "Point", "coordinates": [ -35039.75, 65898.750000001906301 ] } },
{ "type": "Feature", "properties": { "JYUSYU": "スギ", "JYUKO": 24.3, "CHOKKEI": 43.9, "TANBOKUZAISEKI": 1.529, "JUKANCHORITSU": 37, "KEIJOHI": 55, "SHURYOHISU": 0, "DATANENDO": 2023, "UNIQUENO": 61305525, "ADDDATE": "2024-03-29", "ADDTENANT": "17000F", "ADDUSER": "kikaku", "EDITDATE": "2024-03-29", "EDITTENANT": null, "EDITUSER": null, "X": -34988.249999999098, "Y": 65898.750000001906 }, "geometry": { "type": "Point", "coordinates": [ -34988.249999999097781, 65898.750000001906301 ] } },
{ "type": "Feature", "properties": { "JYUSYU": "スギ", "JYUKO": 21.0, "CHOKKEI": 35.0, "TANBOKUZAISEKI": 0.874, "JUKANCHORITSU": 40, "KEIJOHI": 60, "SHURYOHISU": 0, "DATANENDO": 2023, "UNIQUENO": 61305527, "ADDDATE": "2024-03-29", "ADDTENANT": "17000F", "ADDUSER": "kikaku", "EDITDATE": "2024-03-29", "EDITTENANT": null, "EDITUSER": null, "X": -35126.249999999098, "Y": 65897.75 }, "geometry": { "type": "Point", "coordinates": [ -35126.249999999097781, 65897.75 ] } },
{ "type": "Feature", "properties": { "JYUSYU": "スギ", "JYUKO": 20.9, "CHOKKEI": 36.9, "TANBOKUZAISEKI": 0.956, "JUKANCHORITSU": 36, "KEIJOHI": 57, "SHURYOHISU": 0, "DATANENDO": 2023, "UNIQUENO": 61305528, "ADDDATE": "2024-03-29", "ADDTENANT": "17000F", "ADDUSER": "kikaku", "EDITDATE": "2024-03-29", "EDITTENANT": null, "EDITUSER": null, "X": -35121.749999999098, "Y": 65897.75 }, "geometry": { "type": "Point", "coordinates": [ -35121.749999999097781, 65897.75 ] } },
{ "type": "Feature", "properties": { "JYUSYU": "スギ", "JYUKO": 26.9, "CHOKKEI": 53.0, "TANBOKUZAISEKI": 2.384, "JUKANCHORITSU": 76, "KEIJOHI": 51, "SHURYOHISU": 0, "DATANENDO": 2023, "UNIQUENO": 61305529, "ADDDATE": "2024-03-29", "ADDTENANT": "17000F", "ADDUSER": "kikaku", "EDITDATE": "2024-03-29", "EDITTENANT": null, "EDITUSER": null, "X": -35113.75, "Y": 65897.75 }, "geometry": { "type": "Point", "coordinates": [ -35113.75, 65897.75 ] } },
{ "type": "Feature", "properties": { "JYUSYU": "スギ", "JYUKO": 22.6, "CHOKKEI": 29.9, "TANBOKUZAISEKI": 0.706, "JUKANCHORITSU": 20, "KEIJOHI": 76, "SHURYOHISU": 0, "DATANENDO": 2023, "UNIQUENO": 61305530, "ADDDATE": "2024-03-29", "ADDTENANT": "17000F", "ADDUSER": "kikaku", "EDITDATE": "2024-03-29", "EDITTENANT": null, "EDITUSER": null, "X": -35044.25, "Y": 65897.75 }, "geometry": { "type": "Point", "coordinates": [ -35044.25, 65897.75 ] } },
{ "type": "Feature", "properties": { "JYUSYU": "スギ", "JYUKO": 21.9, "CHOKKEI": 37.7, "TANBOKUZAISEKI": 1.041, "JUKANCHORITSU": 21, "KEIJOHI": 58, "SHURYOHISU": 0, "DATANENDO": 2023, "UNIQUENO": 61305531, "ADDDATE": "2024-03-29", "ADDTENANT": "17000F", "ADDUSER": "kikaku", "EDITDATE": "2024-03-29", "EDITTENANT": null, "EDITUSER": null, "X": -35019.249999999098, "Y": 65897.75 }, "geometry": { "type": "Point", "coordinates": [ -35019.249999999097781, 65897.75 ] } },
{ "type": "Feature", "properties": { "JYUSYU": "スギ", "JYUKO": 22.2, "CHOKKEI": 40.1, "TANBOKUZAISEKI": 1.182, "JUKANCHORITSU": 43, "KEIJOHI": 55, "SHURYOHISU": 0, "DATANENDO": 2023, "UNIQUENO": 61305533, "ADDDATE": "2024-03-29", "ADDTENANT": "17000F", "ADDUSER": "kikaku", "EDITDATE": "2024-03-29", "EDITTENANT": null, "EDITUSER": null, "X": -35046.75, "Y": 65896.750000003696 }, "geometry": { "type": "Point", "coordinates": [ -35046.75, 65896.750000003696186 ] } },
{ "type": "Feature", "properties": { "JYUSYU": "スギ", "JYUKO": 33.2, "CHOKKEI": 64.7, "TANBOKUZAISEKI": 4.221, "JUKANCHORITSU": 53, "KEIJOHI": 51, "SHURYOHISU": 0, "DATANENDO": 2023, "UNIQUENO": 61305536, "ADDDATE": "2024-03-29", "ADDTENANT": "17000F", "ADDUSER": "kikaku", "EDITDATE": "2024-03-29", "EDITTENANT": null, "EDITUSER": null, "X": -35026.249999999098, "Y": 65896.25 }, "geometry": { "type": "Point", "coordinates": [ -35026.249999999097781, 65896.25 ] } },
{ "type": "Feature", "properties": { "JYUSYU": "スギ", "JYUKO": 26.4, "CHOKKEI": 52.9, "TANBOKUZAISEKI": 2.328, "JUKANCHORITSU": 63, "KEIJOHI": 50, "SHURYOHISU": 0, "DATANENDO": 2023, "UNIQUENO": 61305537, "ADDDATE": "2024-03-29", "ADDTENANT": "17000F", "ADDUSER": "kikaku", "EDITDATE": "2024-03-29", "EDITTENANT": null, "EDITUSER": null, "X": -34998.75, "Y": 65896.25 }, "geometry": { "type": "Point", "coordinates": [ -34998.75, 65896.25 ] } },
{ "type": "Feature", "properties": { "JYUSYU": "スギ", "JYUKO": 27.2, "CHOKKEI": 55.4, "TANBOKUZAISEKI": 2.606, "JUKANCHORITSU": 78, "KEIJOHI": 49, "SHURYOHISU": 0, "DATANENDO": 2023, "UNIQUENO": 61305538, "ADDDATE": "2024-03-29", "ADDTENANT": "17000F", "ADDUSER": "kikaku", "EDITDATE": "2024-03-29", "EDITTENANT": null, "EDITUSER": null, "X": -35060.249999998101, "Y": 65895.750000001906 }, "geometry": { "type": "Point", "coordinates": [ -35060.249999998100975, 65895.750000001906301 ] } },
{ "type": "Feature", "properties": { "JYUSYU": "スギ", "JYUKO": 23.4, "CHOKKEI": 44.0, "TANBOKUZAISEKI": 1.472, "JUKANCHORITSU": 43, "KEIJOHI": 53, "SHURYOHISU": 0, "DATANENDO": 2023, "UNIQUENO": 61305539, "ADDDATE": "2024-03-29", "ADDTENANT": "17000F", "ADDUSER": "kikaku", "EDITDATE": "2024-03-29", "EDITTENANT": null, "EDITUSER": null, "X": -34978.249999999098, "Y": 65895.750000001906 }, "geometry": { "type": "Point", "coordinates": [ -34978.249999999097781, 65895.750000001906301 ] } },
{ "type": "Feature", "properties": { "JYUSYU": "スギ", "JYUKO": 23.4, "CHOKKEI": 39.9, "TANBOKUZAISEKI": 1.231, "JUKANCHORITSU": 40, "KEIJOHI": 59, "SHURYOHISU": 0, "DATANENDO": 2023, "UNIQUENO": 61305541, "ADDDATE": "2024-03-29", "ADDTENANT": "17000F", "ADDUSER": "kikaku", "EDITDATE": "2024-03-29", "EDITTENANT": null, "EDITUSER": null, "X": -35116.75, "Y": 65895.250000003696 }, "geometry": { "type": "Point", "coordinates": [ -35116.75, 65895.250000003696186 ] } },
{ "type": "Feature", "properties": { "JYUSYU": "スギ", "JYUKO": 25.8, "CHOKKEI": 48.2, "TANBOKUZAISEKI": 1.927, "JUKANCHORITSU": 47, "KEIJOHI": 54, "SHURYOHISU": 0, "DATANENDO": 2023, "UNIQUENO": 61305542, "ADDDATE": "2024-03-29", "ADDTENANT": "17000F", "ADDUSER": "kikaku", "EDITDATE": "2024-03-29", "EDITTENANT": null, "EDITUSER": null, "X": -34990.25, "Y": 65895.250000003696 }, "geometry": { "type": "Point", "coordinates": [ -34990.25, 65895.250000003696186 ] } },
{ "type": "Feature", "properties": { "JYUSYU": "スギ", "JYUKO": 21.6, "CHOKKEI": 28.7, "TANBOKUZAISEKI": 0.622, "JUKANCHORITSU": 19, "KEIJOHI": 75, "SHURYOHISU": 0, "DATANENDO": 2023, "UNIQUENO": 61305546, "ADDDATE": "2024-03-29", "ADDTENANT": "17000F", "ADDUSER": "kikaku", "EDITDATE": "2024-03-29", "EDITTENANT": null, "EDITUSER": null, "X": -35056.249999999098, "Y": 65894.250000001906 }, "geometry": { "type": "Point", "coordinates": [ -35056.249999999097781, 65894.250000001906301 ] } },
{ "type": "Feature", "properties": { "JYUSYU": "スギ", "JYUKO": 22.4, "CHOKKEI": 37.0, "TANBOKUZAISEKI": 1.027, "JUKANCHORITSU": 46, "KEIJOHI": 61, "SHURYOHISU": 0, "DATANENDO": 2023, "UNIQUENO": 61305547, "ADDDATE": "2024-03-29", "ADDTENANT": "17000F", "ADDUSER": "kikaku", "EDITDATE": "2024-03-29", "EDITTENANT": null, "EDITUSER": null, "X": -35053.749999999098, "Y": 65894.250000001906 }, "geometry": { "type": "Point", "coordinates": [ -35053.749999999097781, 65894.250000001906301 ] } },
{ "type": "Feature", "properties": { "JYUSYU": "スギ", "JYUKO": 25.8, "CHOKKEI": 40.1, "TANBOKUZAISEKI": 1.374, "JUKANCHORITSU": 36, "KEIJOHI": 64, "SHURYOHISU": 0, "DATANENDO": 2023, "UNIQUENO": 61305548, "ADDDATE": "2024-03-29", "ADDTENANT": "17000F", "ADDUSER": "kikaku", "EDITDATE": "2024-03-29", "EDITTENANT": null, "EDITUSER": null, "X": -35041.25, "Y": 65894.250000001906 }, "geometry": { "type": "Point", "coordinates": [ -35041.25, 65894.250000001906301 ] } },
{ "type": "Feature", "properties": { "JYUSYU": "スギ", "JYUKO": 17.3, "CHOKKEI": 33.2, "TANBOKUZAISEKI": 0.651, "JUKANCHORITSU": 30, "KEIJOHI": 52, "SHURYOHISU": 0, "DATANENDO": 2023, "UNIQUENO": 61305549, "ADDDATE": "2024-03-29", "ADDTENANT": "17000F", "ADDUSER": "kikaku", "EDITDATE": "2024-03-29", "EDITTENANT": null, "EDITUSER": null, "X": -35015.249999999098, "Y": 65894.250000001906 }, "geometry": { "type": "Point", "coordinates": [ -35015.249999999097781, 65894.250000001906301 ] } },
{ "type": "Feature", "properties": { "JYUSYU": "スギ", "JYUKO": 27.8, "CHOKKEI": 52.2, "TANBOKUZAISEKI": 2.391, "JUKANCHORITSU": 64, "KEIJOHI": 53, "SHURYOHISU": 0, "DATANENDO": 2023, "UNIQUENO": 61305550, "ADDDATE": "2024-03-29", "ADDTENANT": "17000F", "ADDUSER": "kikaku", "EDITDATE": "2024-03-29", "EDITTENANT": null, "EDITUSER": null, "X": -35038.75, "Y": 65893.750000003696 }, "geometry": { "type": "Point", "coordinates": [ -35038.75, 65893.750000003696186 ] } },
{ "type": "Feature", "properties": { "JYUSYU": "スギ", "JYUKO": 15.2, "CHOKKEI": 29.2, "TANBOKUZAISEKI": 0.456, "JUKANCHORITSU": 59, "KEIJOHI": 52, "SHURYOHISU": 0, "DATANENDO": 2023, "UNIQUENO": 61305552, "ADDDATE": "2024-03-29", "ADDTENANT": "17000F", "ADDUSER": "kikaku", "EDITDATE": "2024-03-29", "EDITTENANT": null, "EDITUSER": null, "X": -35127.249999999098, "Y": 65892.750000001906 }, "geometry": { "type": "Point", "coordinates": [ -35127.249999999097781, 65892.750000001906301 ] } },
{ "type": "Feature", "properties": { "JYUSYU": "スギ", "JYUKO": 22.9, "CHOKKEI": 37.7, "TANBOKUZAISEKI": 1.085, "JUKANCHORITSU": 45, "KEIJOHI": 61, "SHURYOHISU": 0, "DATANENDO": 2023, "UNIQUENO": 61305553, "ADDDATE": "2024-03-29", "ADDTENANT": "17000F", "ADDUSER": "kikaku", "EDITDATE": "2024-03-29", "EDITTENANT": null, "EDITUSER": null, "X": -35118.25, "Y": 65892.750000001906 }, "geometry": { "type": "Point", "coordinates": [ -35118.25, 65892.750000001906301 ] } },
{ "type": "Feature", "properties": { "JYUSYU": "スギ", "JYUKO": 25.9, "CHOKKEI": 48.7, "TANBOKUZAISEKI": 1.967, "JUKANCHORITSU": 70, "KEIJOHI": 53, "SHURYOHISU": 0, "DATANENDO": 2023, "UNIQUENO": 61305554, "ADDDATE": "2024-03-29", "ADDTENANT": "17000F", "ADDUSER": "kikaku", "EDITDATE": "2024-03-29", "EDITTENANT": null, "EDITUSER": null, "X": -35110.75, "Y": 65892.750000001906 }, "geometry": { "type": "Point", "coordinates": [ -35110.75, 65892.750000001906301 ] } },
{ "type": "Feature", "properties": { "JYUSYU": "スギ", "JYUKO": 28.1, "CHOKKEI": 48.0, "TANBOKUZAISEKI": 2.069, "JUKANCHORITSU": 80, "KEIJOHI": 59, "SHURYOHISU": 0, "DATANENDO": 2023, "UNIQUENO": 61305555, "ADDDATE": "2024-03-29", "ADDTENANT": "17000F", "ADDUSER": "kikaku", "EDITDATE": "2024-03-29", "EDITTENANT": null, "EDITUSER": null, "X": -35028.25, "Y": 65892.750000001906 }, "geometry": { "type": "Point", "coordinates": [ -35028.25, 65892.750000001906301 ] } },
{ "type": "Feature", "properties": { "JYUSYU": "スギ", "JYUKO": 21.8, "CHOKKEI": 41.0, "TANBOKUZAISEKI": 1.209, "JUKANCHORITSU": 29, "KEIJOHI": 53, "SHURYOHISU": 0, "DATANENDO": 2023, "UNIQUENO": 61305556, "ADDDATE": "2024-03-29", "ADDTENANT": "17000F", "ADDUSER": "kikaku", "EDITDATE": "2024-03-29", "EDITTENANT": null, "EDITUSER": null, "X": -35020.749999999098, "Y": 65892.250000003696 }, "geometry": { "type": "Point", "coordinates": [ -35020.749999999097781, 65892.250000003696186 ] } },
{ "type": "Feature", "properties": { "JYUSYU": "スギ", "JYUKO": 16.5, "CHOKKEI": 27.1, "TANBOKUZAISEKI": 0.43, "JUKANCHORITSU": 31, "KEIJOHI": 61, "SHURYOHISU": 0, "DATANENDO": 2023, "UNIQUENO": 61305557, "ADDDATE": "2024-03-29", "ADDTENANT": "17000F", "ADDUSER": "kikaku", "EDITDATE": "2024-03-29", "EDITTENANT": null, "EDITUSER": null, "X": -35014.749999998101, "Y": 65891.75 }, "geometry": { "type": "Point", "coordinates": [ -35014.749999998100975, 65891.75 ] } },
{ "type": "Feature", "properties": { "JYUSYU": "スギ", "JYUKO": 23.8, "CHOKKEI": 46.3, "TANBOKUZAISEKI": 1.65, "JUKANCHORITSU": 70, "KEIJOHI": 51, "SHURYOHISU": 0, "DATANENDO": 2023, "UNIQUENO": 61305561, "ADDDATE": "2024-03-29", "ADDTENANT": "17000F", "ADDUSER": "kikaku", "EDITDATE": "2024-03-29", "EDITTENANT": null, "EDITUSER": null, "X": -35122.25, "Y": 65891.250000001906 }, "geometry": { "type": "Point", "coordinates": [ -35122.25, 65891.250000001906301 ] } },
{ "type": "Feature", "properties": { "JYUSYU": "スギ", "JYUKO": 19.7, "CHOKKEI": 37.4, "TANBOKUZAISEKI": 0.927, "JUKANCHORITSU": 55, "KEIJOHI": 53, "SHURYOHISU": 0, "DATANENDO": 2023, "UNIQUENO": 61305562, "ADDDATE": "2024-03-29", "ADDTENANT": "17000F", "ADDUSER": "kikaku", "EDITDATE": "2024-03-29", "EDITTENANT": null, "EDITUSER": null, "X": -35055.25, "Y": 65891.250000001906 }, "geometry": { "type": "Point", "coordinates": [ -35055.25, 65891.250000001906301 ] } },
{ "type": "Feature", "properties": { "JYUSYU": "スギ", "JYUKO": 27.1, "CHOKKEI": 49.5, "TANBOKUZAISEKI": 2.123, "JUKANCHORITSU": 78, "KEIJOHI": 55, "SHURYOHISU": 0, "DATANENDO": 2023, "UNIQUENO": 61305563, "ADDDATE": "2024-03-29", "ADDTENANT": "17000F", "ADDUSER": "kikaku", "EDITDATE": "2024-03-29", "EDITTENANT": null, "EDITUSER": null, "X": -35000.25, "Y": 65891.250000001906 }, "geometry": { "type": "Point", "coordinates": [ -35000.25, 65891.250000001906301 ] } },
{ "type": "Feature", "properties": { "JYUSYU": "スギ", "JYUKO": 25.3, "CHOKKEI": 40.0, "TANBOKUZAISEKI": 1.338, "JUKANCHORITSU": 43, "KEIJOHI": 63, "SHURYOHISU": 0, "DATANENDO": 2023, "UNIQUENO": 61305564, "ADDDATE": "2024-03-29", "ADDTENANT": "17000F", "ADDUSER": "kikaku", "EDITDATE": "2024-03-29", "EDITTENANT": null, "EDITUSER": null, "X": -34995.249999999098, "Y": 65890.750000001906 }, "geometry": { "type": "Point", "coordinates": [ -34995.249999999097781, 65890.750000001906301 ] } },
{ "type": "Feature", "properties": { "JYUSYU": "スギ", "JYUKO": 17.5, "CHOKKEI": 23.5, "TANBOKUZAISEKI": 0.352, "JUKANCHORITSU": 44, "KEIJOHI": 75, "SHURYOHISU": 0, "DATANENDO": 2023, "UNIQUENO": 61305565, "ADDDATE": "2024-03-29", "ADDTENANT": "17000F", "ADDUSER": "kikaku", "EDITDATE": "2024-03-29", "EDITTENANT": null, "EDITUSER": null, "X": -34978.75, "Y": 65890.750000001906 }, "geometry": { "type": "Point", "coordinates": [ -34978.75, 65890.750000001906301 ] } },
{ "type": "Feature", "properties": { "JYUSYU": "スギ", "JYUKO": 19.6, "CHOKKEI": 40.3, "TANBOKUZAISEKI": 1.056, "JUKANCHORITSU": 66, "KEIJOHI": 49, "SHURYOHISU": 0, "DATANENDO": 2023, "UNIQUENO": 61305568, "ADDDATE": "2024-03-29", "ADDTENANT": "17000F", "ADDUSER": "kikaku", "EDITDATE": "2024-03-29", "EDITTENANT": null, "EDITUSER": null, "X": -35009.75, "Y": 65889.750000001906 }, "geometry": { "type": "Point", "coordinates": [ -35009.75, 65889.750000001906301 ] } },
{ "type": "Feature", "properties": { "JYUSYU": "スギ", "JYUKO": 24.0, "CHOKKEI": 47.4, "TANBOKUZAISEKI": 1.734, "JUKANCHORITSU": 57, "KEIJOHI": 51, "SHURYOHISU": 0, "DATANENDO": 2023, "UNIQUENO": 61305569, "ADDDATE": "2024-03-29", "ADDTENANT": "17000F", "ADDUSER": "kikaku", "EDITDATE": "2024-03-29", "EDITTENANT": null, "EDITUSER": null, "X": -34984.750000000902, "Y": 65889.750000001906 }, "geometry": { "type": "Point", "coordinates": [ -34984.750000000902219, 65889.750000001906301 ] } },
{ "type": "Feature", "properties": { "JYUSYU": "スギ", "JYUKO": 30.6, "CHOKKEI": 54.9, "TANBOKUZAISEKI": 2.888, "JUKANCHORITSU": 42, "KEIJOHI": 56, "SHURYOHISU": 0, "DATANENDO": 2023, "UNIQUENO": 61305572, "ADDDATE": "2024-03-29", "ADDTENANT": "17000F", "ADDUSER": "kikaku", "EDITDATE": "2024-03-29", "EDITTENANT": null, "EDITUSER": null, "X": -35027.749999999098, "Y": 65889.250000001906 }, "geometry": { "type": "Point", "coordinates": [ -35027.749999999097781, 65889.250000001906301 ] } },
{ "type": "Feature", "properties": { "JYUSYU": "スギ", "JYUKO": 20.3, "CHOKKEI": 40.0, "TANBOKUZAISEKI": 1.075, "JUKANCHORITSU": 75, "KEIJOHI": 51, "SHURYOHISU": 0, "DATANENDO": 2023, "UNIQUENO": 61305573, "ADDDATE": "2024-03-29", "ADDTENANT": "17000F", "ADDUSER": "kikaku", "EDITDATE": "2024-03-29", "EDITTENANT": null, "EDITUSER": null, "X": -35065.25, "Y": 65888.75 }, "geometry": { "type": "Point", "coordinates": [ -35065.25, 65888.75 ] } },
{ "type": "Feature", "properties": { "JYUSYU": "スギ", "JYUKO": 29.2, "CHOKKEI": 51.6, "TANBOKUZAISEKI": 2.467, "JUKANCHORITSU": 46, "KEIJOHI": 57, "SHURYOHISU": 0, "DATANENDO": 2023, "UNIQUENO": 61305574, "ADDDATE": "2024-03-29", "ADDTENANT": "17000F", "ADDUSER": "kikaku", "EDITDATE": "2024-03-29", "EDITTENANT": null, "EDITUSER": null, "X": -34992.249999999098, "Y": 65888.75 }, "geometry": { "type": "Point", "coordinates": [ -34992.249999999097781, 65888.75 ] } },
{ "type": "Feature", "properties": { "JYUSYU": "スギ", "JYUKO": 37.9, "CHOKKEI": 77.6, "TANBOKUZAISEKI": 6.706, "JUKANCHORITSU": 81, "KEIJOHI": 49, "SHURYOHISU": 0, "DATANENDO": 2023, "UNIQUENO": 61305576, "ADDDATE": "2024-03-29", "ADDTENANT": "17000F", "ADDUSER": "kikaku", "EDITDATE": "2024-03-29", "EDITTENANT": null, "EDITUSER": null, "X": -35045.75, "Y": 65888.250000001906 }, "geometry": { "type": "Point", "coordinates": [ -35045.75, 65888.250000001906301 ] } },
{ "type": "Feature", "properties": { "JYUSYU": "スギ", "JYUKO": 22.0, "CHOKKEI": 38.7, "TANBOKUZAISEKI": 1.099, "JUKANCHORITSU": 38, "KEIJOHI": 57, "SHURYOHISU": 0, "DATANENDO": 2023, "UNIQUENO": 61305577, "ADDDATE": "2024-03-29", "ADDTENANT": "17000F", "ADDUSER": "kikaku", "EDITDATE": "2024-03-29", "EDITTENANT": null, "EDITUSER": null, "X": -35012.75, "Y": 65888.250000001906 }, "geometry": { "type": "Point", "coordinates": [ -35012.75, 65888.250000001906301 ] } },
{ "type": "Feature", "properties": { "JYUSYU": "スギ", "JYUKO": 25.0, "CHOKKEI": 51.4, "TANBOKUZAISEKI": 2.091, "JUKANCHORITSU": 66, "KEIJOHI": 49, "SHURYOHISU": 0, "DATANENDO": 2023, "UNIQUENO": 61305578, "ADDDATE": "2024-03-29", "ADDTENANT": "17000F", "ADDUSER": "kikaku", "EDITDATE": "2024-03-29", "EDITTENANT": null, "EDITUSER": null, "X": -35037.749999999098, "Y": 65887.750000001906 }, "geometry": { "type": "Point", "coordinates": [ -35037.749999999097781, 65887.750000001906301 ] } },
{ "type": "Feature", "properties": { "JYUSYU": "スギ", "JYUKO": 13.6, "CHOKKEI": 25.4, "TANBOKUZAISEKI": 0.316, "JUKANCHORITSU": 57, "KEIJOHI": 54, "SHURYOHISU": 0, "DATANENDO": 2023, "UNIQUENO": 61305579, "ADDDATE": "2024-03-29", "ADDTENANT": "17000F", "ADDUSER": "kikaku", "EDITDATE": "2024-03-29", "EDITTENANT": null, "EDITUSER": null, "X": -35114.249999998101, "Y": 65887.25 }, "geometry": { "type": "Point", "coordinates": [ -35114.249999998100975, 65887.25 ] } },
{ "type": "Feature", "properties": { "JYUSYU": "スギ", "JYUKO": 31.0, "CHOKKEI": 60.2, "TANBOKUZAISEKI": 3.454, "JUKANCHORITSU": 69, "KEIJOHI": 52, "SHURYOHISU": 0, "DATANENDO": 2023, "UNIQUENO": 61305580, "ADDDATE": "2024-03-29", "ADDTENANT": "17000F", "ADDUSER": "kikaku", "EDITDATE": "2024-03-29", "EDITTENANT": null, "EDITUSER": null, "X": -35059.249999999098, "Y": 65887.25 }, "geometry": { "type": "Point", "coordinates": [ -35059.249999999097781, 65887.25 ] } },
{ "type": "Feature", "properties": { "JYUSYU": "スギ", "JYUKO": 24.1, "CHOKKEI": 36.5, "TANBOKUZAISEKI": 1.079, "JUKANCHORITSU": 25, "KEIJOHI": 66, "SHURYOHISU": 0, "DATANENDO": 2023, "UNIQUENO": 61305581, "ADDDATE": "2024-03-29", "ADDTENANT": "17000F", "ADDUSER": "kikaku", "EDITDATE": "2024-03-29", "EDITTENANT": null, "EDITUSER": null, "X": -34998.75, "Y": 65887.25 }, "geometry": { "type": "Point", "coordinates": [ -34998.75, 65887.25 ] } },
{ "type": "Feature", "properties": { "JYUSYU": "スギ", "JYUKO": 22.9, "CHOKKEI": 29.7, "TANBOKUZAISEKI": 0.703, "JUKANCHORITSU": 28, "KEIJOHI": 77, "SHURYOHISU": 0, "DATANENDO": 2023, "UNIQUENO": 61305582, "ADDDATE": "2024-03-29", "ADDTENANT": "17000F", "ADDUSER": "kikaku", "EDITDATE": "2024-03-29", "EDITTENANT": null, "EDITUSER": null, "X": -34989.249999999098, "Y": 65886.75 }, "geometry": { "type": "Point", "coordinates": [ -34989.249999999097781, 65886.75 ] } },
{ "type": "Feature", "properties": { "JYUSYU": "スギ", "JYUKO": 23.5, "CHOKKEI": 34.4, "TANBOKUZAISEKI": 0.949, "JUKANCHORITSU": 32, "KEIJOHI": 68, "SHURYOHISU": 0, "DATANENDO": 2023, "UNIQUENO": 61305583, "ADDDATE": "2024-03-29", "ADDTENANT": "17000F", "ADDUSER": "kikaku", "EDITDATE": "2024-03-29", "EDITTENANT": null, "EDITUSER": null, "X": -34986.249999998101, "Y": 65886.75 }, "geometry": { "type": "Point", "coordinates": [ -34986.249999998100975, 65886.75 ] } },
{ "type": "Feature", "properties": { "JYUSYU": "スギ", "JYUKO": 9.8, "CHOKKEI": 19.5, "TANBOKUZAISEKI": 0.14, "JUKANCHORITSU": 87, "KEIJOHI": 50, "SHURYOHISU": 0, "DATANENDO": 2023, "UNIQUENO": 61305584, "ADDDATE": "2024-03-29", "ADDTENANT": "17000F", "ADDUSER": "kikaku", "EDITDATE": "2024-03-29", "EDITTENANT": null, "EDITUSER": null, "X": -35110.249999999098, "Y": 65886.250000001906 }, "geometry": { "type": "Point", "coordinates": [ -35110.249999999097781, 65886.250000001906301 ] } },
{ "type": "Feature", "properties": { "JYUSYU": "スギ", "JYUKO": 27.6, "CHOKKEI": 56.5, "TANBOKUZAISEKI": 2.748, "JUKANCHORITSU": 64, "KEIJOHI": 49, "SHURYOHISU": 0, "DATANENDO": 2023, "UNIQUENO": 61305585, "ADDDATE": "2024-03-29", "ADDTENANT": "17000F", "ADDUSER": "kikaku", "EDITDATE": "2024-03-29", "EDITTENANT": null, "EDITUSER": null, "X": -35075.25, "Y": 65886.250000001906 }, "geometry": { "type": "Point", "coordinates": [ -35075.25, 65886.250000001906301 ] } },
{ "type": "Feature", "properties": { "JYUSYU": "スギ", "JYUKO": 19.1, "CHOKKEI": 23.4, "TANBOKUZAISEKI": 0.382, "JUKANCHORITSU": 17, "KEIJOHI": 82, "SHURYOHISU": 0, "DATANENDO": 2023, "UNIQUENO": 61305586, "ADDDATE": "2024-03-29", "ADDTENANT": "17000F", "ADDUSER": "kikaku", "EDITDATE": "2024-03-29", "EDITTENANT": null, "EDITUSER": null, "X": -35064.25, "Y": 65886.250000001906 }, "geometry": { "type": "Point", "coordinates": [ -35064.25, 65886.250000001906301 ] } },
{ "type": "Feature", "properties": { "JYUSYU": "スギ", "JYUKO": 28.4, "CHOKKEI": 51.2, "TANBOKUZAISEKI": 2.353, "JUKANCHORITSU": 58, "KEIJOHI": 56, "SHURYOHISU": 0, "DATANENDO": 2023, "UNIQUENO": 61305587, "ADDDATE": "2024-03-29", "ADDTENANT": "17000F", "ADDUSER": "kikaku", "EDITDATE": "2024-03-29", "EDITTENANT": null, "EDITUSER": null, "X": -35004.25, "Y": 65886.250000001906 }, "geometry": { "type": "Point", "coordinates": [ -35004.25, 65886.250000001906301 ] } },
{ "type": "Feature", "properties": { "JYUSYU": "スギ", "JYUKO": 31.5, "CHOKKEI": 57.6, "TANBOKUZAISEKI": 3.249, "JUKANCHORITSU": 51, "KEIJOHI": 55, "SHURYOHISU": 0, "DATANENDO": 2023, "UNIQUENO": 61305590, "ADDDATE": "2024-03-29", "ADDTENANT": "17000F", "ADDUSER": "kikaku", "EDITDATE": "2024-03-29", "EDITTENANT": null, "EDITUSER": null, "X": -35020.749999999098, "Y": 65885.75 }, "geometry": { "type": "Point", "coordinates": [ -35020.749999999097781, 65885.75 ] } },
{ "type": "Feature", "properties": { "JYUSYU": "スギ", "JYUKO": 24.8, "CHOKKEI": 47.0, "TANBOKUZAISEKI": 1.761, "JUKANCHORITSU": 47, "KEIJOHI": 53, "SHURYOHISU": 0, "DATANENDO": 2023, "UNIQUENO": 61305591, "ADDDATE": "2024-03-29", "ADDTENANT": "17000F", "ADDUSER": "kikaku", "EDITDATE": "2024-03-29", "EDITTENANT": null, "EDITUSER": null, "X": -35067.749999999098, "Y": 65885.25 }, "geometry": { "type": "Point", "coordinates": [ -35067.749999999097781, 65885.25 ] } },
{ "type": "Feature", "properties": { "JYUSYU": "スギ", "JYUKO": 26.2, "CHOKKEI": 39.9, "TANBOKUZAISEKI": 1.381, "JUKANCHORITSU": 40, "KEIJOHI": 66, "SHURYOHISU": 0, "DATANENDO": 2023, "UNIQUENO": 61305592, "ADDDATE": "2024-03-29", "ADDTENANT": "17000F", "ADDUSER": "kikaku", "EDITDATE": "2024-03-29", "EDITTENANT": null, "EDITUSER": null, "X": -34995.249999999098, "Y": 65884.750000001906 }, "geometry": { "type": "Point", "coordinates": [ -34995.249999999097781, 65884.750000001906301 ] } },
{ "type": "Feature", "properties": { "JYUSYU": "スギ", "JYUKO": 29.3, "CHOKKEI": 44.7, "TANBOKUZAISEKI": 1.904, "JUKANCHORITSU": 47, "KEIJOHI": 66, "SHURYOHISU": 0, "DATANENDO": 2023, "UNIQUENO": 61305593, "ADDDATE": "2024-03-29", "ADDTENANT": "17000F", "ADDUSER": "kikaku", "EDITDATE": "2024-03-29", "EDITTENANT": null, "EDITUSER": null, "X": -35024.25, "Y": 65884.25 }, "geometry": { "type": "Point", "coordinates": [ -35024.25, 65884.25 ] } },
{ "type": "Feature", "properties": { "JYUSYU": "スギ", "JYUKO": 24.2, "CHOKKEI": 40.3, "TANBOKUZAISEKI": 1.299, "JUKANCHORITSU": 34, "KEIJOHI": 60, "SHURYOHISU": 0, "DATANENDO": 2023, "UNIQUENO": 61305594, "ADDDATE": "2024-03-29", "ADDTENANT": "17000F", "ADDUSER": "kikaku", "EDITDATE": "2024-03-29", "EDITTENANT": null, "EDITUSER": null, "X": -34999.249999999098, "Y": 65884.25 }, "geometry": { "type": "Point", "coordinates": [ -34999.249999999097781, 65884.25 ] } },
{ "type": "Feature", "properties": { "JYUSYU": "スギ", "JYUKO": 35.1, "CHOKKEI": 62.7, "TANBOKUZAISEKI": 4.218, "JUKANCHORITSU": 80, "KEIJOHI": 56, "SHURYOHISU": 0, "DATANENDO": 2023, "UNIQUENO": 61305595, "ADDDATE": "2024-03-29", "ADDTENANT": "17000F", "ADDUSER": "kikaku", "EDITDATE": "2024-03-29", "EDITTENANT": null, "EDITUSER": null, "X": -35028.25, "Y": 65883.75 }, "geometry": { "type": "Point", "coordinates": [ -35028.25, 65883.75 ] } },
{ "type": "Feature", "properties": { "JYUSYU": "スギ", "JYUKO": 27.0, "CHOKKEI": 45.3, "TANBOKUZAISEKI": 1.795, "JUKANCHORITSU": 44, "KEIJOHI": 60, "SHURYOHISU": 0, "DATANENDO": 2023, "UNIQUENO": 61305596, "ADDDATE": "2024-03-29", "ADDTENANT": "17000F", "ADDUSER": "kikaku", "EDITDATE": "2024-03-29", "EDITTENANT": null, "EDITUSER": null, "X": -35016.749999999098, "Y": 65883.75 }, "geometry": { "type": "Point", "coordinates": [ -35016.749999999097781, 65883.75 ] } },
{ "type": "Feature", "properties": { "JYUSYU": "スギ", "JYUKO": 24.5, "CHOKKEI": 42.6, "TANBOKUZAISEKI": 1.459, "JUKANCHORITSU": 49, "KEIJOHI": 58, "SHURYOHISU": 0, "DATANENDO": 2023, "UNIQUENO": 61305598, "ADDDATE": "2024-03-29", "ADDTENANT": "17000F", "ADDUSER": "kikaku", "EDITDATE": "2024-03-29", "EDITTENANT": null, "EDITUSER": null, "X": -34992.75, "Y": 65883.250000001906 }, "geometry": { "type": "Point", "coordinates": [ -34992.75, 65883.250000001906301 ] } },
{ "type": "Feature", "properties": { "JYUSYU": "スギ", "JYUKO": 17.4, "CHOKKEI": 22.9, "TANBOKUZAISEKI": 0.334, "JUKANCHORITSU": 19, "KEIJOHI": 76, "SHURYOHISU": 0, "DATANENDO": 2023, "UNIQUENO": 61305602, "ADDDATE": "2024-03-29", "ADDTENANT": "17000F", "ADDUSER": "kikaku", "EDITDATE": "2024-03-29", "EDITTENANT": null, "EDITUSER": null, "X": -35115.749999998101, "Y": 65882.75 }, "geometry": { "type": "Point", "coordinates": [ -35115.749999998100975, 65882.75 ] } },
{ "type": "Feature", "properties": { "JYUSYU": "スギ", "JYUKO": 24.7, "CHOKKEI": 41.4, "TANBOKUZAISEKI": 1.393, "JUKANCHORITSU": 41, "KEIJOHI": 60, "SHURYOHISU": 0, "DATANENDO": 2023, "UNIQUENO": 61305603, "ADDDATE": "2024-03-29", "ADDTENANT": "17000F", "ADDUSER": "kikaku", "EDITDATE": "2024-03-29", "EDITTENANT": null, "EDITUSER": null, "X": -35004.749999998101, "Y": 65882.75 }, "geometry": { "type": "Point", "coordinates": [ -35004.749999998100975, 65882.75 ] } },
{ "type": "Feature", "properties": { "JYUSYU": "スギ", "JYUKO": 25.3, "CHOKKEI": 42.8, "TANBOKUZAISEKI": 1.52, "JUKANCHORITSU": 27, "KEIJOHI": 59, "SHURYOHISU": 0, "DATANENDO": 2023, "UNIQUENO": 61305604, "ADDDATE": "2024-03-29", "ADDTENANT": "17000F", "ADDUSER": "kikaku", "EDITDATE": "2024-03-29", "EDITTENANT": null, "EDITUSER": null, "X": -34986.749999999098, "Y": 65882.75 }, "geometry": { "type": "Point", "coordinates": [ -34986.749999999097781, 65882.75 ] } },
{ "type": "Feature", "properties": { "JYUSYU": "スギ", "JYUKO": 17.3, "CHOKKEI": 21.8, "TANBOKUZAISEKI": 0.303, "JUKANCHORITSU": 25, "KEIJOHI": 79, "SHURYOHISU": 0, "DATANENDO": 2023, "UNIQUENO": 61305605, "ADDDATE": "2024-03-29", "ADDTENANT": "17000F", "ADDUSER": "kikaku", "EDITDATE": "2024-03-29", "EDITTENANT": null, "EDITUSER": null, "X": -35111.25, "Y": 65882.25 }, "geometry": { "type": "Point", "coordinates": [ -35111.25, 65882.25 ] } },
{ "type": "Feature", "properties": { "JYUSYU": "スギ", "JYUKO": 18.2, "CHOKKEI": 35.1, "TANBOKUZAISEKI": 0.759, "JUKANCHORITSU": 89, "KEIJOHI": 52, "SHURYOHISU": 0, "DATANENDO": 2023, "UNIQUENO": 61305606, "ADDDATE": "2024-03-29", "ADDTENANT": "17000F", "ADDUSER": "kikaku", "EDITDATE": "2024-03-29", "EDITTENANT": null, "EDITUSER": null, "X": -35108.25, "Y": 65882.25 }, "geometry": { "type": "Point", "coordinates": [ -35108.25, 65882.25 ] } },
{ "type": "Feature", "properties": { "JYUSYU": "スギ", "JYUKO": 18.3, "CHOKKEI": 29.8, "TANBOKUZAISEKI": 0.569, "JUKANCHORITSU": 20, "KEIJOHI": 61, "SHURYOHISU": 0, "DATANENDO": 2023, "UNIQUENO": 61305608, "ADDDATE": "2024-03-29", "ADDTENANT": "17000F", "ADDUSER": "kikaku", "EDITDATE": "2024-03-29", "EDITTENANT": null, "EDITUSER": null, "X": -35113.75, "Y": 65881.750000001906 }, "geometry": { "type": "Point", "coordinates": [ -35113.75, 65881.750000001906301 ] } },
{ "type": "Feature", "properties": { "JYUSYU": "スギ", "JYUKO": 14.6, "CHOKKEI": 30.2, "TANBOKUZAISEKI": 0.465, "JUKANCHORITSU": 53, "KEIJOHI": 48, "SHURYOHISU": 0, "DATANENDO": 2023, "UNIQUENO": 61305609, "ADDDATE": "2024-03-29", "ADDTENANT": "17000F", "ADDUSER": "kikaku", "EDITDATE": "2024-03-29", "EDITTENANT": null, "EDITUSER": null, "X": -35057.250000000902, "Y": 65881.750000001906 }, "geometry": { "type": "Point", "coordinates": [ -35057.250000000902219, 65881.750000001906301 ] } },
{ "type": "Feature", "properties": { "JYUSYU": "スギ", "JYUKO": 15.4, "CHOKKEI": 19.6, "TANBOKUZAISEKI": 0.222, "JUKANCHORITSU": 93, "KEIJOHI": 79, "SHURYOHISU": 0, "DATANENDO": 2023, "UNIQUENO": 61305611, "ADDDATE": "2024-03-29", "ADDTENANT": "17000F", "ADDUSER": "kikaku", "EDITDATE": "2024-03-29", "EDITTENANT": null, "EDITUSER": null, "X": -35117.249999999098, "Y": 65881.249999998094 }, "geometry": { "type": "Point", "coordinates": [ -35117.249999999097781, 65881.249999998093699 ] } },
{ "type": "Feature", "properties": { "JYUSYU": "スギ", "JYUKO": 34.4, "CHOKKEI": 69.9, "TANBOKUZAISEKI": 5.043, "JUKANCHORITSU": 82, "KEIJOHI": 49, "SHURYOHISU": 0, "DATANENDO": 2023, "UNIQUENO": 61305612, "ADDDATE": "2024-03-29", "ADDTENANT": "17000F", "ADDUSER": "kikaku", "EDITDATE": "2024-03-29", "EDITTENANT": null, "EDITUSER": null, "X": -35044.25, "Y": 65881.249999998094 }, "geometry": { "type": "Point", "coordinates": [ -35044.25, 65881.249999998093699 ] } },
{ "type": "Feature", "properties": { "JYUSYU": "スギ", "JYUKO": 29.3, "CHOKKEI": 56.8, "TANBOKUZAISEKI": 2.94, "JUKANCHORITSU": 50, "KEIJOHI": 52, "SHURYOHISU": 0, "DATANENDO": 2023, "UNIQUENO": 61305613, "ADDDATE": "2024-03-29", "ADDTENANT": "17000F", "ADDUSER": "kikaku", "EDITDATE": "2024-03-29", "EDITTENANT": null, "EDITUSER": null, "X": -35011.25, "Y": 65881.249999998094 }, "geometry": { "type": "Point", "coordinates": [ -35011.25, 65881.249999998093699 ] } },
{ "type": "Feature", "properties": { "JYUSYU": "スギ", "JYUKO": 17.7, "CHOKKEI": 20.6, "TANBOKUZAISEKI": 0.28, "JUKANCHORITSU": 18, "KEIJOHI": 86, "SHURYOHISU": 0, "DATANENDO": 2023, "UNIQUENO": 61305614, "ADDDATE": "2024-03-29", "ADDTENANT": "17000F", "ADDUSER": "kikaku", "EDITDATE": "2024-03-29", "EDITTENANT": null, "EDITUSER": null, "X": -35111.749999999098, "Y": 65880.75 }, "geometry": { "type": "Point", "coordinates": [ -35111.749999999097781, 65880.75 ] } },
{ "type": "Feature", "properties": { "JYUSYU": "スギ", "JYUKO": 21.7, "CHOKKEI": 32.4, "TANBOKUZAISEKI": 0.78, "JUKANCHORITSU": 23, "KEIJOHI": 67, "SHURYOHISU": 0, "DATANENDO": 2023, "UNIQUENO": 61305615, "ADDDATE": "2024-03-29", "ADDTENANT": "17000F", "ADDUSER": "kikaku", "EDITDATE": "2024-03-29", "EDITTENANT": null, "EDITUSER": null, "X": -35006.749999999098, "Y": 65880.250000001906 }, "geometry": { "type": "Point", "coordinates": [ -35006.749999999097781, 65880.250000001906301 ] } },
{ "type": "Feature", "properties": { "JYUSYU": "スギ", "JYUKO": 30.9, "CHOKKEI": 62.9, "TANBOKUZAISEKI": 3.734, "JUKANCHORITSU": 70, "KEIJOHI": 49, "SHURYOHISU": 0, "DATANENDO": 2023, "UNIQUENO": 61305616, "ADDDATE": "2024-03-29", "ADDTENANT": "17000F", "ADDUSER": "kikaku", "EDITDATE": "2024-03-29", "EDITTENANT": null, "EDITUSER": null, "X": -35065.75, "Y": 65879.750000003696 }, "geometry": { "type": "Point", "coordinates": [ -35065.75, 65879.750000003696186 ] } },
{ "type": "Feature", "properties": { "JYUSYU": "スギ", "JYUKO": 22.3, "CHOKKEI": 38.4, "TANBOKUZAISEKI": 1.096, "JUKANCHORITSU": 40, "KEIJOHI": 58, "SHURYOHISU": 0, "DATANENDO": 2023, "UNIQUENO": 61305617, "ADDDATE": "2024-03-29", "ADDTENANT": "17000F", "ADDUSER": "kikaku", "EDITDATE": "2024-03-29", "EDITTENANT": null, "EDITUSER": null, "X": -34987.749999998101, "Y": 65879.750000003696 }, "geometry": { "type": "Point", "coordinates": [ -34987.749999998100975, 65879.750000003696186 ] } },
{ "type": "Feature", "properties": { "JYUSYU": "スギ", "JYUKO": 23.9, "CHOKKEI": 36.6, "TANBOKUZAISEKI": 1.077, "JUKANCHORITSU": 39, "KEIJOHI": 65, "SHURYOHISU": 0, "DATANENDO": 2023, "UNIQUENO": 61305622, "ADDDATE": "2024-03-29", "ADDTENANT": "17000F", "ADDUSER": "kikaku", "EDITDATE": "2024-03-29", "EDITTENANT": null, "EDITUSER": null, "X": -35093.249999999098, "Y": 65879.25 }, "geometry": { "type": "Point", "coordinates": [ -35093.249999999097781, 65879.25 ] } },
{ "type": "Feature", "properties": { "JYUSYU": "スギ", "JYUKO": 28.1, "CHOKKEI": 56.8, "TANBOKUZAISEKI": 2.827, "JUKANCHORITSU": 79, "KEIJOHI": 50, "SHURYOHISU": 0, "DATANENDO": 2023, "UNIQUENO": 61305623, "ADDDATE": "2024-03-29", "ADDTENANT": "17000F", "ADDUSER": "kikaku", "EDITDATE": "2024-03-29", "EDITTENANT": null, "EDITUSER": null, "X": -35026.749999999098, "Y": 65878.750000001906 }, "geometry": { "type": "Point", "coordinates": [ -35026.749999999097781, 65878.750000001906301 ] } },
{ "type": "Feature", "properties": { "JYUSYU": "スギ", "JYUKO": 26.3, "CHOKKEI": 47.1, "TANBOKUZAISEKI": 1.882, "JUKANCHORITSU": 85, "KEIJOHI": 56, "SHURYOHISU": 0, "DATANENDO": 2023, "UNIQUENO": 61305626, "ADDDATE": "2024-03-29", "ADDTENANT": "17000F", "ADDUSER": "kikaku", "EDITDATE": "2024-03-29", "EDITTENANT": null, "EDITUSER": null, "X": -35040.249999998101, "Y": 65878.250000003696 }, "geometry": { "type": "Point", "coordinates": [ -35040.249999998100975, 65878.250000003696186 ] } },
{ "type": "Feature", "properties": { "JYUSYU": "スギ", "JYUKO": 30.6, "CHOKKEI": 64.1, "TANBOKUZAISEKI": 3.823, "JUKANCHORITSU": 83, "KEIJOHI": 48, "SHURYOHISU": 0, "DATANENDO": 2023, "UNIQUENO": 61305627, "ADDDATE": "2024-03-29", "ADDTENANT": "17000F", "ADDUSER": "kikaku", "EDITDATE": "2024-03-29", "EDITTENANT": null, "EDITUSER": null, "X": -35018.75, "Y": 65878.250000003696 }, "geometry": { "type": "Point", "coordinates": [ -35018.75, 65878.250000003696186 ] } },
{ "type": "Feature", "properties": { "JYUSYU": "スギ", "JYUKO": 24.0, "CHOKKEI": 39.7, "TANBOKUZAISEKI": 1.256, "JUKANCHORITSU": 40, "KEIJOHI": 61, "SHURYOHISU": 0, "DATANENDO": 2023, "UNIQUENO": 61305628, "ADDDATE": "2024-03-29", "ADDTENANT": "17000F", "ADDUSER": "kikaku", "EDITDATE": "2024-03-29", "EDITTENANT": null, "EDITUSER": null, "X": -34999.749999999098, "Y": 65877.75 }, "geometry": { "type": "Point", "coordinates": [ -34999.749999999097781, 65877.75 ] } },
{ "type": "Feature", "properties": { "JYUSYU": "スギ", "JYUKO": 24.7, "CHOKKEI": 39.0, "TANBOKUZAISEKI": 1.246, "JUKANCHORITSU": 37, "KEIJOHI": 63, "SHURYOHISU": 0, "DATANENDO": 2023, "UNIQUENO": 61305630, "ADDDATE": "2024-03-29", "ADDTENANT": "17000F", "ADDUSER": "kikaku", "EDITDATE": "2024-03-29", "EDITTENANT": null, "EDITUSER": null, "X": -35085.749999998101, "Y": 65877.250000001906 }, "geometry": { "type": "Point", "coordinates": [ -35085.749999998100975, 65877.250000001906301 ] } },
{ "type": "Feature", "properties": { "JYUSYU": "スギ", "JYUKO": 11.2, "CHOKKEI": 22.8, "TANBOKUZAISEKI": 0.215, "JUKANCHORITSU": 74, "KEIJOHI": 49, "SHURYOHISU": 0, "DATANENDO": 2023, "UNIQUENO": 61305632, "ADDDATE": "2024-03-29", "ADDTENANT": "17000F", "ADDUSER": "kikaku", "EDITDATE": "2024-03-29", "EDITTENANT": null, "EDITUSER": null, "X": -35059.75, "Y": 65876.750000003696 }, "geometry": { "type": "Point", "coordinates": [ -35059.75, 65876.750000003696186 ] } },
{ "type": "Feature", "properties": { "JYUSYU": "スギ", "JYUKO": 22.3, "CHOKKEI": 43.3, "TANBOKUZAISEKI": 1.365, "JUKANCHORITSU": 76, "KEIJOHI": 52, "SHURYOHISU": 0, "DATANENDO": 2023, "UNIQUENO": 61305633, "ADDDATE": "2024-03-29", "ADDTENANT": "17000F", "ADDUSER": "kikaku", "EDITDATE": "2024-03-29", "EDITTENANT": null, "EDITUSER": null, "X": -35095.749999998101, "Y": 65876.25 }, "geometry": { "type": "Point", "coordinates": [ -35095.749999998100975, 65876.25 ] } },
{ "type": "Feature", "properties": { "JYUSYU": "スギ", "JYUKO": 26.0, "CHOKKEI": 38.8, "TANBOKUZAISEKI": 1.301, "JUKANCHORITSU": 44, "KEIJOHI": 67, "SHURYOHISU": 0, "DATANENDO": 2023, "UNIQUENO": 61305634, "ADDDATE": "2024-03-29", "ADDTENANT": "17000F", "ADDUSER": "kikaku", "EDITDATE": "2024-03-29", "EDITTENANT": null, "EDITUSER": null, "X": -34997.749999998101, "Y": 65876.25 }, "geometry": { "type": "Point", "coordinates": [ -34997.749999998100975, 65876.25 ] } },
{ "type": "Feature", "properties": { "JYUSYU": "スギ", "JYUKO": 18.9, "CHOKKEI": 32.6, "TANBOKUZAISEKI": 0.691, "JUKANCHORITSU": 44, "KEIJOHI": 58, "SHURYOHISU": 0, "DATANENDO": 2023, "UNIQUENO": 61305635, "ADDDATE": "2024-03-29", "ADDTENANT": "17000F", "ADDUSER": "kikaku", "EDITDATE": "2024-03-29", "EDITTENANT": null, "EDITUSER": null, "X": -35091.25, "Y": 65875.750000001906 }, "geometry": { "type": "Point", "coordinates": [ -35091.25, 65875.750000001906301 ] } },
{ "type": "Feature", "properties": { "JYUSYU": "スギ", "JYUKO": 30.9, "CHOKKEI": 55.8, "TANBOKUZAISEKI": 3.003, "JUKANCHORITSU": 42, "KEIJOHI": 55, "SHURYOHISU": 0, "DATANENDO": 2023, "UNIQUENO": 61305636, "ADDDATE": "2024-03-29", "ADDTENANT": "17000F", "ADDUSER": "kikaku", "EDITDATE": "2024-03-29", "EDITTENANT": null, "EDITUSER": null, "X": -35079.249999999098, "Y": 65875.750000001906 }, "geometry": { "type": "Point", "coordinates": [ -35079.249999999097781, 65875.750000001906301 ] } },
{ "type": "Feature", "properties": { "JYUSYU": "スギ", "JYUKO": 21.7, "CHOKKEI": 40.8, "TANBOKUZAISEKI": 1.194, "JUKANCHORITSU": 45, "KEIJOHI": 53, "SHURYOHISU": 0, "DATANENDO": 2023, "UNIQUENO": 61305637, "ADDDATE": "2024-03-29", "ADDTENANT": "17000F", "ADDUSER": "kikaku", "EDITDATE": "2024-03-29", "EDITTENANT": null, "EDITUSER": null, "X": -35067.749999999098, "Y": 65875.750000001906 }, "geometry": { "type": "Point", "coordinates": [ -35067.749999999097781, 65875.750000001906301 ] } },
{ "type": "Feature", "properties": { "JYUSYU": "スギ", "JYUKO": 37.5, "CHOKKEI": 80.2, "TANBOKUZAISEKI": 7.047, "JUKANCHORITSU": 76, "KEIJOHI": 47, "SHURYOHISU": 0, "DATANENDO": 2023, "UNIQUENO": 61305639, "ADDDATE": "2024-03-29", "ADDTENANT": "17000F", "ADDUSER": "kikaku", "EDITDATE": "2024-03-29", "EDITTENANT": null, "EDITUSER": null, "X": -35053.249999999098, "Y": 65875.250000003696 }, "geometry": { "type": "Point", "coordinates": [ -35053.249999999097781, 65875.250000003696186 ] } },
{ "type": "Feature", "properties": { "JYUSYU": "スギ", "JYUKO": 26.4, "CHOKKEI": 42.2, "TANBOKUZAISEKI": 1.541, "JUKANCHORITSU": 39, "KEIJOHI": 63, "SHURYOHISU": 0, "DATANENDO": 2023, "UNIQUENO": 61305640, "ADDDATE": "2024-03-29", "ADDTENANT": "17000F", "ADDUSER": "kikaku", "EDITDATE": "2024-03-29", "EDITTENANT": null, "EDITUSER": null, "X": -35006.249999998101, "Y": 65875.250000003696 }, "geometry": { "type": "Point", "coordinates": [ -35006.249999998100975, 65875.250000003696186 ] } },
{ "type": "Feature", "properties": { "JYUSYU": "スギ", "JYUKO": 24.8, "CHOKKEI": 38.9, "TANBOKUZAISEKI": 1.248, "JUKANCHORITSU": 30, "KEIJOHI": 64, "SHURYOHISU": 0, "DATANENDO": 2023, "UNIQUENO": 61305641, "ADDDATE": "2024-03-29", "ADDTENANT": "17000F", "ADDUSER": "kikaku", "EDITDATE": "2024-03-29", "EDITTENANT": null, "EDITUSER": null, "X": -35001.25, "Y": 65875.250000003696 }, "geometry": { "type": "Point", "coordinates": [ -35001.25, 65875.250000003696186 ] } },
{ "type": "Feature", "properties": { "JYUSYU": "スギ", "JYUKO": 15.2, "CHOKKEI": 22.7, "TANBOKUZAISEKI": 0.286, "JUKANCHORITSU": 15, "KEIJOHI": 67, "SHURYOHISU": 0, "DATANENDO": 2023, "UNIQUENO": 61305642, "ADDDATE": "2024-03-29", "ADDTENANT": "17000F", "ADDUSER": "kikaku", "EDITDATE": "2024-03-29", "EDITTENANT": null, "EDITUSER": null, "X": -34987.749999998101, "Y": 65875.250000003696 }, "geometry": { "type": "Point", "coordinates": [ -34987.749999998100975, 65875.250000003696186 ] } },
{ "type": "Feature", "properties": { "JYUSYU": "スギ", "JYUKO": 23.6, "CHOKKEI": 27.4, "TANBOKUZAISEKI": 0.626, "JUKANCHORITSU": 22, "KEIJOHI": 86, "SHURYOHISU": 0, "DATANENDO": 2023, "UNIQUENO": 61305643, "ADDDATE": "2024-03-29", "ADDTENANT": "17000F", "ADDUSER": "kikaku", "EDITDATE": "2024-03-29", "EDITTENANT": null, "EDITUSER": null, "X": -34996.249999998101, "Y": 65874.75 }, "geometry": { "type": "Point", "coordinates": [ -34996.249999998100975, 65874.75 ] } },
{ "type": "Feature", "properties": { "JYUSYU": "スギ", "JYUKO": 24.3, "CHOKKEI": 45.4, "TANBOKUZAISEKI": 1.625, "JUKANCHORITSU": 50, "KEIJOHI": 54, "SHURYOHISU": 0, "DATANENDO": 2023, "UNIQUENO": 61305644, "ADDDATE": "2024-03-29", "ADDTENANT": "17000F", "ADDUSER": "kikaku", "EDITDATE": "2024-03-29", "EDITTENANT": null, "EDITUSER": null, "X": -34992.249999999098, "Y": 65874.75 }, "geometry": { "type": "Point", "coordinates": [ -34992.249999999097781, 65874.75 ] } },
{ "type": "Feature", "properties": { "JYUSYU": "スギ", "JYUKO": 27.9, "CHOKKEI": 56.4, "TANBOKUZAISEKI": 2.764, "JUKANCHORITSU": 60, "KEIJOHI": 50, "SHURYOHISU": 0, "DATANENDO": 2023, "UNIQUENO": 61305646, "ADDDATE": "2024-03-29", "ADDTENANT": "17000F", "ADDUSER": "kikaku", "EDITDATE": "2024-03-29", "EDITTENANT": null, "EDITUSER": null, "X": -35075.750000000902, "Y": 65874.250000001906 }, "geometry": { "type": "Point", "coordinates": [ -35075.750000000902219, 65874.250000001906301 ] } },
{ "type": "Feature", "properties": { "JYUSYU": "スギ", "JYUKO": 27.8, "CHOKKEI": 52.2, "TANBOKUZAISEKI": 2.397, "JUKANCHORITSU": 95, "KEIJOHI": 53, "SHURYOHISU": 0, "DATANENDO": 2023, "UNIQUENO": 61305647, "ADDDATE": "2024-03-29", "ADDTENANT": "17000F", "ADDUSER": "kikaku", "EDITDATE": "2024-03-29", "EDITTENANT": null, "EDITUSER": null, "X": -35040.749999999098, "Y": 65874.250000001906 }, "geometry": { "type": "Point", "coordinates": [ -35040.749999999097781, 65874.250000001906301 ] } },
{ "type": "Feature", "properties": { "JYUSYU": "スギ", "JYUKO": 19.7, "CHOKKEI": 33.5, "TANBOKUZAISEKI": 0.757, "JUKANCHORITSU": 19, "KEIJOHI": 59, "SHURYOHISU": 0, "DATANENDO": 2023, "UNIQUENO": 61305648, "ADDDATE": "2024-03-29", "ADDTENANT": "17000F", "ADDUSER": "kikaku", "EDITDATE": "2024-03-29", "EDITTENANT": null, "EDITUSER": null, "X": -35086.75, "Y": 65873.750000003696 }, "geometry": { "type": "Point", "coordinates": [ -35086.75, 65873.750000003696186 ] } },
{ "type": "Feature", "properties": { "JYUSYU": "スギ", "JYUKO": 26.2, "CHOKKEI": 49.3, "TANBOKUZAISEKI": 2.031, "JUKANCHORITSU": 64, "KEIJOHI": 53, "SHURYOHISU": 0, "DATANENDO": 2023, "UNIQUENO": 61305649, "ADDDATE": "2024-03-29", "ADDTENANT": "17000F", "ADDUSER": "kikaku", "EDITDATE": "2024-03-29", "EDITTENANT": null, "EDITUSER": null, "X": -35010.25, "Y": 65873.750000003696 }, "geometry": { "type": "Point", "coordinates": [ -35010.25, 65873.750000003696186 ] } },
{ "type": "Feature", "properties": { "JYUSYU": "スギ", "JYUKO": 21.2, "CHOKKEI": 23.7, "TANBOKUZAISEKI": 0.433, "JUKANCHORITSU": 10, "KEIJOHI": 90, "SHURYOHISU": 0, "DATANENDO": 2023, "UNIQUENO": 61305652, "ADDDATE": "2024-03-29", "ADDTENANT": "17000F", "ADDUSER": "kikaku", "EDITDATE": "2024-03-29", "EDITTENANT": null, "EDITUSER": null, "X": -34999.749999999098, "Y": 65872.750000001906 }, "geometry": { "type": "Point", "coordinates": [ -34999.749999999097781, 65872.750000001906301 ] } },
{ "type": "Feature", "properties": { "JYUSYU": "スギ", "JYUKO": 12.7, "CHOKKEI": 24.5, "TANBOKUZAISEKI": 0.275, "JUKANCHORITSU": 75, "KEIJOHI": 52, "SHURYOHISU": 0, "DATANENDO": 2023, "UNIQUENO": 61305654, "ADDDATE": "2024-03-29", "ADDTENANT": "17000F", "ADDUSER": "kikaku", "EDITDATE": "2024-03-29", "EDITTENANT": null, "EDITUSER": null, "X": -35063.249999999098, "Y": 65872.250000001906 }, "geometry": { "type": "Point", "coordinates": [ -35063.249999999097781, 65872.250000001906301 ] } },
{ "type": "Feature", "properties": { "JYUSYU": "スギ", "JYUKO": 20.0, "CHOKKEI": 31.4, "TANBOKUZAISEKI": 0.684, "JUKANCHORITSU": 16, "KEIJOHI": 64, "SHURYOHISU": 0, "DATANENDO": 2023, "UNIQUENO": 61305655, "ADDDATE": "2024-03-29", "ADDTENANT": "17000F", "ADDUSER": "kikaku", "EDITDATE": "2024-03-29", "EDITTENANT": null, "EDITUSER": null, "X": -35086.75, "Y": 65871.75 }, "geometry": { "type": "Point", "coordinates": [ -35086.75, 65871.75 ] } },
{ "type": "Feature", "properties": { "JYUSYU": "スギ", "JYUKO": 25.2, "CHOKKEI": 43.5, "TANBOKUZAISEKI": 1.56, "JUKANCHORITSU": 56, "KEIJOHI": 58, "SHURYOHISU": 0, "DATANENDO": 2023, "UNIQUENO": 61305656, "ADDDATE": "2024-03-29", "ADDTENANT": "17000F", "ADDUSER": "kikaku", "EDITDATE": "2024-03-29", "EDITTENANT": null, "EDITUSER": null, "X": -34994.749999998101, "Y": 65871.75 }, "geometry": { "type": "Point", "coordinates": [ -34994.749999998100975, 65871.75 ] } },
{ "type": "Feature", "properties": { "JYUSYU": "スギ", "JYUKO": 28.2, "CHOKKEI": 48.4, "TANBOKUZAISEKI": 2.118, "JUKANCHORITSU": 38, "KEIJOHI": 58, "SHURYOHISU": 0, "DATANENDO": 2023, "UNIQUENO": 61305657, "ADDDATE": "2024-03-29", "ADDTENANT": "17000F", "ADDUSER": "kikaku", "EDITDATE": "2024-03-29", "EDITTENANT": null, "EDITUSER": null, "X": -35080.249999999098, "Y": 65871.250000001906 }, "geometry": { "type": "Point", "coordinates": [ -35080.249999999097781, 65871.250000001906301 ] } },
{ "type": "Feature", "properties": { "JYUSYU": "スギ", "JYUKO": 36.6, "CHOKKEI": 73.5, "TANBOKUZAISEKI": 5.868, "JUKANCHORITSU": 48, "KEIJOHI": 50, "SHURYOHISU": 0, "DATANENDO": 2023, "UNIQUENO": 61305658, "ADDDATE": "2024-03-29", "ADDTENANT": "17000F", "ADDUSER": "kikaku", "EDITDATE": "2024-03-29", "EDITTENANT": null, "EDITUSER": null, "X": -35045.75, "Y": 65871.250000001906 }, "geometry": { "type": "Point", "coordinates": [ -35045.75, 65871.250000001906301 ] } },
{ "type": "Feature", "properties": { "JYUSYU": "スギ", "JYUKO": 24.2, "CHOKKEI": 49.7, "TANBOKUZAISEKI": 1.906, "JUKANCHORITSU": 93, "KEIJOHI": 49, "SHURYOHISU": 0, "DATANENDO": 2023, "UNIQUENO": 61305659, "ADDDATE": "2024-03-29", "ADDTENANT": "17000F", "ADDUSER": "kikaku", "EDITDATE": "2024-03-29", "EDITTENANT": null, "EDITUSER": null, "X": -35030.250000000902, "Y": 65871.250000001906 }, "geometry": { "type": "Point", "coordinates": [ -35030.250000000902219, 65871.250000001906301 ] } },
{ "type": "Feature", "properties": { "JYUSYU": "スギ", "JYUKO": 27.1, "CHOKKEI": 44.4, "TANBOKUZAISEKI": 1.729, "JUKANCHORITSU": 26, "KEIJOHI": 61, "SHURYOHISU": 0, "DATANENDO": 2023, "UNIQUENO": 61305660, "ADDDATE": "2024-03-29", "ADDTENANT": "17000F", "ADDUSER": "kikaku", "EDITDATE": "2024-03-29", "EDITTENANT": null, "EDITUSER": null, "X": -35004.749999998101, "Y": 65871.250000001906 }, "geometry": { "type": "Point", "coordinates": [ -35004.749999998100975, 65871.250000001906301 ] } },
{ "type": "Feature", "properties": { "JYUSYU": "スギ", "JYUKO": 21.3, "CHOKKEI": 35.7, "TANBOKUZAISEKI": 0.92, "JUKANCHORITSU": 13, "KEIJOHI": 60, "SHURYOHISU": 0, "DATANENDO": 2023, "UNIQUENO": 61305661, "ADDDATE": "2024-03-29", "ADDTENANT": "17000F", "ADDUSER": "kikaku", "EDITDATE": "2024-03-29", "EDITTENANT": null, "EDITUSER": null, "X": -35000.25, "Y": 65871.250000001906 }, "geometry": { "type": "Point", "coordinates": [ -35000.25, 65871.250000001906301 ] } },
{ "type": "Feature", "properties": { "JYUSYU": "スギ", "JYUKO": 19.4, "CHOKKEI": 36.5, "TANBOKUZAISEKI": 0.87, "JUKANCHORITSU": 62, "KEIJOHI": 53, "SHURYOHISU": 0, "DATANENDO": 2023, "UNIQUENO": 61305662, "ADDDATE": "2024-03-29", "ADDTENANT": "17000F", "ADDUSER": "kikaku", "EDITDATE": "2024-03-29", "EDITTENANT": null, "EDITUSER": null, "X": -35090.249999999098, "Y": 65870.750000001906 }, "geometry": { "type": "Point", "coordinates": [ -35090.249999999097781, 65870.750000001906301 ] } },
{ "type": "Feature", "properties": { "JYUSYU": "スギ", "JYUKO": 14.3, "CHOKKEI": 29.5, "TANBOKUZAISEKI": 0.437, "JUKANCHORITSU": 29, "KEIJOHI": 49, "SHURYOHISU": 0, "DATANENDO": 2023, "UNIQUENO": 61305663, "ADDDATE": "2024-03-29", "ADDTENANT": "17000F", "ADDUSER": "kikaku", "EDITDATE": "2024-03-29", "EDITTENANT": null, "EDITUSER": null, "X": -34990.25, "Y": 65870.750000001906 }, "geometry": { "type": "Point", "coordinates": [ -34990.25, 65870.750000001906301 ] } },
{ "type": "Feature", "properties": { "JYUSYU": "スギ", "JYUKO": 22.9, "CHOKKEI": 41.7, "TANBOKUZAISEKI": 1.31, "JUKANCHORITSU": 73, "KEIJOHI": 55, "SHURYOHISU": 0, "DATANENDO": 2023, "UNIQUENO": 61305668, "ADDDATE": "2024-03-29", "ADDTENANT": "17000F", "ADDUSER": "kikaku", "EDITDATE": "2024-03-29", "EDITTENANT": null, "EDITUSER": null, "X": -35068.25, "Y": 65868.75 }, "geometry": { "type": "Point", "coordinates": [ -35068.25, 65868.75 ] } },
{ "type": "Feature", "properties": { "JYUSYU": "スギ", "JYUKO": 22.7, "CHOKKEI": 38.1, "TANBOKUZAISEKI": 1.097, "JUKANCHORITSU": 69, "KEIJOHI": 60, "SHURYOHISU": 0, "DATANENDO": 2023, "UNIQUENO": 61305669, "ADDDATE": "2024-03-29", "ADDTENANT": "17000F", "ADDUSER": "kikaku", "EDITDATE": "2024-03-29", "EDITTENANT": null, "EDITUSER": null, "X": -35064.749999999098, "Y": 65868.75 }, "geometry": { "type": "Point", "coordinates": [ -35064.749999999097781, 65868.75 ] } },
{ "type": "Feature", "properties": { "JYUSYU": "スギ", "JYUKO": 25.4, "CHOKKEI": 45.3, "TANBOKUZAISEKI": 1.685, "JUKANCHORITSU": 34, "KEIJOHI": 56, "SHURYOHISU": 0, "DATANENDO": 2023, "UNIQUENO": 61305670, "ADDDATE": "2024-03-29", "ADDTENANT": "17000F", "ADDUSER": "kikaku", "EDITDATE": "2024-03-29", "EDITTENANT": null, "EDITUSER": null, "X": -35008.75, "Y": 65868.75 }, "geometry": { "type": "Point", "coordinates": [ -35008.75, 65868.75 ] } },
{ "type": "Feature", "properties": { "JYUSYU": "スギ", "JYUKO": 21.8, "CHOKKEI": 35.8, "TANBOKUZAISEKI": 0.943, "JUKANCHORITSU": 21, "KEIJOHI": 61, "SHURYOHISU": 0, "DATANENDO": 2023, "UNIQUENO": 61305671, "ADDDATE": "2024-03-29", "ADDTENANT": "17000F", "ADDUSER": "kikaku", "EDITDATE": "2024-03-29", "EDITTENANT": null, "EDITUSER": null, "X": -35087.249999998101, "Y": 65868.25 }, "geometry": { "type": "Point", "coordinates": [ -35087.249999998100975, 65868.25 ] } },
{ "type": "Feature", "properties": { "JYUSYU": "スギ", "JYUKO": 29.1, "CHOKKEI": 59.4, "TANBOKUZAISEKI": 3.17, "JUKANCHORITSU": 75, "KEIJOHI": 49, "SHURYOHISU": 0, "DATANENDO": 2023, "UNIQUENO": 61305672, "ADDDATE": "2024-03-29", "ADDTENANT": "17000F", "ADDUSER": "kikaku", "EDITDATE": "2024-03-29", "EDITTENANT": null, "EDITUSER": null, "X": -35016.749999999098, "Y": 65868.25 }, "geometry": { "type": "Point", "coordinates": [ -35016.749999999097781, 65868.25 ] } },
{ "type": "Feature", "properties": { "JYUSYU": "スギ", "JYUKO": 23.7, "CHOKKEI": 35.2, "TANBOKUZAISEKI": 0.993, "JUKANCHORITSU": 40, "KEIJOHI": 67, "SHURYOHISU": 0, "DATANENDO": 2023, "UNIQUENO": 61305675, "ADDDATE": "2024-03-29", "ADDTENANT": "17000F", "ADDUSER": "kikaku", "EDITDATE": "2024-03-29", "EDITTENANT": null, "EDITUSER": null, "X": -35027.749999999098, "Y": 65867.750000001906 }, "geometry": { "type": "Point", "coordinates": [ -35027.749999999097781, 65867.750000001906301 ] } },
{ "type": "Feature", "properties": { "JYUSYU": "スギ", "JYUKO": 20.4, "CHOKKEI": 27.6, "TANBOKUZAISEKI": 0.552, "JUKANCHORITSU": 62, "KEIJOHI": 74, "SHURYOHISU": 0, "DATANENDO": 2023, "UNIQUENO": 61305676, "ADDDATE": "2024-03-29", "ADDTENANT": "17000F", "ADDUSER": "kikaku", "EDITDATE": "2024-03-29", "EDITTENANT": null, "EDITUSER": null, "X": -35002.75, "Y": 65867.750000001906 }, "geometry": { "type": "Point", "coordinates": [ -35002.75, 65867.750000001906301 ] } },
{ "type": "Feature", "properties": { "JYUSYU": "スギ", "JYUKO": 12.9, "CHOKKEI": 24.6, "TANBOKUZAISEKI": 0.283, "JUKANCHORITSU": 54, "KEIJOHI": 52, "SHURYOHISU": 0, "DATANENDO": 2023, "UNIQUENO": 61305677, "ADDDATE": "2024-03-29", "ADDTENANT": "17000F", "ADDUSER": "kikaku", "EDITDATE": "2024-03-29", "EDITTENANT": null, "EDITUSER": null, "X": -35095.25, "Y": 65867.25 }, "geometry": { "type": "Point", "coordinates": [ -35095.25, 65867.25 ] } },
{ "type": "Feature", "properties": { "JYUSYU": "スギ", "JYUKO": 25.3, "CHOKKEI": 48.3, "TANBOKUZAISEKI": 1.889, "JUKANCHORITSU": 75, "KEIJOHI": 52, "SHURYOHISU": 0, "DATANENDO": 2023, "UNIQUENO": 61305679, "ADDDATE": "2024-03-29", "ADDTENANT": "17000F", "ADDUSER": "kikaku", "EDITDATE": "2024-03-29", "EDITTENANT": null, "EDITUSER": null, "X": -35075.25, "Y": 65866.250000001906 }, "geometry": { "type": "Point", "coordinates": [ -35075.25, 65866.250000001906301 ] } },
{ "type": "Feature", "properties": { "JYUSYU": "スギ", "JYUKO": 25.4, "CHOKKEI": 51.9, "TANBOKUZAISEKI": 2.169, "JUKANCHORITSU": 89, "KEIJOHI": 49, "SHURYOHISU": 0, "DATANENDO": 2023, "UNIQUENO": 61305680, "ADDDATE": "2024-03-29", "ADDTENANT": "17000F", "ADDUSER": "kikaku", "EDITDATE": "2024-03-29", "EDITTENANT": null, "EDITUSER": null, "X": -35025.75, "Y": 65866.250000001906 }, "geometry": { "type": "Point", "coordinates": [ -35025.75, 65866.250000001906301 ] } },
{ "type": "Feature", "properties": { "JYUSYU": "スギ", "JYUKO": 19.3, "CHOKKEI": 35.0, "TANBOKUZAISEKI": 0.804, "JUKANCHORITSU": 45, "KEIJOHI": 55, "SHURYOHISU": 0, "DATANENDO": 2023, "UNIQUENO": 61305681, "ADDDATE": "2024-03-29", "ADDTENANT": "17000F", "ADDUSER": "kikaku", "EDITDATE": "2024-03-29", "EDITTENANT": null, "EDITUSER": null, "X": -34999.249999999098, "Y": 65866.250000001906 }, "geometry": { "type": "Point", "coordinates": [ -34999.249999999097781, 65866.250000001906301 ] } },
{ "type": "Feature", "properties": { "JYUSYU": "スギ", "JYUKO": 16.5, "CHOKKEI": 33.8, "TANBOKUZAISEKI": 0.643, "JUKANCHORITSU": 82, "KEIJOHI": 49, "SHURYOHISU": 0, "DATANENDO": 2023, "UNIQUENO": 61305682, "ADDDATE": "2024-03-29", "ADDTENANT": "17000F", "ADDUSER": "kikaku", "EDITDATE": "2024-03-29", "EDITTENANT": null, "EDITUSER": null, "X": -35065.75, "Y": 65865.75 }, "geometry": { "type": "Point", "coordinates": [ -35065.75, 65865.75 ] } },
{ "type": "Feature", "properties": { "JYUSYU": "スギ", "JYUKO": 31.0, "CHOKKEI": 60.5, "TANBOKUZAISEKI": 3.497, "JUKANCHORITSU": 95, "KEIJOHI": 51, "SHURYOHISU": 0, "DATANENDO": 2023, "UNIQUENO": 61305683, "ADDDATE": "2024-03-29", "ADDTENANT": "17000F", "ADDUSER": "kikaku", "EDITDATE": "2024-03-29", "EDITTENANT": null, "EDITUSER": null, "X": -35034.25, "Y": 65865.75 }, "geometry": { "type": "Point", "coordinates": [ -35034.25, 65865.75 ] } },
{ "type": "Feature", "properties": { "JYUSYU": "スギ", "JYUKO": 32.5, "CHOKKEI": 56.7, "TANBOKUZAISEKI": 3.248, "JUKANCHORITSU": 47, "KEIJOHI": 57, "SHURYOHISU": 0, "DATANENDO": 2023, "UNIQUENO": 61305684, "ADDDATE": "2024-03-29", "ADDTENANT": "17000F", "ADDUSER": "kikaku", "EDITDATE": "2024-03-29", "EDITTENANT": null, "EDITUSER": null, "X": -35080.249999999098, "Y": 65865.25 }, "geometry": { "type": "Point", "coordinates": [ -35080.249999999097781, 65865.25 ] } },
{ "type": "Feature", "properties": { "JYUSYU": "スギ", "JYUKO": 34.7, "CHOKKEI": 67.5, "TANBOKUZAISEKI": 4.775, "JUKANCHORITSU": 80, "KEIJOHI": 51, "SHURYOHISU": 0, "DATANENDO": 2023, "UNIQUENO": 61305685, "ADDDATE": "2024-03-29", "ADDTENANT": "17000F", "ADDUSER": "kikaku", "EDITDATE": "2024-03-29", "EDITTENANT": null, "EDITUSER": null, "X": -35059.249999999098, "Y": 65865.25 }, "geometry": { "type": "Point", "coordinates": [ -35059.249999999097781, 65865.25 ] } },
{ "type": "Feature", "properties": { "JYUSYU": "スギ", "JYUKO": 25.5, "CHOKKEI": 45.2, "TANBOKUZAISEKI": 1.692, "JUKANCHORITSU": 65, "KEIJOHI": 56, "SHURYOHISU": 0, "DATANENDO": 2023, "UNIQUENO": 61305686, "ADDDATE": "2024-03-29", "ADDTENANT": "17000F", "ADDUSER": "kikaku", "EDITDATE": "2024-03-29", "EDITTENANT": null, "EDITUSER": null, "X": -35009.75, "Y": 65865.25 }, "geometry": { "type": "Point", "coordinates": [ -35009.75, 65865.25 ] } },
{ "type": "Feature", "properties": { "JYUSYU": "スギ", "JYUKO": 25.7, "CHOKKEI": 44.7, "TANBOKUZAISEKI": 1.666, "JUKANCHORITSU": 56, "KEIJOHI": 58, "SHURYOHISU": 0, "DATANENDO": 2023, "UNIQUENO": 61305688, "ADDDATE": "2024-03-29", "ADDTENANT": "17000F", "ADDUSER": "kikaku", "EDITDATE": "2024-03-29", "EDITTENANT": null, "EDITUSER": null, "X": -35087.249999998101, "Y": 65864.750000001906 }, "geometry": { "type": "Point", "coordinates": [ -35087.249999998100975, 65864.750000001906301 ] } },
{ "type": "Feature", "properties": { "JYUSYU": "スギ", "JYUKO": 20.0, "CHOKKEI": 26.6, "TANBOKUZAISEKI": 0.504, "JUKANCHORITSU": 53, "KEIJOHI": 75, "SHURYOHISU": 0, "DATANENDO": 2023, "UNIQUENO": 61305691, "ADDDATE": "2024-03-29", "ADDTENANT": "17000F", "ADDUSER": "kikaku", "EDITDATE": "2024-03-29", "EDITTENANT": null, "EDITUSER": null, "X": -35095.25, "Y": 65864.25 }, "geometry": { "type": "Point", "coordinates": [ -35095.25, 65864.25 ] } },
{ "type": "Feature", "properties": { "JYUSYU": "スギ", "JYUKO": 29.5, "CHOKKEI": 57.3, "TANBOKUZAISEKI": 3.012, "JUKANCHORITSU": 92, "KEIJOHI": 52, "SHURYOHISU": 0, "DATANENDO": 2023, "UNIQUENO": 61305692, "ADDDATE": "2024-03-29", "ADDTENANT": "17000F", "ADDUSER": "kikaku", "EDITDATE": "2024-03-29", "EDITTENANT": null, "EDITUSER": null, "X": -35054.749999999098, "Y": 65864.25 }, "geometry": { "type": "Point", "coordinates": [ -35054.749999999097781, 65864.25 ] } },
{ "type": "Feature", "properties": { "JYUSYU": "スギ", "JYUKO": 34.9, "CHOKKEI": 63.4, "TANBOKUZAISEKI": 4.275, "JUKANCHORITSU": 64, "KEIJOHI": 55, "SHURYOHISU": 0, "DATANENDO": 2023, "UNIQUENO": 61305693, "ADDDATE": "2024-03-29", "ADDTENANT": "17000F", "ADDUSER": "kikaku", "EDITDATE": "2024-03-29", "EDITTENANT": null, "EDITUSER": null, "X": -35048.25, "Y": 65864.25 }, "geometry": { "type": "Point", "coordinates": [ -35048.25, 65864.25 ] } },
{ "type": "Feature", "properties": { "JYUSYU": "スギ", "JYUKO": 33.7, "CHOKKEI": 66.6, "TANBOKUZAISEKI": 4.52, "JUKANCHORITSU": 88, "KEIJOHI": 51, "SHURYOHISU": 0, "DATANENDO": 2023, "UNIQUENO": 61305695, "ADDDATE": "2024-03-29", "ADDTENANT": "17000F", "ADDUSER": "kikaku", "EDITDATE": "2024-03-29", "EDITTENANT": null, "EDITUSER": null, "X": -35043.749999999098, "Y": 65863.75 }, "geometry": { "type": "Point", "coordinates": [ -35043.749999999097781, 65863.75 ] } },
{ "type": "Feature", "properties": { "JYUSYU": "スギ", "JYUKO": 19.9, "CHOKKEI": 38.9, "TANBOKUZAISEKI": 1.0, "JUKANCHORITSU": 94, "KEIJOHI": 51, "SHURYOHISU": 0, "DATANENDO": 2023, "UNIQUENO": 61305696, "ADDDATE": "2024-03-29", "ADDTENANT": "17000F", "ADDUSER": "kikaku", "EDITDATE": "2024-03-29", "EDITTENANT": null, "EDITUSER": null, "X": -35016.249999999098, "Y": 65863.75 }, "geometry": { "type": "Point", "coordinates": [ -35016.249999999097781, 65863.75 ] } },
{ "type": "Feature", "properties": { "JYUSYU": "スギ", "JYUKO": 27.9, "CHOKKEI": 53.1, "TANBOKUZAISEKI": 2.47, "JUKANCHORITSU": 78, "KEIJOHI": 53, "SHURYOHISU": 0, "DATANENDO": 2023, "UNIQUENO": 61305697, "ADDDATE": "2024-03-29", "ADDTENANT": "17000F", "ADDUSER": "kikaku", "EDITDATE": "2024-03-29", "EDITTENANT": null, "EDITUSER": null, "X": -35005.75, "Y": 65863.75 }, "geometry": { "type": "Point", "coordinates": [ -35005.75, 65863.75 ] } },
{ "type": "Feature", "properties": { "JYUSYU": "スギ", "JYUKO": 21.7, "CHOKKEI": 40.8, "TANBOKUZAISEKI": 1.189, "JUKANCHORITSU": 55, "KEIJOHI": 53, "SHURYOHISU": 0, "DATANENDO": 2023, "UNIQUENO": 61305698, "ADDDATE": "2024-03-29", "ADDTENANT": "17000F", "ADDUSER": "kikaku", "EDITDATE": "2024-03-29", "EDITTENANT": null, "EDITUSER": null, "X": -35000.749999999098, "Y": 65863.75 }, "geometry": { "type": "Point", "coordinates": [ -35000.749999999097781, 65863.75 ] } },
{ "type": "Feature", "properties": { "JYUSYU": "スギ", "JYUKO": 26.7, "CHOKKEI": 44.0, "TANBOKUZAISEKI": 1.679, "JUKANCHORITSU": 40, "KEIJOHI": 61, "SHURYOHISU": 0, "DATANENDO": 2023, "UNIQUENO": 61305701, "ADDDATE": "2024-03-29", "ADDTENANT": "17000F", "ADDUSER": "kikaku", "EDITDATE": "2024-03-29", "EDITTENANT": null, "EDITUSER": null, "X": -35086.249999999098, "Y": 65862.25 }, "geometry": { "type": "Point", "coordinates": [ -35086.249999999097781, 65862.25 ] } },
{ "type": "Feature", "properties": { "JYUSYU": "スギ", "JYUKO": 23.7, "CHOKKEI": 43.7, "TANBOKUZAISEKI": 1.474, "JUKANCHORITSU": 48, "KEIJOHI": 54, "SHURYOHISU": 0, "DATANENDO": 2023, "UNIQUENO": 61305702, "ADDDATE": "2024-03-29", "ADDTENANT": "17000F", "ADDUSER": "kikaku", "EDITDATE": "2024-03-29", "EDITTENANT": null, "EDITUSER": null, "X": -35097.249999998101, "Y": 65861.750000001906 }, "geometry": { "type": "Point", "coordinates": [ -35097.249999998100975, 65861.750000001906301 ] } },
{ "type": "Feature", "properties": { "JYUSYU": "スギ", "JYUKO": 25.6, "CHOKKEI": 41.0, "TANBOKUZAISEKI": 1.413, "JUKANCHORITSU": 55, "KEIJOHI": 62, "SHURYOHISU": 0, "DATANENDO": 2023, "UNIQUENO": 61305707, "ADDDATE": "2024-03-29", "ADDTENANT": "17000F", "ADDUSER": "kikaku", "EDITDATE": "2024-03-29", "EDITTENANT": null, "EDITUSER": null, "X": -35092.75, "Y": 65860.75 }, "geometry": { "type": "Point", "coordinates": [ -35092.75, 65860.75 ] } },
{ "type": "Feature", "properties": { "JYUSYU": "スギ", "JYUKO": 31.4, "CHOKKEI": 56.2, "TANBOKUZAISEKI": 3.084, "JUKANCHORITSU": 55, "KEIJOHI": 56, "SHURYOHISU": 0, "DATANENDO": 2023, "UNIQUENO": 61305708, "ADDDATE": "2024-03-29", "ADDTENANT": "17000F", "ADDUSER": "kikaku", "EDITDATE": "2024-03-29", "EDITTENANT": null, "EDITUSER": null, "X": -35077.749999999098, "Y": 65860.75 }, "geometry": { "type": "Point", "coordinates": [ -35077.749999999097781, 65860.75 ] } },
{ "type": "Feature", "properties": { "JYUSYU": "スギ", "JYUKO": 27.2, "CHOKKEI": 46.0, "TANBOKUZAISEKI": 1.863, "JUKANCHORITSU": 90, "KEIJOHI": 59, "SHURYOHISU": 0, "DATANENDO": 2023, "UNIQUENO": 61305709, "ADDDATE": "2024-03-29", "ADDTENANT": "17000F", "ADDUSER": "kikaku", "EDITDATE": "2024-03-29", "EDITTENANT": null, "EDITUSER": null, "X": -35074.25, "Y": 65860.75 }, "geometry": { "type": "Point", "coordinates": [ -35074.25, 65860.75 ] } },
{ "type": "Feature", "properties": { "JYUSYU": "スギ", "JYUKO": 25.0, "CHOKKEI": 41.6, "TANBOKUZAISEKI": 1.422, "JUKANCHORITSU": 36, "KEIJOHI": 60, "SHURYOHISU": 0, "DATANENDO": 2023, "UNIQUENO": 61305710, "ADDDATE": "2024-03-29", "ADDTENANT": "17000F", "ADDUSER": "kikaku", "EDITDATE": "2024-03-29", "EDITTENANT": null, "EDITUSER": null, "X": -35032.75, "Y": 65860.75 }, "geometry": { "type": "Point", "coordinates": [ -35032.75, 65860.75 ] } },
{ "type": "Feature", "properties": { "JYUSYU": "スギ", "JYUKO": 19.3, "CHOKKEI": 35.1, "TANBOKUZAISEKI": 0.806, "JUKANCHORITSU": 34, "KEIJOHI": 55, "SHURYOHISU": 0, "DATANENDO": 2023, "UNIQUENO": 61305712, "ADDDATE": "2024-03-29", "ADDTENANT": "17000F", "ADDUSER": "kikaku", "EDITDATE": "2024-03-29", "EDITTENANT": null, "EDITUSER": null, "X": -35105.25, "Y": 65859.25 }, "geometry": { "type": "Point", "coordinates": [ -35105.25, 65859.25 ] } },
{ "type": "Feature", "properties": { "JYUSYU": "スギ", "JYUKO": 19.7, "CHOKKEI": 22.5, "TANBOKUZAISEKI": 0.365, "JUKANCHORITSU": 12, "KEIJOHI": 88, "SHURYOHISU": 0, "DATANENDO": 2023, "UNIQUENO": 61305713, "ADDDATE": "2024-03-29", "ADDTENANT": "17000F", "ADDUSER": "kikaku", "EDITDATE": "2024-03-29", "EDITTENANT": null, "EDITUSER": null, "X": -35100.75, "Y": 65859.25 }, "geometry": { "type": "Point", "coordinates": [ -35100.75, 65859.25 ] } },
{ "type": "Feature", "properties": { "JYUSYU": "スギ", "JYUKO": 20.3, "CHOKKEI": 41.8, "TANBOKUZAISEKI": 1.165, "JUKANCHORITSU": 93, "KEIJOHI": 49, "SHURYOHISU": 0, "DATANENDO": 2023, "UNIQUENO": 61305714, "ADDDATE": "2024-03-29", "ADDTENANT": "17000F", "ADDUSER": "kikaku", "EDITDATE": "2024-03-29", "EDITTENANT": null, "EDITUSER": null, "X": -35059.75, "Y": 65859.25 }, "geometry": { "type": "Point", "coordinates": [ -35059.75, 65859.25 ] } },
{ "type": "Feature", "properties": { "JYUSYU": "スギ", "JYUKO": 34.5, "CHOKKEI": 65.1, "TANBOKUZAISEKI": 4.439, "JUKANCHORITSU": 55, "KEIJOHI": 53, "SHURYOHISU": 0, "DATANENDO": 2023, "UNIQUENO": 61305715, "ADDDATE": "2024-03-29", "ADDTENANT": "17000F", "ADDUSER": "kikaku", "EDITDATE": "2024-03-29", "EDITTENANT": null, "EDITUSER": null, "X": -35038.25, "Y": 65859.25 }, "geometry": { "type": "Point", "coordinates": [ -35038.25, 65859.25 ] } },
{ "type": "Feature", "properties": { "JYUSYU": "スギ", "JYUKO": 20.4, "CHOKKEI": 26.6, "TANBOKUZAISEKI": 0.513, "JUKANCHORITSU": 19, "KEIJOHI": 77, "SHURYOHISU": 0, "DATANENDO": 2023, "UNIQUENO": 61305716, "ADDDATE": "2024-03-29", "ADDTENANT": "17000F", "ADDUSER": "kikaku", "EDITDATE": "2024-03-29", "EDITTENANT": null, "EDITUSER": null, "X": -35102.750000000902, "Y": 65858.750000001906 }, "geometry": { "type": "Point", "coordinates": [ -35102.750000000902219, 65858.750000001906301 ] } },
{ "type": "Feature", "properties": { "JYUSYU": "スギ", "JYUKO": 28.7, "CHOKKEI": 47.1, "TANBOKUZAISEKI": 2.05, "JUKANCHORITSU": 46, "KEIJOHI": 61, "SHURYOHISU": 0, "DATANENDO": 2023, "UNIQUENO": 61305717, "ADDDATE": "2024-03-29", "ADDTENANT": "17000F", "ADDUSER": "kikaku", "EDITDATE": "2024-03-29", "EDITTENANT": null, "EDITUSER": null, "X": -35086.249999999098, "Y": 65858.750000001906 }, "geometry": { "type": "Point", "coordinates": [ -35086.249999999097781, 65858.750000001906301 ] } },
{ "type": "Feature", "properties": { "JYUSYU": "スギ", "JYUKO": 26.0, "CHOKKEI": 43.5, "TANBOKUZAISEKI": 1.608, "JUKANCHORITSU": 43, "KEIJOHI": 60, "SHURYOHISU": 0, "DATANENDO": 2023, "UNIQUENO": 61305718, "ADDDATE": "2024-03-29", "ADDTENANT": "17000F", "ADDUSER": "kikaku", "EDITDATE": "2024-03-29", "EDITTENANT": null, "EDITUSER": null, "X": -35094.749999999098, "Y": 65858.250000003696 }, "geometry": { "type": "Point", "coordinates": [ -35094.749999999097781, 65858.250000003696186 ] } },
{ "type": "Feature", "properties": { "JYUSYU": "スギ", "JYUKO": 29.3, "CHOKKEI": 52.3, "TANBOKUZAISEKI": 2.534, "JUKANCHORITSU": 48, "KEIJOHI": 56, "SHURYOHISU": 0, "DATANENDO": 2023, "UNIQUENO": 61305720, "ADDDATE": "2024-03-29", "ADDTENANT": "17000F", "ADDUSER": "kikaku", "EDITDATE": "2024-03-29", "EDITTENANT": null, "EDITUSER": null, "X": -35091.25, "Y": 65857.75 }, "geometry": { "type": "Point", "coordinates": [ -35091.25, 65857.75 ] } },
{ "type": "Feature", "properties": { "JYUSYU": "スギ", "JYUKO": 19.0, "CHOKKEI": 25.1, "TANBOKUZAISEKI": 0.432, "JUKANCHORITSU": 18, "KEIJOHI": 76, "SHURYOHISU": 0, "DATANENDO": 2023, "UNIQUENO": 61305723, "ADDDATE": "2024-03-29", "ADDTENANT": "17000F", "ADDUSER": "kikaku", "EDITDATE": "2024-03-29", "EDITTENANT": null, "EDITUSER": null, "X": -35104.749999999098, "Y": 65857.250000001906 }, "geometry": { "type": "Point", "coordinates": [ -35104.749999999097781, 65857.250000001906301 ] } },
{ "type": "Feature", "properties": { "JYUSYU": "スギ", "JYUKO": 27.3, "CHOKKEI": 55.8, "TANBOKUZAISEKI": 2.655, "JUKANCHORITSU": 94, "KEIJOHI": 49, "SHURYOHISU": 0, "DATANENDO": 2023, "UNIQUENO": 61305724, "ADDDATE": "2024-03-29", "ADDTENANT": "17000F", "ADDUSER": "kikaku", "EDITDATE": "2024-03-29", "EDITTENANT": null, "EDITUSER": null, "X": -35028.25, "Y": 65857.250000001906 }, "geometry": { "type": "Point", "coordinates": [ -35028.25, 65857.250000001906301 ] } },
{ "type": "Feature", "properties": { "JYUSYU": "スギ", "JYUKO": 18.3, "CHOKKEI": 29.6, "TANBOKUZAISEKI": 0.56, "JUKANCHORITSU": 18, "KEIJOHI": 62, "SHURYOHISU": 0, "DATANENDO": 2023, "UNIQUENO": 61305725, "ADDDATE": "2024-03-29", "ADDTENANT": "17000F", "ADDUSER": "kikaku", "EDITDATE": "2024-03-29", "EDITTENANT": null, "EDITUSER": null, "X": -35099.249999999098, "Y": 65856.750000003696 }, "geometry": { "type": "Point", "coordinates": [ -35099.249999999097781, 65856.750000003696186 ] } },
{ "type": "Feature", "properties": { "JYUSYU": "スギ", "JYUKO": 25.5, "CHOKKEI": 43.3, "TANBOKUZAISEKI": 1.557, "JUKANCHORITSU": 41, "KEIJOHI": 59, "SHURYOHISU": 0, "DATANENDO": 2023, "UNIQUENO": 61305726, "ADDDATE": "2024-03-29", "ADDTENANT": "17000F", "ADDUSER": "kikaku", "EDITDATE": "2024-03-29", "EDITTENANT": null, "EDITUSER": null, "X": -35080.749999999098, "Y": 65856.750000003696 }, "geometry": { "type": "Point", "coordinates": [ -35080.749999999097781, 65856.750000003696186 ] } },
{ "type": "Feature", "properties": { "JYUSYU": "スギ", "JYUKO": 4.2, "CHOKKEI": 8.0, "TANBOKUZAISEKI": 0.012, "JUKANCHORITSU": 73, "KEIJOHI": 53, "SHURYOHISU": 0, "DATANENDO": 2023, "UNIQUENO": 61305727, "ADDDATE": "2024-03-29", "ADDTENANT": "17000F", "ADDUSER": "kikaku", "EDITDATE": "2024-03-29", "EDITTENANT": null, "EDITUSER": null, "X": -35049.75, "Y": 65856.750000003696 }, "geometry": { "type": "Point", "coordinates": [ -35049.75, 65856.750000003696186 ] } },
{ "type": "Feature", "properties": { "JYUSYU": "スギ", "JYUKO": 26.2, "CHOKKEI": 44.8, "TANBOKUZAISEKI": 1.711, "JUKANCHORITSU": 41, "KEIJOHI": 59, "SHURYOHISU": 0, "DATANENDO": 2023, "UNIQUENO": 61305731, "ADDDATE": "2024-03-29", "ADDTENANT": "17000F", "ADDUSER": "kikaku", "EDITDATE": "2024-03-29", "EDITTENANT": null, "EDITUSER": null, "X": -35074.25, "Y": 65854.75 }, "geometry": { "type": "Point", "coordinates": [ -35074.25, 65854.75 ] } },
{ "type": "Feature", "properties": { "JYUSYU": "スギ", "JYUKO": 25.9, "CHOKKEI": 48.9, "TANBOKUZAISEKI": 1.981, "JUKANCHORITSU": 94, "KEIJOHI": 53, "SHURYOHISU": 0, "DATANENDO": 2023, "UNIQUENO": 61305732, "ADDDATE": "2024-03-29", "ADDTENANT": "17000F", "ADDUSER": "kikaku", "EDITDATE": "2024-03-29", "EDITTENANT": null, "EDITUSER": null, "X": -35069.75, "Y": 65854.250000001906 }, "geometry": { "type": "Point", "coordinates": [ -35069.75, 65854.250000001906301 ] } },
{ "type": "Feature", "properties": { "JYUSYU": "スギ", "JYUKO": 22.2, "CHOKKEI": 43.1, "TANBOKUZAISEKI": 1.349, "JUKANCHORITSU": 68, "KEIJOHI": 52, "SHURYOHISU": 0, "DATANENDO": 2023, "UNIQUENO": 61305735, "ADDDATE": "2024-03-29", "ADDTENANT": "17000F", "ADDUSER": "kikaku", "EDITDATE": "2024-03-29", "EDITTENANT": null, "EDITUSER": null, "X": -35057.749999999098, "Y": 65853.750000001906 }, "geometry": { "type": "Point", "coordinates": [ -35057.749999999097781, 65853.750000001906301 ] } },
{ "type": "Feature", "properties": { "JYUSYU": "スギ", "JYUKO": 16.8, "CHOKKEI": 31.4, "TANBOKUZAISEKI": 0.575, "JUKANCHORITSU": 91, "KEIJOHI": 54, "SHURYOHISU": 0, "DATANENDO": 2023, "UNIQUENO": 61305736, "ADDDATE": "2024-03-29", "ADDTENANT": "17000F", "ADDUSER": "kikaku", "EDITDATE": "2024-03-29", "EDITTENANT": null, "EDITUSER": null, "X": -35045.75, "Y": 65853.750000001906 }, "geometry": { "type": "Point", "coordinates": [ -35045.75, 65853.750000001906301 ] } },
{ "type": "Feature", "properties": { "JYUSYU": "スギ", "JYUKO": 22.5, "CHOKKEI": 38.1, "TANBOKUZAISEKI": 1.092, "JUKANCHORITSU": 57, "KEIJOHI": 59, "SHURYOHISU": 0, "DATANENDO": 2023, "UNIQUENO": 61305737, "ADDDATE": "2024-03-29", "ADDTENANT": "17000F", "ADDUSER": "kikaku", "EDITDATE": "2024-03-29", "EDITTENANT": null, "EDITUSER": null, "X": -35040.749999999098, "Y": 65853.750000001906 }, "geometry": { "type": "Point", "coordinates": [ -35040.749999999097781, 65853.750000001906301 ] } },
{ "type": "Feature", "properties": { "JYUSYU": "スギ", "JYUKO": 24.6, "CHOKKEI": 45.1, "TANBOKUZAISEKI": 1.62, "JUKANCHORITSU": 43, "KEIJOHI": 55, "SHURYOHISU": 0, "DATANENDO": 2023, "UNIQUENO": 61305738, "ADDDATE": "2024-03-29", "ADDTENANT": "17000F", "ADDUSER": "kikaku", "EDITDATE": "2024-03-29", "EDITTENANT": null, "EDITUSER": null, "X": -35035.249999999098, "Y": 65853.750000001906 }, "geometry": { "type": "Point", "coordinates": [ -35035.249999999097781, 65853.750000001906301 ] } },
{ "type": "Feature", "properties": { "JYUSYU": "スギ", "JYUKO": 19.6, "CHOKKEI": 32.2, "TANBOKUZAISEKI": 0.7, "JUKANCHORITSU": 94, "KEIJOHI": 61, "SHURYOHISU": 0, "DATANENDO": 2023, "UNIQUENO": 61305739, "ADDDATE": "2024-03-29", "ADDTENANT": "17000F", "ADDUSER": "kikaku", "EDITDATE": "2024-03-29", "EDITTENANT": null, "EDITUSER": null, "X": -35053.249999999098, "Y": 65853.25 }, "geometry": { "type": "Point", "coordinates": [ -35053.249999999097781, 65853.25 ] } },
{ "type": "Feature", "properties": { "JYUSYU": "スギ", "JYUKO": 23.1, "CHOKKEI": 32.5, "TANBOKUZAISEKI": 0.836, "JUKANCHORITSU": 78, "KEIJOHI": 71, "SHURYOHISU": 0, "DATANENDO": 2023, "UNIQUENO": 61305741, "ADDDATE": "2024-03-29", "ADDTENANT": "17000F", "ADDUSER": "kikaku", "EDITDATE": "2024-03-29", "EDITTENANT": null, "EDITUSER": null, "X": -35055.75, "Y": 65852.750000001906 }, "geometry": { "type": "Point", "coordinates": [ -35055.75, 65852.750000001906301 ] } },
{ "type": "Feature", "properties": { "JYUSYU": "スギ", "JYUKO": 25.3, "CHOKKEI": 47.4, "TANBOKUZAISEKI": 1.832, "JUKANCHORITSU": 77, "KEIJOHI": 53, "SHURYOHISU": 0, "DATANENDO": 2023, "UNIQUENO": 61305742, "ADDDATE": "2024-03-29", "ADDTENANT": "17000F", "ADDUSER": "kikaku", "EDITDATE": "2024-03-29", "EDITTENANT": null, "EDITUSER": null, "X": -35023.749999999098, "Y": 65852.750000001906 }, "geometry": { "type": "Point", "coordinates": [ -35023.749999999097781, 65852.750000001906301 ] } },
{ "type": "Feature", "properties": { "JYUSYU": "スギ", "JYUKO": 23.8, "CHOKKEI": 43.5, "TANBOKUZAISEKI": 1.471, "JUKANCHORITSU": 48, "KEIJOHI": 55, "SHURYOHISU": 0, "DATANENDO": 2023, "UNIQUENO": 61305745, "ADDDATE": "2024-03-29", "ADDTENANT": "17000F", "ADDUSER": "kikaku", "EDITDATE": "2024-03-29", "EDITTENANT": null, "EDITUSER": null, "X": -35097.249999998101, "Y": 65851.75 }, "geometry": { "type": "Point", "coordinates": [ -35097.249999998100975, 65851.75 ] } },
{ "type": "Feature", "properties": { "JYUSYU": "スギ", "JYUKO": 26.0, "CHOKKEI": 52.4, "TANBOKUZAISEKI": 2.261, "JUKANCHORITSU": 44, "KEIJOHI": 50, "SHURYOHISU": 0, "DATANENDO": 2023, "UNIQUENO": 61305746, "ADDDATE": "2024-03-29", "ADDTENANT": "17000F", "ADDUSER": "kikaku", "EDITDATE": "2024-03-29", "EDITTENANT": null, "EDITUSER": null, "X": -35082.75, "Y": 65851.75 }, "geometry": { "type": "Point", "coordinates": [ -35082.75, 65851.75 ] } },
{ "type": "Feature", "properties": { "JYUSYU": "スギ", "JYUKO": 30.1, "CHOKKEI": 56.7, "TANBOKUZAISEKI": 3.012, "JUKANCHORITSU": 62, "KEIJOHI": 53, "SHURYOHISU": 0, "DATANENDO": 2023, "UNIQUENO": 61305749, "ADDDATE": "2024-03-29", "ADDTENANT": "17000F", "ADDUSER": "kikaku", "EDITDATE": "2024-03-29", "EDITTENANT": null, "EDITUSER": null, "X": -35087.749999999098, "Y": 65851.250000001906 }, "geometry": { "type": "Point", "coordinates": [ -35087.749999999097781, 65851.250000001906301 ] } },
{ "type": "Feature", "properties": { "JYUSYU": "スギ", "JYUKO": 26.6, "CHOKKEI": 41.5, "TANBOKUZAISEKI": 1.508, "JUKANCHORITSU": 37, "KEIJOHI": 64, "SHURYOHISU": 0, "DATANENDO": 2023, "UNIQUENO": 61305750, "ADDDATE": "2024-03-29", "ADDTENANT": "17000F", "ADDUSER": "kikaku", "EDITDATE": "2024-03-29", "EDITTENANT": null, "EDITUSER": null, "X": -35075.750000000902, "Y": 65850.750000001906 }, "geometry": { "type": "Point", "coordinates": [ -35075.750000000902219, 65850.750000001906301 ] } },
{ "type": "Feature", "properties": { "JYUSYU": "スギ", "JYUKO": 21.8, "CHOKKEI": 35.6, "TANBOKUZAISEKI": 0.932, "JUKANCHORITSU": 65, "KEIJOHI": 61, "SHURYOHISU": 0, "DATANENDO": 2023, "UNIQUENO": 61305751, "ADDDATE": "2024-03-29", "ADDTENANT": "17000F", "ADDUSER": "kikaku", "EDITDATE": "2024-03-29", "EDITTENANT": null, "EDITUSER": null, "X": -35040.749999999098, "Y": 65850.25 }, "geometry": { "type": "Point", "coordinates": [ -35040.749999999097781, 65850.25 ] } },
{ "type": "Feature", "properties": { "JYUSYU": "スギ", "JYUKO": 23.9, "CHOKKEI": 39.0, "TANBOKUZAISEKI": 1.209, "JUKANCHORITSU": 30, "KEIJOHI": 61, "SHURYOHISU": 0, "DATANENDO": 2023, "UNIQUENO": 61305752, "ADDDATE": "2024-03-29", "ADDTENANT": "17000F", "ADDUSER": "kikaku", "EDITDATE": "2024-03-29", "EDITTENANT": null, "EDITUSER": null, "X": -35038.25, "Y": 65850.25 }, "geometry": { "type": "Point", "coordinates": [ -35038.25, 65850.25 ] } },
{ "type": "Feature", "properties": { "JYUSYU": "スギ", "JYUKO": 17.7, "CHOKKEI": 25.4, "TANBOKUZAISEKI": 0.411, "JUKANCHORITSU": 33, "KEIJOHI": 70, "SHURYOHISU": 0, "DATANENDO": 2023, "UNIQUENO": 61305755, "ADDDATE": "2024-03-29", "ADDTENANT": "17000F", "ADDUSER": "kikaku", "EDITDATE": "2024-03-29", "EDITTENANT": null, "EDITUSER": null, "X": -35100.75, "Y": 65849.75 }, "geometry": { "type": "Point", "coordinates": [ -35100.75, 65849.75 ] } },
{ "type": "Feature", "properties": { "JYUSYU": "スギ", "JYUKO": 18.6, "CHOKKEI": 30.2, "TANBOKUZAISEKI": 0.591, "JUKANCHORITSU": 20, "KEIJOHI": 62, "SHURYOHISU": 0, "DATANENDO": 2023, "UNIQUENO": 61305758, "ADDDATE": "2024-03-29", "ADDTENANT": "17000F", "ADDUSER": "kikaku", "EDITDATE": "2024-03-29", "EDITTENANT": null, "EDITUSER": null, "X": -35102.750000000902, "Y": 65849.250000001906 }, "geometry": { "type": "Point", "coordinates": [ -35102.750000000902219, 65849.250000001906301 ] } },
{ "type": "Feature", "properties": { "JYUSYU": "スギ", "JYUKO": 25.3, "CHOKKEI": 48.9, "TANBOKUZAISEKI": 1.937, "JUKANCHORITSU": 93, "KEIJOHI": 52, "SHURYOHISU": 0, "DATANENDO": 2023, "UNIQUENO": 61305759, "ADDDATE": "2024-03-29", "ADDTENANT": "17000F", "ADDUSER": "kikaku", "EDITDATE": "2024-03-29", "EDITTENANT": null, "EDITUSER": null, "X": -35062.75, "Y": 65849.250000001906 }, "geometry": { "type": "Point", "coordinates": [ -35062.75, 65849.250000001906301 ] } },
{ "type": "Feature", "properties": { "JYUSYU": "スギ", "JYUKO": 25.1, "CHOKKEI": 43.5, "TANBOKUZAISEKI": 1.545, "JUKANCHORITSU": 48, "KEIJOHI": 58, "SHURYOHISU": 0, "DATANENDO": 2023, "UNIQUENO": 61305760, "ADDDATE": "2024-03-29", "ADDTENANT": "17000F", "ADDUSER": "kikaku", "EDITDATE": "2024-03-29", "EDITTENANT": null, "EDITUSER": null, "X": -35026.249999999098, "Y": 65849.250000001906 }, "geometry": { "type": "Point", "coordinates": [ -35026.249999999097781, 65849.250000001906301 ] } },
{ "type": "Feature", "properties": { "JYUSYU": "スギ", "JYUKO": 26.1, "CHOKKEI": 42.3, "TANBOKUZAISEKI": 1.529, "JUKANCHORITSU": 40, "KEIJOHI": 62, "SHURYOHISU": 0, "DATANENDO": 2023, "UNIQUENO": 61305761, "ADDDATE": "2024-03-29", "ADDTENANT": "17000F", "ADDUSER": "kikaku", "EDITDATE": "2024-03-29", "EDITTENANT": null, "EDITUSER": null, "X": -35020.749999999098, "Y": 65849.250000001906 }, "geometry": { "type": "Point", "coordinates": [ -35020.749999999097781, 65849.250000001906301 ] } },
{ "type": "Feature", "properties": { "JYUSYU": "スギ", "JYUKO": 20.9, "CHOKKEI": 30.5, "TANBOKUZAISEKI": 0.673, "JUKANCHORITSU": 40, "KEIJOHI": 69, "SHURYOHISU": 0, "DATANENDO": 2023, "UNIQUENO": 61305764, "ADDDATE": "2024-03-29", "ADDTENANT": "17000F", "ADDUSER": "kikaku", "EDITDATE": "2024-03-29", "EDITTENANT": null, "EDITUSER": null, "X": -35095.749999998101, "Y": 65848.75 }, "geometry": { "type": "Point", "coordinates": [ -35095.749999998100975, 65848.75 ] } },
{ "type": "Feature", "properties": { "JYUSYU": "スギ", "JYUKO": 27.2, "CHOKKEI": 51.3, "TANBOKUZAISEKI": 2.267, "JUKANCHORITSU": 81, "KEIJOHI": 53, "SHURYOHISU": 0, "DATANENDO": 2023, "UNIQUENO": 61305765, "ADDDATE": "2024-03-29", "ADDTENANT": "17000F", "ADDUSER": "kikaku", "EDITDATE": "2024-03-29", "EDITTENANT": null, "EDITUSER": null, "X": -35068.749999998101, "Y": 65848.25 }, "geometry": { "type": "Point", "coordinates": [ -35068.749999998100975, 65848.25 ] } },
{ "type": "Feature", "properties": { "JYUSYU": "スギ", "JYUKO": 24.8, "CHOKKEI": 41.8, "TANBOKUZAISEKI": 1.427, "JUKANCHORITSU": 43, "KEIJOHI": 59, "SHURYOHISU": 0, "DATANENDO": 2023, "UNIQUENO": 61305766, "ADDDATE": "2024-03-29", "ADDTENANT": "17000F", "ADDUSER": "kikaku", "EDITDATE": "2024-03-29", "EDITTENANT": null, "EDITUSER": null, "X": -35055.25, "Y": 65848.25 }, "geometry": { "type": "Point", "coordinates": [ -35055.25, 65848.25 ] } },
{ "type": "Feature", "properties": { "JYUSYU": "スギ", "JYUKO": 21.0, "CHOKKEI": 33.0, "TANBOKUZAISEKI": 0.783, "JUKANCHORITSU": 43, "KEIJOHI": 64, "SHURYOHISU": 0, "DATANENDO": 2023, "UNIQUENO": 61305768, "ADDDATE": "2024-03-29", "ADDTENANT": "17000F", "ADDUSER": "kikaku", "EDITDATE": "2024-03-29", "EDITTENANT": null, "EDITUSER": null, "X": -35097.249999998101, "Y": 65847.750000001906 }, "geometry": { "type": "Point", "coordinates": [ -35097.249999998100975, 65847.750000001906301 ] } },
{ "type": "Feature", "properties": { "JYUSYU": "スギ", "JYUKO": 23.6, "CHOKKEI": 36.3, "TANBOKUZAISEKI": 1.048, "JUKANCHORITSU": 34, "KEIJOHI": 65, "SHURYOHISU": 0, "DATANENDO": 2023, "UNIQUENO": 61305772, "ADDDATE": "2024-03-29", "ADDTENANT": "17000F", "ADDUSER": "kikaku", "EDITDATE": "2024-03-29", "EDITTENANT": null, "EDITUSER": null, "X": -35086.75, "Y": 65847.25 }, "geometry": { "type": "Point", "coordinates": [ -35086.75, 65847.25 ] } },
{ "type": "Feature", "properties": { "JYUSYU": "スギ", "JYUKO": 20.6, "CHOKKEI": 32.8, "TANBOKUZAISEKI": 0.758, "JUKANCHORITSU": 39, "KEIJOHI": 63, "SHURYOHISU": 0, "DATANENDO": 2023, "UNIQUENO": 61305773, "ADDDATE": "2024-03-29", "ADDTENANT": "17000F", "ADDUSER": "kikaku", "EDITDATE": "2024-03-29", "EDITTENANT": null, "EDITUSER": null, "X": -35092.75, "Y": 65846.75 }, "geometry": { "type": "Point", "coordinates": [ -35092.75, 65846.75 ] } },
{ "type": "Feature", "properties": { "JYUSYU": "スギ", "JYUKO": 24.6, "CHOKKEI": 36.2, "TANBOKUZAISEKI": 1.085, "JUKANCHORITSU": 42, "KEIJOHI": 68, "SHURYOHISU": 0, "DATANENDO": 2023, "UNIQUENO": 61305774, "ADDDATE": "2024-03-29", "ADDTENANT": "17000F", "ADDUSER": "kikaku", "EDITDATE": "2024-03-29", "EDITTENANT": null, "EDITUSER": null, "X": -35090.249999999098, "Y": 65846.75 }, "geometry": { "type": "Point", "coordinates": [ -35090.249999999097781, 65846.75 ] } },
{ "type": "Feature", "properties": { "JYUSYU": "スギ", "JYUKO": 30.1, "CHOKKEI": 56.7, "TANBOKUZAISEKI": 3.012, "JUKANCHORITSU": 50, "KEIJOHI": 53, "SHURYOHISU": 0, "DATANENDO": 2023, "UNIQUENO": 61305775, "ADDDATE": "2024-03-29", "ADDTENANT": "17000F", "ADDUSER": "kikaku", "EDITDATE": "2024-03-29", "EDITTENANT": null, "EDITUSER": null, "X": -35075.25, "Y": 65846.75 }, "geometry": { "type": "Point", "coordinates": [ -35075.25, 65846.75 ] } },
{ "type": "Feature", "properties": { "JYUSYU": "スギ", "JYUKO": 23.9, "CHOKKEI": 32.8, "TANBOKUZAISEKI": 0.883, "JUKANCHORITSU": 26, "KEIJOHI": 73, "SHURYOHISU": 0, "DATANENDO": 2023, "UNIQUENO": 61305776, "ADDDATE": "2024-03-29", "ADDTENANT": "17000F", "ADDUSER": "kikaku", "EDITDATE": "2024-03-29", "EDITTENANT": null, "EDITUSER": null, "X": -35020.25, "Y": 65846.75 }, "geometry": { "type": "Point", "coordinates": [ -35020.25, 65846.75 ] } },
{ "type": "Feature", "properties": { "JYUSYU": "スギ", "JYUKO": 18.4, "CHOKKEI": 24.1, "TANBOKUZAISEKI": 0.385, "JUKANCHORITSU": 29, "KEIJOHI": 76, "SHURYOHISU": 0, "DATANENDO": 2023, "UNIQUENO": 61305778, "ADDDATE": "2024-03-29", "ADDTENANT": "17000F", "ADDUSER": "kikaku", "EDITDATE": "2024-03-29", "EDITTENANT": null, "EDITUSER": null, "X": -35102.25, "Y": 65846.250000001906 }, "geometry": { "type": "Point", "coordinates": [ -35102.25, 65846.250000001906301 ] } },
{ "type": "Feature", "properties": { "JYUSYU": "スギ", "JYUKO": 25.2, "CHOKKEI": 47.3, "TANBOKUZAISEKI": 1.815, "JUKANCHORITSU": 55, "KEIJOHI": 53, "SHURYOHISU": 0, "DATANENDO": 2023, "UNIQUENO": 61305779, "ADDDATE": "2024-03-29", "ADDTENANT": "17000F", "ADDUSER": "kikaku", "EDITDATE": "2024-03-29", "EDITTENANT": null, "EDITUSER": null, "X": -35052.75, "Y": 65846.250000001906 }, "geometry": { "type": "Point", "coordinates": [ -35052.75, 65846.250000001906301 ] } },
{ "type": "Feature", "properties": { "JYUSYU": "スギ", "JYUKO": 27.5, "CHOKKEI": 56.3, "TANBOKUZAISEKI": 2.724, "JUKANCHORITSU": 94, "KEIJOHI": 49, "SHURYOHISU": 0, "DATANENDO": 2023, "UNIQUENO": 61305780, "ADDDATE": "2024-03-29", "ADDTENANT": "17000F", "ADDUSER": "kikaku", "EDITDATE": "2024-03-29", "EDITTENANT": null, "EDITUSER": null, "X": -35046.75, "Y": 65846.250000001906 }, "geometry": { "type": "Point", "coordinates": [ -35046.75, 65846.250000001906301 ] } },
{ "type": "Feature", "properties": { "JYUSYU": "スギ", "JYUKO": 27.8, "CHOKKEI": 50.1, "TANBOKUZAISEKI": 2.222, "JUKANCHORITSU": 48, "KEIJOHI": 56, "SHURYOHISU": 0, "DATANENDO": 2023, "UNIQUENO": 61305781, "ADDDATE": "2024-03-29", "ADDTENANT": "17000F", "ADDUSER": "kikaku", "EDITDATE": "2024-03-29", "EDITTENANT": null, "EDITUSER": null, "X": -35033.249999998101, "Y": 65845.75 }, "geometry": { "type": "Point", "coordinates": [ -35033.249999998100975, 65845.75 ] } },
{ "type": "Feature", "properties": { "JYUSYU": "スギ", "JYUKO": 28.6, "CHOKKEI": 52.5, "TANBOKUZAISEKI": 2.487, "JUKANCHORITSU": 56, "KEIJOHI": 55, "SHURYOHISU": 0, "DATANENDO": 2023, "UNIQUENO": 61305784, "ADDDATE": "2024-03-29", "ADDTENANT": "17000F", "ADDUSER": "kikaku", "EDITDATE": "2024-03-29", "EDITTENANT": null, "EDITUSER": null, "X": -35029.75, "Y": 65845.25 }, "geometry": { "type": "Point", "coordinates": [ -35029.75, 65845.25 ] } },
{ "type": "Feature", "properties": { "JYUSYU": "スギ", "JYUKO": 20.6, "CHOKKEI": 33.1, "TANBOKUZAISEKI": 0.771, "JUKANCHORITSU": 34, "KEIJOHI": 62, "SHURYOHISU": 0, "DATANENDO": 2023, "UNIQUENO": 61305786, "ADDDATE": "2024-03-29", "ADDTENANT": "17000F", "ADDUSER": "kikaku", "EDITDATE": "2024-03-29", "EDITTENANT": null, "EDITUSER": null, "X": -35103.249999999098, "Y": 65844.750000001906 }, "geometry": { "type": "Point", "coordinates": [ -35103.249999999097781, 65844.750000001906301 ] } },
{ "type": "Feature", "properties": { "JYUSYU": "スギ", "JYUKO": 26.8, "CHOKKEI": 50.1, "TANBOKUZAISEKI": 2.139, "JUKANCHORITSU": 51, "KEIJOHI": 54, "SHURYOHISU": 0, "DATANENDO": 2023, "UNIQUENO": 61305788, "ADDDATE": "2024-03-29", "ADDTENANT": "17000F", "ADDUSER": "kikaku", "EDITDATE": "2024-03-29", "EDITTENANT": null, "EDITUSER": null, "X": -35067.749999999098, "Y": 65844.249999998094 }, "geometry": { "type": "Point", "coordinates": [ -35067.749999999097781, 65844.249999998093699 ] } },
{ "type": "Feature", "properties": { "JYUSYU": "スギ", "JYUKO": 15.1, "CHOKKEI": 24.7, "TANBOKUZAISEKI": 0.332, "JUKANCHORITSU": 24, "KEIJOHI": 61, "SHURYOHISU": 0, "DATANENDO": 2023, "UNIQUENO": 61305789, "ADDDATE": "2024-03-29", "ADDTENANT": "17000F", "ADDUSER": "kikaku", "EDITDATE": "2024-03-29", "EDITTENANT": null, "EDITUSER": null, "X": -35100.75, "Y": 65843.75 }, "geometry": { "type": "Point", "coordinates": [ -35100.75, 65843.75 ] } },
{ "type": "Feature", "properties": { "JYUSYU": "スギ", "JYUKO": 24.5, "CHOKKEI": 42.6, "TANBOKUZAISEKI": 1.456, "JUKANCHORITSU": 50, "KEIJOHI": 58, "SHURYOHISU": 0, "DATANENDO": 2023, "UNIQUENO": 61305790, "ADDDATE": "2024-03-29", "ADDTENANT": "17000F", "ADDUSER": "kikaku", "EDITDATE": "2024-03-29", "EDITTENANT": null, "EDITUSER": null, "X": -35088.25, "Y": 65843.75 }, "geometry": { "type": "Point", "coordinates": [ -35088.25, 65843.75 ] } },
{ "type": "Feature", "properties": { "JYUSYU": "スギ", "JYUKO": 22.4, "CHOKKEI": 34.8, "TANBOKUZAISEKI": 0.919, "JUKANCHORITSU": 32, "KEIJOHI": 64, "SHURYOHISU": 0, "DATANENDO": 2023, "UNIQUENO": 61305791, "ADDDATE": "2024-03-29", "ADDTENANT": "17000F", "ADDUSER": "kikaku", "EDITDATE": "2024-03-29", "EDITTENANT": null, "EDITUSER": null, "X": -35079.249999999098, "Y": 65843.75 }, "geometry": { "type": "Point", "coordinates": [ -35079.249999999097781, 65843.75 ] } },
{ "type": "Feature", "properties": { "JYUSYU": "スギ", "JYUKO": 25.4, "CHOKKEI": 45.7, "TANBOKUZAISEKI": 1.717, "JUKANCHORITSU": 48, "KEIJOHI": 56, "SHURYOHISU": 0, "DATANENDO": 2023, "UNIQUENO": 61305793, "ADDDATE": "2024-03-29", "ADDTENANT": "17000F", "ADDUSER": "kikaku", "EDITDATE": "2024-03-29", "EDITTENANT": null, "EDITUSER": null, "X": -35060.749999999098, "Y": 65843.250000001906 }, "geometry": { "type": "Point", "coordinates": [ -35060.749999999097781, 65843.250000001906301 ] } },
{ "type": "Feature", "properties": { "JYUSYU": "スギ", "JYUKO": 23.6, "CHOKKEI": 37.9, "TANBOKUZAISEKI": 1.133, "JUKANCHORITSU": 29, "KEIJOHI": 62, "SHURYOHISU": 0, "DATANENDO": 2023, "UNIQUENO": 61305794, "ADDDATE": "2024-03-29", "ADDTENANT": "17000F", "ADDUSER": "kikaku", "EDITDATE": "2024-03-29", "EDITTENANT": null, "EDITUSER": null, "X": -35024.25, "Y": 65843.250000001906 }, "geometry": { "type": "Point", "coordinates": [ -35024.25, 65843.250000001906301 ] } },
{ "type": "Feature", "properties": { "JYUSYU": "スギ", "JYUKO": 25.9, "CHOKKEI": 42.5, "TANBOKUZAISEKI": 1.528, "JUKANCHORITSU": 26, "KEIJOHI": 61, "SHURYOHISU": 0, "DATANENDO": 2023, "UNIQUENO": 61305795, "ADDDATE": "2024-03-29", "ADDTENANT": "17000F", "ADDUSER": "kikaku", "EDITDATE": "2024-03-29", "EDITTENANT": null, "EDITUSER": null, "X": -35019.249999999098, "Y": 65843.250000001906 }, "geometry": { "type": "Point", "coordinates": [ -35019.249999999097781, 65843.250000001906301 ] } },
{ "type": "Feature", "properties": { "JYUSYU": "スギ", "JYUKO": 21.7, "CHOKKEI": 32.0, "TANBOKUZAISEKI": 0.766, "JUKANCHORITSU": 34, "KEIJOHI": 68, "SHURYOHISU": 0, "DATANENDO": 2023, "UNIQUENO": 61305796, "ADDDATE": "2024-03-29", "ADDTENANT": "17000F", "ADDUSER": "kikaku", "EDITDATE": "2024-03-29", "EDITTENANT": null, "EDITUSER": null, "X": -35083.75, "Y": 65842.750000003696 }, "geometry": { "type": "Point", "coordinates": [ -35083.75, 65842.750000003696186 ] } },
{ "type": "Feature", "properties": { "JYUSYU": "スギ", "JYUKO": 25.8, "CHOKKEI": 52.7, "TANBOKUZAISEKI": 2.259, "JUKANCHORITSU": 86, "KEIJOHI": 49, "SHURYOHISU": 0, "DATANENDO": 2023, "UNIQUENO": 61305797, "ADDDATE": "2024-03-29", "ADDTENANT": "17000F", "ADDUSER": "kikaku", "EDITDATE": "2024-03-29", "EDITTENANT": null, "EDITUSER": null, "X": -35038.75, "Y": 65842.750000003696 }, "geometry": { "type": "Point", "coordinates": [ -35038.75, 65842.750000003696186 ] } },
{ "type": "Feature", "properties": { "JYUSYU": "スギ", "JYUKO": 15.6, "CHOKKEI": 26.0, "TANBOKUZAISEKI": 0.378, "JUKANCHORITSU": 36, "KEIJOHI": 60, "SHURYOHISU": 0, "DATANENDO": 2023, "UNIQUENO": 61305799, "ADDDATE": "2024-03-29", "ADDTENANT": "17000F", "ADDUSER": "kikaku", "EDITDATE": "2024-03-29", "EDITTENANT": null, "EDITUSER": null, "X": -35094.250000000902, "Y": 65842.25 }, "geometry": { "type": "Point", "coordinates": [ -35094.250000000902219, 65842.25 ] } },
{ "type": "Feature", "properties": { "JYUSYU": "スギ", "JYUKO": 29.0, "CHOKKEI": 47.9, "TANBOKUZAISEKI": 2.134, "JUKANCHORITSU": 43, "KEIJOHI": 61, "SHURYOHISU": 0, "DATANENDO": 2023, "UNIQUENO": 61305802, "ADDDATE": "2024-03-29", "ADDTENANT": "17000F", "ADDUSER": "kikaku", "EDITDATE": "2024-03-29", "EDITTENANT": null, "EDITUSER": null, "X": -35074.25, "Y": 65841.750000001906 }, "geometry": { "type": "Point", "coordinates": [ -35074.25, 65841.750000001906301 ] } },
{ "type": "Feature", "properties": { "JYUSYU": "スギ", "JYUKO": 26.8, "CHOKKEI": 45.0, "TANBOKUZAISEKI": 1.761, "JUKANCHORITSU": 37, "KEIJOHI": 60, "SHURYOHISU": 0, "DATANENDO": 2023, "UNIQUENO": 61305803, "ADDDATE": "2024-03-29", "ADDTENANT": "17000F", "ADDUSER": "kikaku", "EDITDATE": "2024-03-29", "EDITTENANT": null, "EDITUSER": null, "X": -35032.75, "Y": 65841.750000001906 }, "geometry": { "type": "Point", "coordinates": [ -35032.75, 65841.750000001906301 ] } },
{ "type": "Feature", "properties": { "JYUSYU": "スギ", "JYUKO": 23.6, "CHOKKEI": 36.1, "TANBOKUZAISEKI": 1.037, "JUKANCHORITSU": 28, "KEIJOHI": 65, "SHURYOHISU": 0, "DATANENDO": 2023, "UNIQUENO": 61305805, "ADDDATE": "2024-03-29", "ADDTENANT": "17000F", "ADDUSER": "kikaku", "EDITDATE": "2024-03-29", "EDITTENANT": null, "EDITUSER": null, "X": -35083.249999999098, "Y": 65841.250000003696 }, "geometry": { "type": "Point", "coordinates": [ -35083.249999999097781, 65841.250000003696186 ] } },
{ "type": "Feature", "properties": { "JYUSYU": "スギ", "JYUKO": 23.2, "CHOKKEI": 38.1, "TANBOKUZAISEKI": 1.125, "JUKANCHORITSU": 72, "KEIJOHI": 61, "SHURYOHISU": 0, "DATANENDO": 2023, "UNIQUENO": 61305806, "ADDDATE": "2024-03-29", "ADDTENANT": "17000F", "ADDUSER": "kikaku", "EDITDATE": "2024-03-29", "EDITTENANT": null, "EDITUSER": null, "X": -35085.749999998101, "Y": 65840.75 }, "geometry": { "type": "Point", "coordinates": [ -35085.749999998100975, 65840.75 ] } },
{ "type": "Feature", "properties": { "JYUSYU": "スギ", "JYUKO": 15.5, "CHOKKEI": 32.0, "TANBOKUZAISEKI": 0.549, "JUKANCHORITSU": 69, "KEIJOHI": 48, "SHURYOHISU": 0, "DATANENDO": 2023, "UNIQUENO": 61305809, "ADDDATE": "2024-03-29", "ADDTENANT": "17000F", "ADDUSER": "kikaku", "EDITDATE": "2024-03-29", "EDITTENANT": null, "EDITUSER": null, "X": -35096.249999999098, "Y": 65840.250000001906 }, "geometry": { "type": "Point", "coordinates": [ -35096.249999999097781, 65840.250000001906301 ] } },
{ "type": "Feature", "properties": { "JYUSYU": "スギ", "JYUKO": 26.3, "CHOKKEI": 39.2, "TANBOKUZAISEKI": 1.344, "JUKANCHORITSU": 54, "KEIJOHI": 67, "SHURYOHISU": 0, "DATANENDO": 2023, "UNIQUENO": 61305810, "ADDDATE": "2024-03-29", "ADDTENANT": "17000F", "ADDUSER": "kikaku", "EDITDATE": "2024-03-29", "EDITTENANT": null, "EDITUSER": null, "X": -35051.749999998101, "Y": 65840.250000001906 }, "geometry": { "type": "Point", "coordinates": [ -35051.749999998100975, 65840.250000001906301 ] } },
{ "type": "Feature", "properties": { "JYUSYU": "スギ", "JYUKO": 22.8, "CHOKKEI": 35.5, "TANBOKUZAISEKI": 0.971, "JUKANCHORITSU": 17, "KEIJOHI": 64, "SHURYOHISU": 0, "DATANENDO": 2023, "UNIQUENO": 61305811, "ADDDATE": "2024-03-29", "ADDTENANT": "17000F", "ADDUSER": "kikaku", "EDITDATE": "2024-03-29", "EDITTENANT": null, "EDITUSER": null, "X": -35026.749999999098, "Y": 65840.250000001906 }, "geometry": { "type": "Point", "coordinates": [ -35026.749999999097781, 65840.250000001906301 ] } },
{ "type": "Feature", "properties": { "JYUSYU": "スギ", "JYUKO": 23.4, "CHOKKEI": 31.9, "TANBOKUZAISEKI": 0.822, "JUKANCHORITSU": 20, "KEIJOHI": 73, "SHURYOHISU": 0, "DATANENDO": 2023, "UNIQUENO": 61305812, "ADDDATE": "2024-03-29", "ADDTENANT": "17000F", "ADDUSER": "kikaku", "EDITDATE": "2024-03-29", "EDITTENANT": null, "EDITUSER": null, "X": -35018.75, "Y": 65840.250000001906 }, "geometry": { "type": "Point", "coordinates": [ -35018.75, 65840.250000001906301 ] } },
{ "type": "Feature", "properties": { "JYUSYU": "スギ", "JYUKO": 18.7, "CHOKKEI": 38.0, "TANBOKUZAISEKI": 0.902, "JUKANCHORITSU": 62, "KEIJOHI": 49, "SHURYOHISU": 0, "DATANENDO": 2023, "UNIQUENO": 61305816, "ADDDATE": "2024-03-29", "ADDTENANT": "17000F", "ADDUSER": "kikaku", "EDITDATE": "2024-03-29", "EDITTENANT": null, "EDITUSER": null, "X": -35101.25, "Y": 65839.25 }, "geometry": { "type": "Point", "coordinates": [ -35101.25, 65839.25 ] } },
{ "type": "Feature", "properties": { "JYUSYU": "スギ", "JYUKO": 29.6, "CHOKKEI": 55.9, "TANBOKUZAISEKI": 2.881, "JUKANCHORITSU": 64, "KEIJOHI": 53, "SHURYOHISU": 0, "DATANENDO": 2023, "UNIQUENO": 61305817, "ADDDATE": "2024-03-29", "ADDTENANT": "17000F", "ADDUSER": "kikaku", "EDITDATE": "2024-03-29", "EDITTENANT": null, "EDITUSER": null, "X": -35077.749999999098, "Y": 65839.25 }, "geometry": { "type": "Point", "coordinates": [ -35077.749999999097781, 65839.25 ] } },
{ "type": "Feature", "properties": { "JYUSYU": "スギ", "JYUKO": 29.7, "CHOKKEI": 56.1, "TANBOKUZAISEKI": 2.907, "JUKANCHORITSU": 76, "KEIJOHI": 53, "SHURYOHISU": 0, "DATANENDO": 2023, "UNIQUENO": 61305818, "ADDDATE": "2024-03-29", "ADDTENANT": "17000F", "ADDUSER": "kikaku", "EDITDATE": "2024-03-29", "EDITTENANT": null, "EDITUSER": null, "X": -35054.749999999098, "Y": 65839.25 }, "geometry": { "type": "Point", "coordinates": [ -35054.749999999097781, 65839.25 ] } },
{ "type": "Feature", "properties": { "JYUSYU": "スギ", "JYUKO": 26.0, "CHOKKEI": 44.0, "TANBOKUZAISEKI": 1.639, "JUKANCHORITSU": 47, "KEIJOHI": 59, "SHURYOHISU": 0, "DATANENDO": 2023, "UNIQUENO": 61305819, "ADDDATE": "2024-03-29", "ADDTENANT": "17000F", "ADDUSER": "kikaku", "EDITDATE": "2024-03-29", "EDITTENANT": null, "EDITUSER": null, "X": -35022.75, "Y": 65839.25 }, "geometry": { "type": "Point", "coordinates": [ -35022.75, 65839.25 ] } },
{ "type": "Feature", "properties": { "JYUSYU": "スギ", "JYUKO": 28.9, "CHOKKEI": 51.9, "TANBOKUZAISEKI": 2.46, "JUKANCHORITSU": 54, "KEIJOHI": 56, "SHURYOHISU": 0, "DATANENDO": 2023, "UNIQUENO": 61305823, "ADDDATE": "2024-03-29", "ADDTENANT": "17000F", "ADDUSER": "kikaku", "EDITDATE": "2024-03-29", "EDITTENANT": null, "EDITUSER": null, "X": -35061.25, "Y": 65838.250000003696 }, "geometry": { "type": "Point", "coordinates": [ -35061.25, 65838.250000003696186 ] } },
{ "type": "Feature", "properties": { "JYUSYU": "スギ", "JYUKO": 17.6, "CHOKKEI": 32.4, "TANBOKUZAISEKI": 0.639, "JUKANCHORITSU": 94, "KEIJOHI": 54, "SHURYOHISU": 0, "DATANENDO": 2023, "UNIQUENO": 61305824, "ADDDATE": "2024-03-29", "ADDTENANT": "17000F", "ADDUSER": "kikaku", "EDITDATE": "2024-03-29", "EDITTENANT": null, "EDITUSER": null, "X": -35049.75, "Y": 65838.250000003696 }, "geometry": { "type": "Point", "coordinates": [ -35049.75, 65838.250000003696186 ] } },
{ "type": "Feature", "properties": { "JYUSYU": "スギ", "JYUKO": 24.3, "CHOKKEI": 48.4, "TANBOKUZAISEKI": 1.823, "JUKANCHORITSU": 88, "KEIJOHI": 50, "SHURYOHISU": 0, "DATANENDO": 2023, "UNIQUENO": 61305829, "ADDDATE": "2024-03-29", "ADDTENANT": "17000F", "ADDUSER": "kikaku", "EDITDATE": "2024-03-29", "EDITTENANT": null, "EDITUSER": null, "X": -35070.749999999098, "Y": 65836.750000001906 }, "geometry": { "type": "Point", "coordinates": [ -35070.749999999097781, 65836.750000001906301 ] } },
{ "type": "Feature", "properties": { "JYUSYU": "スギ", "JYUKO": 8.7, "CHOKKEI": 17.5, "TANBOKUZAISEKI": 0.102, "JUKANCHORITSU": 24, "KEIJOHI": 50, "SHURYOHISU": 0, "DATANENDO": 2023, "UNIQUENO": 61305830, "ADDDATE": "2024-03-29", "ADDTENANT": "17000F", "ADDUSER": "kikaku", "EDITDATE": "2024-03-29", "EDITTENANT": null, "EDITUSER": null, "X": -35098.749999999098, "Y": 65836.25 }, "geometry": { "type": "Point", "coordinates": [ -35098.749999999097781, 65836.25 ] } },
{ "type": "Feature", "properties": { "JYUSYU": "スギ", "JYUKO": 28.1, "CHOKKEI": 47.0, "TANBOKUZAISEKI": 1.996, "JUKANCHORITSU": 54, "KEIJOHI": 60, "SHURYOHISU": 0, "DATANENDO": 2023, "UNIQUENO": 61305831, "ADDDATE": "2024-03-29", "ADDTENANT": "17000F", "ADDUSER": "kikaku", "EDITDATE": "2024-03-29", "EDITTENANT": null, "EDITUSER": null, "X": -35066.249999999098, "Y": 65836.25 }, "geometry": { "type": "Point", "coordinates": [ -35066.249999999097781, 65836.25 ] } },
{ "type": "Feature", "properties": { "JYUSYU": "スギ", "JYUKO": 25.2, "CHOKKEI": 46.8, "TANBOKUZAISEKI": 1.782, "JUKANCHORITSU": 41, "KEIJOHI": 54, "SHURYOHISU": 0, "DATANENDO": 2023, "UNIQUENO": 61305832, "ADDDATE": "2024-03-29", "ADDTENANT": "17000F", "ADDUSER": "kikaku", "EDITDATE": "2024-03-29", "EDITTENANT": null, "EDITUSER": null, "X": -35029.249999999098, "Y": 65836.25 }, "geometry": { "type": "Point", "coordinates": [ -35029.249999999097781, 65836.25 ] } },
{ "type": "Feature", "properties": { "JYUSYU": "スギ", "JYUKO": 24.2, "CHOKKEI": 39.4, "TANBOKUZAISEKI": 1.248, "JUKANCHORITSU": 46, "KEIJOHI": 61, "SHURYOHISU": 0, "DATANENDO": 2023, "UNIQUENO": 61305833, "ADDDATE": "2024-03-29", "ADDTENANT": "17000F", "ADDUSER": "kikaku", "EDITDATE": "2024-03-29", "EDITTENANT": null, "EDITUSER": null, "X": -35018.75, "Y": 65836.25 }, "geometry": { "type": "Point", "coordinates": [ -35018.75, 65836.25 ] } },
{ "type": "Feature", "properties": { "JYUSYU": "スギ", "JYUKO": 10.5, "CHOKKEI": 20.0, "TANBOKUZAISEKI": 0.157, "JUKANCHORITSU": 47, "KEIJOHI": 53, "SHURYOHISU": 0, "DATANENDO": 2023, "UNIQUENO": 61305837, "ADDDATE": "2024-03-29", "ADDTENANT": "17000F", "ADDUSER": "kikaku", "EDITDATE": "2024-03-29", "EDITTENANT": null, "EDITUSER": null, "X": -35095.25, "Y": 65835.750000001906 }, "geometry": { "type": "Point", "coordinates": [ -35095.25, 65835.750000001906301 ] } },
{ "type": "Feature", "properties": { "JYUSYU": "スギ", "JYUKO": 23.7, "CHOKKEI": 42.2, "TANBOKUZAISEKI": 1.384, "JUKANCHORITSU": 55, "KEIJOHI": 56, "SHURYOHISU": 0, "DATANENDO": 2023, "UNIQUENO": 61305838, "ADDDATE": "2024-03-29", "ADDTENANT": "17000F", "ADDUSER": "kikaku", "EDITDATE": "2024-03-29", "EDITTENANT": null, "EDITUSER": null, "X": -35083.249999999098, "Y": 65835.750000001906 }, "geometry": { "type": "Point", "coordinates": [ -35083.249999999097781, 65835.750000001906301 ] } },
{ "type": "Feature", "properties": { "JYUSYU": "スギ", "JYUKO": 23.4, "CHOKKEI": 38.9, "TANBOKUZAISEKI": 1.177, "JUKANCHORITSU": 41, "KEIJOHI": 60, "SHURYOHISU": 0, "DATANENDO": 2023, "UNIQUENO": 61305839, "ADDDATE": "2024-03-29", "ADDTENANT": "17000F", "ADDUSER": "kikaku", "EDITDATE": "2024-03-29", "EDITTENANT": null, "EDITUSER": null, "X": -35081.749999999098, "Y": 65835.750000001906 }, "geometry": { "type": "Point", "coordinates": [ -35081.749999999097781, 65835.750000001906301 ] } },
{ "type": "Feature", "properties": { "JYUSYU": "スギ", "JYUKO": 24.2, "CHOKKEI": 37.5, "TANBOKUZAISEKI": 1.138, "JUKANCHORITSU": 36, "KEIJOHI": 65, "SHURYOHISU": 0, "DATANENDO": 2023, "UNIQUENO": 61305840, "ADDDATE": "2024-03-29", "ADDTENANT": "17000F", "ADDUSER": "kikaku", "EDITDATE": "2024-03-29", "EDITTENANT": null, "EDITUSER": null, "X": -35032.75, "Y": 65835.750000001906 }, "geometry": { "type": "Point", "coordinates": [ -35032.75, 65835.750000001906301 ] } },
{ "type": "Feature", "properties": { "JYUSYU": "スギ", "JYUKO": 25.1, "CHOKKEI": 36.9, "TANBOKUZAISEKI": 1.149, "JUKANCHORITSU": 34, "KEIJOHI": 68, "SHURYOHISU": 0, "DATANENDO": 2023, "UNIQUENO": 61305842, "ADDDATE": "2024-03-29", "ADDTENANT": "17000F", "ADDUSER": "kikaku", "EDITDATE": "2024-03-29", "EDITTENANT": null, "EDITUSER": null, "X": -35062.249999999098, "Y": 65835.250000001906 }, "geometry": { "type": "Point", "coordinates": [ -35062.249999999097781, 65835.250000001906301 ] } },
{ "type": "Feature", "properties": { "JYUSYU": "スギ", "JYUKO": 21.6, "CHOKKEI": 41.4, "TANBOKUZAISEKI": 1.217, "JUKANCHORITSU": 73, "KEIJOHI": 52, "SHURYOHISU": 0, "DATANENDO": 2023, "UNIQUENO": 61305845, "ADDDATE": "2024-03-29", "ADDTENANT": "17000F", "ADDUSER": "kikaku", "EDITDATE": "2024-03-29", "EDITTENANT": null, "EDITUSER": null, "X": -35088.749999998101, "Y": 65834.75 }, "geometry": { "type": "Point", "coordinates": [ -35088.749999998100975, 65834.75 ] } },
{ "type": "Feature", "properties": { "JYUSYU": "スギ", "JYUKO": 27.2, "CHOKKEI": 49.9, "TANBOKUZAISEKI": 2.151, "JUKANCHORITSU": 57, "KEIJOHI": 55, "SHURYOHISU": 0, "DATANENDO": 2023, "UNIQUENO": 61305851, "ADDDATE": "2024-03-29", "ADDTENANT": "17000F", "ADDUSER": "kikaku", "EDITDATE": "2024-03-29", "EDITTENANT": null, "EDITUSER": null, "X": -35057.250000000902, "Y": 65833.750000001906 }, "geometry": { "type": "Point", "coordinates": [ -35057.250000000902219, 65833.750000001906301 ] } },
{ "type": "Feature", "properties": { "JYUSYU": "スギ", "JYUKO": 21.3, "CHOKKEI": 32.0, "TANBOKUZAISEKI": 0.752, "JUKANCHORITSU": 58, "KEIJOHI": 67, "SHURYOHISU": 0, "DATANENDO": 2023, "UNIQUENO": 61305852, "ADDDATE": "2024-03-29", "ADDTENANT": "17000F", "ADDUSER": "kikaku", "EDITDATE": "2024-03-29", "EDITTENANT": null, "EDITUSER": null, "X": -35017.749999999098, "Y": 65833.25 }, "geometry": { "type": "Point", "coordinates": [ -35017.749999999097781, 65833.25 ] } },
{ "type": "Feature", "properties": { "JYUSYU": "スギ", "JYUKO": 21.8, "CHOKKEI": 37.8, "TANBOKUZAISEKI": 1.045, "JUKANCHORITSU": 59, "KEIJOHI": 58, "SHURYOHISU": 0, "DATANENDO": 2023, "UNIQUENO": 61305855, "ADDDATE": "2024-03-29", "ADDTENANT": "17000F", "ADDUSER": "kikaku", "EDITDATE": "2024-03-29", "EDITTENANT": null, "EDITUSER": null, "X": -35025.75, "Y": 65832.750000001906 }, "geometry": { "type": "Point", "coordinates": [ -35025.75, 65832.750000001906301 ] } },
{ "type": "Feature", "properties": { "JYUSYU": "スギ", "JYUKO": 31.8, "CHOKKEI": 61.3, "TANBOKUZAISEKI": 3.674, "JUKANCHORITSU": 54, "KEIJOHI": 52, "SHURYOHISU": 0, "DATANENDO": 2023, "UNIQUENO": 61305857, "ADDDATE": "2024-03-29", "ADDTENANT": "17000F", "ADDUSER": "kikaku", "EDITDATE": "2024-03-29", "EDITTENANT": null, "EDITUSER": null, "X": -35036.75, "Y": 65832.250000001906 }, "geometry": { "type": "Point", "coordinates": [ -35036.75, 65832.250000001906301 ] } },
{ "type": "Feature", "properties": { "JYUSYU": "スギ", "JYUKO": 23.5, "CHOKKEI": 47.1, "TANBOKUZAISEKI": 1.681, "JUKANCHORITSU": 72, "KEIJOHI": 50, "SHURYOHISU": 0, "DATANENDO": 2023, "UNIQUENO": 61305861, "ADDDATE": "2024-03-29", "ADDTENANT": "17000F", "ADDUSER": "kikaku", "EDITDATE": "2024-03-29", "EDITTENANT": null, "EDITUSER": null, "X": -35092.25, "Y": 65831.75 }, "geometry": { "type": "Point", "coordinates": [ -35092.25, 65831.75 ] } },
{ "type": "Feature", "properties": { "JYUSYU": "スギ", "JYUKO": 22.7, "CHOKKEI": 44.6, "TANBOKUZAISEKI": 1.463, "JUKANCHORITSU": 86, "KEIJOHI": 51, "SHURYOHISU": 0, "DATANENDO": 2023, "UNIQUENO": 61305862, "ADDDATE": "2024-03-29", "ADDTENANT": "17000F", "ADDUSER": "kikaku", "EDITDATE": "2024-03-29", "EDITTENANT": null, "EDITUSER": null, "X": -35043.249999998101, "Y": 65831.75 }, "geometry": { "type": "Point", "coordinates": [ -35043.249999998100975, 65831.75 ] } },
{ "type": "Feature", "properties": { "JYUSYU": "スギ", "JYUKO": 20.9, "CHOKKEI": 39.4, "TANBOKUZAISEKI": 1.079, "JUKANCHORITSU": 66, "KEIJOHI": 53, "SHURYOHISU": 0, "DATANENDO": 2023, "UNIQUENO": 61305868, "ADDDATE": "2024-03-29", "ADDTENANT": "17000F", "ADDUSER": "kikaku", "EDITDATE": "2024-03-29", "EDITTENANT": null, "EDITUSER": null, "X": -35094.749999999098, "Y": 65830.750000001906 }, "geometry": { "type": "Point", "coordinates": [ -35094.749999999097781, 65830.750000001906301 ] } },
{ "type": "Feature", "properties": { "JYUSYU": "スギ", "JYUKO": 27.0, "CHOKKEI": 55.2, "TANBOKUZAISEKI": 2.574, "JUKANCHORITSU": 96, "KEIJOHI": 49, "SHURYOHISU": 0, "DATANENDO": 2023, "UNIQUENO": 61305870, "ADDDATE": "2024-03-29", "ADDTENANT": "17000F", "ADDUSER": "kikaku", "EDITDATE": "2024-03-29", "EDITTENANT": null, "EDITUSER": null, "X": -35050.749999999098, "Y": 65830.25 }, "geometry": { "type": "Point", "coordinates": [ -35050.749999999097781, 65830.25 ] } },
{ "type": "Feature", "properties": { "JYUSYU": "スギ", "JYUKO": 20.7, "CHOKKEI": 38.2, "TANBOKUZAISEKI": 1.013, "JUKANCHORITSU": 90, "KEIJOHI": 54, "SHURYOHISU": 0, "DATANENDO": 2023, "UNIQUENO": 61305872, "ADDDATE": "2024-03-29", "ADDTENANT": "17000F", "ADDUSER": "kikaku", "EDITDATE": "2024-03-29", "EDITTENANT": null, "EDITUSER": null, "X": -35077.749999999098, "Y": 65829.75 }, "geometry": { "type": "Point", "coordinates": [ -35077.749999999097781, 65829.75 ] } },
{ "type": "Feature", "properties": { "JYUSYU": "スギ", "JYUKO": 24.4, "CHOKKEI": 47.8, "TANBOKUZAISEKI": 1.795, "JUKANCHORITSU": 94, "KEIJOHI": 51, "SHURYOHISU": 0, "DATANENDO": 2023, "UNIQUENO": 61305873, "ADDDATE": "2024-03-29", "ADDTENANT": "17000F", "ADDUSER": "kikaku", "EDITDATE": "2024-03-29", "EDITTENANT": null, "EDITUSER": null, "X": -35064.25, "Y": 65829.75 }, "geometry": { "type": "Point", "coordinates": [ -35064.25, 65829.75 ] } },
{ "type": "Feature", "properties": { "JYUSYU": "スギ", "JYUKO": 24.8, "CHOKKEI": 42.2, "TANBOKUZAISEKI": 1.449, "JUKANCHORITSU": 51, "KEIJOHI": 59, "SHURYOHISU": 0, "DATANENDO": 2023, "UNIQUENO": 61305874, "ADDDATE": "2024-03-29", "ADDTENANT": "17000F", "ADDUSER": "kikaku", "EDITDATE": "2024-03-29", "EDITTENANT": null, "EDITUSER": null, "X": -35043.749999999098, "Y": 65829.75 }, "geometry": { "type": "Point", "coordinates": [ -35043.749999999097781, 65829.75 ] } },
{ "type": "Feature", "properties": { "JYUSYU": "スギ", "JYUKO": 24.6, "CHOKKEI": 42.0, "TANBOKUZAISEKI": 1.421, "JUKANCHORITSU": 34, "KEIJOHI": 59, "SHURYOHISU": 0, "DATANENDO": 2023, "UNIQUENO": 61305875, "ADDDATE": "2024-03-29", "ADDTENANT": "17000F", "ADDUSER": "kikaku", "EDITDATE": "2024-03-29", "EDITTENANT": null, "EDITUSER": null, "X": -35028.25, "Y": 65829.75 }, "geometry": { "type": "Point", "coordinates": [ -35028.25, 65829.75 ] } },
{ "type": "Feature", "properties": { "JYUSYU": "スギ", "JYUKO": 30.2, "CHOKKEI": 45.0, "TANBOKUZAISEKI": 1.986, "JUKANCHORITSU": 35, "KEIJOHI": 67, "SHURYOHISU": 0, "DATANENDO": 2023, "UNIQUENO": 61305880, "ADDDATE": "2024-03-29", "ADDTENANT": "17000F", "ADDUSER": "kikaku", "EDITDATE": "2024-03-29", "EDITTENANT": null, "EDITUSER": null, "X": -35038.25, "Y": 65828.75 }, "geometry": { "type": "Point", "coordinates": [ -35038.25, 65828.75 ] } },
{ "type": "Feature", "properties": { "JYUSYU": "スギ", "JYUKO": 21.3, "CHOKKEI": 35.1, "TANBOKUZAISEKI": 0.887, "JUKANCHORITSU": 51, "KEIJOHI": 61, "SHURYOHISU": 0, "DATANENDO": 2023, "UNIQUENO": 61305884, "ADDDATE": "2024-03-29", "ADDTENANT": "17000F", "ADDUSER": "kikaku", "EDITDATE": "2024-03-29", "EDITTENANT": null, "EDITUSER": null, "X": -35081.25, "Y": 65828.25 }, "geometry": { "type": "Point", "coordinates": [ -35081.25, 65828.25 ] } },
{ "type": "Feature", "properties": { "JYUSYU": "スギ", "JYUKO": 28.8, "CHOKKEI": 48.7, "TANBOKUZAISEKI": 2.188, "JUKANCHORITSU": 88, "KEIJOHI": 59, "SHURYOHISU": 0, "DATANENDO": 2023, "UNIQUENO": 61305890, "ADDDATE": "2024-03-29", "ADDTENANT": "17000F", "ADDUSER": "kikaku", "EDITDATE": "2024-03-29", "EDITTENANT": null, "EDITUSER": null, "X": -35077.749999999098, "Y": 65826.75 }, "geometry": { "type": "Point", "coordinates": [ -35077.749999999097781, 65826.75 ] } },
{ "type": "Feature", "properties": { "JYUSYU": "スギ", "JYUKO": 28.5, "CHOKKEI": 49.0, "TANBOKUZAISEKI": 2.187, "JUKANCHORITSU": 47, "KEIJOHI": 58, "SHURYOHISU": 0, "DATANENDO": 2023, "UNIQUENO": 61305891, "ADDDATE": "2024-03-29", "ADDTENANT": "17000F", "ADDUSER": "kikaku", "EDITDATE": "2024-03-29", "EDITTENANT": null, "EDITUSER": null, "X": -35041.749999998101, "Y": 65826.75 }, "geometry": { "type": "Point", "coordinates": [ -35041.749999998100975, 65826.75 ] } },
{ "type": "Feature", "properties": { "JYUSYU": "スギ", "JYUKO": 13.2, "CHOKKEI": 23.0, "TANBOKUZAISEKI": 0.257, "JUKANCHORITSU": 48, "KEIJOHI": 57, "SHURYOHISU": 0, "DATANENDO": 2023, "UNIQUENO": 61305893, "ADDDATE": "2024-03-29", "ADDTENANT": "17000F", "ADDUSER": "kikaku", "EDITDATE": "2024-03-29", "EDITTENANT": null, "EDITUSER": null, "X": -35087.249999998101, "Y": 65826.250000001906 }, "geometry": { "type": "Point", "coordinates": [ -35087.249999998100975, 65826.250000001906301 ] } },
{ "type": "Feature", "properties": { "JYUSYU": "スギ", "JYUKO": 30.0, "CHOKKEI": 52.2, "TANBOKUZAISEKI": 2.577, "JUKANCHORITSU": 45, "KEIJOHI": 58, "SHURYOHISU": 0, "DATANENDO": 2023, "UNIQUENO": 61305894, "ADDDATE": "2024-03-29", "ADDTENANT": "17000F", "ADDUSER": "kikaku", "EDITDATE": "2024-03-29", "EDITTENANT": null, "EDITUSER": null, "X": -35029.75, "Y": 65826.250000001906 }, "geometry": { "type": "Point", "coordinates": [ -35029.75, 65826.250000001906301 ] } },
{ "type": "Feature", "properties": { "JYUSYU": "スギ", "JYUKO": 27.9, "CHOKKEI": 53.2, "TANBOKUZAISEKI": 2.49, "JUKANCHORITSU": 74, "KEIJOHI": 52, "SHURYOHISU": 0, "DATANENDO": 2023, "UNIQUENO": 61305899, "ADDDATE": "2024-03-29", "ADDTENANT": "17000F", "ADDUSER": "kikaku", "EDITDATE": "2024-03-29", "EDITTENANT": null, "EDITUSER": null, "X": -35061.749999999098, "Y": 65825.749999998094 }, "geometry": { "type": "Point", "coordinates": [ -35061.749999999097781, 65825.749999998093699 ] } },
{ "type": "Feature", "properties": { "JYUSYU": "スギ", "JYUKO": 26.5, "CHOKKEI": 43.9, "TANBOKUZAISEKI": 1.663, "JUKANCHORITSU": 32, "KEIJOHI": 60, "SHURYOHISU": 0, "DATANENDO": 2023, "UNIQUENO": 61305900, "ADDDATE": "2024-03-29", "ADDTENANT": "17000F", "ADDUSER": "kikaku", "EDITDATE": "2024-03-29", "EDITTENANT": null, "EDITUSER": null, "X": -35035.249999999098, "Y": 65825.749999998094 }, "geometry": { "type": "Point", "coordinates": [ -35035.249999999097781, 65825.749999998093699 ] } },
{ "type": "Feature", "properties": { "JYUSYU": "スギ", "JYUKO": 27.0, "CHOKKEI": 48.4, "TANBOKUZAISEKI": 2.028, "JUKANCHORITSU": 79, "KEIJOHI": 56, "SHURYOHISU": 0, "DATANENDO": 2023, "UNIQUENO": 61305902, "ADDDATE": "2024-03-29", "ADDTENANT": "17000F", "ADDUSER": "kikaku", "EDITDATE": "2024-03-29", "EDITTENANT": null, "EDITUSER": null, "X": -35057.250000000902, "Y": 65825.25 }, "geometry": { "type": "Point", "coordinates": [ -35057.250000000902219, 65825.25 ] } },
{ "type": "Feature", "properties": { "JYUSYU": "スギ", "JYUKO": 29.4, "CHOKKEI": 44.5, "TANBOKUZAISEKI": 1.889, "JUKANCHORITSU": 31, "KEIJOHI": 66, "SHURYOHISU": 0, "DATANENDO": 2023, "UNIQUENO": 61305908, "ADDDATE": "2024-03-29", "ADDTENANT": "17000F", "ADDUSER": "kikaku", "EDITDATE": "2024-03-29", "EDITTENANT": null, "EDITUSER": null, "X": -35078.25, "Y": 65824.250000003696 }, "geometry": { "type": "Point", "coordinates": [ -35078.25, 65824.250000003696186 ] } },
{ "type": "Feature", "properties": { "JYUSYU": "スギ", "JYUKO": 28.4, "CHOKKEI": 44.6, "TANBOKUZAISEKI": 1.836, "JUKANCHORITSU": 43, "KEIJOHI": 64, "SHURYOHISU": 0, "DATANENDO": 2023, "UNIQUENO": 61305909, "ADDDATE": "2024-03-29", "ADDTENANT": "17000F", "ADDUSER": "kikaku", "EDITDATE": "2024-03-29", "EDITTENANT": null, "EDITUSER": null, "X": -35076.75, "Y": 65824.250000003696 }, "geometry": { "type": "Point", "coordinates": [ -35076.75, 65824.250000003696186 ] } },
{ "type": "Feature", "properties": { "JYUSYU": "スギ", "JYUKO": 17.7, "CHOKKEI": 34.6, "TANBOKUZAISEKI": 0.723, "JUKANCHORITSU": 93, "KEIJOHI": 51, "SHURYOHISU": 0, "DATANENDO": 2023, "UNIQUENO": 61305910, "ADDDATE": "2024-03-29", "ADDTENANT": "17000F", "ADDUSER": "kikaku", "EDITDATE": "2024-03-29", "EDITTENANT": null, "EDITUSER": null, "X": -35070.749999999098, "Y": 65824.250000003696 }, "geometry": { "type": "Point", "coordinates": [ -35070.749999999097781, 65824.250000003696186 ] } },
{ "type": "Feature", "properties": { "JYUSYU": "スギ", "JYUKO": 24.6, "CHOKKEI": 36.9, "TANBOKUZAISEKI": 1.122, "JUKANCHORITSU": 47, "KEIJOHI": 67, "SHURYOHISU": 0, "DATANENDO": 2023, "UNIQUENO": 61305911, "ADDDATE": "2024-03-29", "ADDTENANT": "17000F", "ADDUSER": "kikaku", "EDITDATE": "2024-03-29", "EDITTENANT": null, "EDITUSER": null, "X": -35029.249999999098, "Y": 65823.75 }, "geometry": { "type": "Point", "coordinates": [ -35029.249999999097781, 65823.75 ] } },
{ "type": "Feature", "properties": { "JYUSYU": "スギ", "JYUKO": 25.3, "CHOKKEI": 44.1, "TANBOKUZAISEKI": 1.606, "JUKANCHORITSU": 58, "KEIJOHI": 57, "SHURYOHISU": 0, "DATANENDO": 2023, "UNIQUENO": 61305912, "ADDDATE": "2024-03-29", "ADDTENANT": "17000F", "ADDUSER": "kikaku", "EDITDATE": "2024-03-29", "EDITTENANT": null, "EDITUSER": null, "X": -35083.75, "Y": 65823.250000001906 }, "geometry": { "type": "Point", "coordinates": [ -35083.75, 65823.250000001906301 ] } },
{ "type": "Feature", "properties": { "JYUSYU": "スギ", "JYUKO": 23.6, "CHOKKEI": 44.7, "TANBOKUZAISEKI": 1.533, "JUKANCHORITSU": 65, "KEIJOHI": 53, "SHURYOHISU": 0, "DATANENDO": 2023, "UNIQUENO": 61305919, "ADDDATE": "2024-03-29", "ADDTENANT": "17000F", "ADDUSER": "kikaku", "EDITDATE": "2024-03-29", "EDITTENANT": null, "EDITUSER": null, "X": -35064.25, "Y": 65821.750000001906 }, "geometry": { "type": "Point", "coordinates": [ -35064.25, 65821.750000001906301 ] } },
{ "type": "Feature", "properties": { "JYUSYU": "スギ", "JYUKO": 22.0, "CHOKKEI": 38.7, "TANBOKUZAISEKI": 1.098, "JUKANCHORITSU": 43, "KEIJOHI": 57, "SHURYOHISU": 0, "DATANENDO": 2023, "UNIQUENO": 61305920, "ADDDATE": "2024-03-29", "ADDTENANT": "17000F", "ADDUSER": "kikaku", "EDITDATE": "2024-03-29", "EDITTENANT": null, "EDITUSER": null, "X": -35059.249999999098, "Y": 65821.750000001906 }, "geometry": { "type": "Point", "coordinates": [ -35059.249999999097781, 65821.750000001906301 ] } },
{ "type": "Feature", "properties": { "JYUSYU": "スギ", "JYUKO": 17.8, "CHOKKEI": 27.3, "TANBOKUZAISEKI": 0.47, "JUKANCHORITSU": 24, "KEIJOHI": 65, "SHURYOHISU": 0, "DATANENDO": 2023, "UNIQUENO": 61305921, "ADDDATE": "2024-03-29", "ADDTENANT": "17000F", "ADDUSER": "kikaku", "EDITDATE": "2024-03-29", "EDITTENANT": null, "EDITUSER": null, "X": -35045.75, "Y": 65821.750000001906 }, "geometry": { "type": "Point", "coordinates": [ -35045.75, 65821.750000001906301 ] } },
{ "type": "Feature", "properties": { "JYUSYU": "スギ", "JYUKO": 22.9, "CHOKKEI": 44.2, "TANBOKUZAISEKI": 1.458, "JUKANCHORITSU": 54, "KEIJOHI": 52, "SHURYOHISU": 0, "DATANENDO": 2023, "UNIQUENO": 61305924, "ADDDATE": "2024-03-29", "ADDTENANT": "17000F", "ADDUSER": "kikaku", "EDITDATE": "2024-03-29", "EDITTENANT": null, "EDITUSER": null, "X": -35088.749999998101, "Y": 65821.250000003696 }, "geometry": { "type": "Point", "coordinates": [ -35088.749999998100975, 65821.250000003696186 ] } },
{ "type": "Feature", "properties": { "JYUSYU": "スギ", "JYUKO": 23.4, "CHOKKEI": 46.8, "TANBOKUZAISEKI": 1.652, "JUKANCHORITSU": 73, "KEIJOHI": 50, "SHURYOHISU": 0, "DATANENDO": 2023, "UNIQUENO": 61305925, "ADDDATE": "2024-03-29", "ADDTENANT": "17000F", "ADDUSER": "kikaku", "EDITDATE": "2024-03-29", "EDITTENANT": null, "EDITUSER": null, "X": -35049.75, "Y": 65821.250000003696 }, "geometry": { "type": "Point", "coordinates": [ -35049.75, 65821.250000003696186 ] } },
{ "type": "Feature", "properties": { "JYUSYU": "スギ", "JYUKO": 23.2, "CHOKKEI": 31.4, "TANBOKUZAISEKI": 0.79, "JUKANCHORITSU": 17, "KEIJOHI": 74, "SHURYOHISU": 0, "DATANENDO": 2023, "UNIQUENO": 61305927, "ADDDATE": "2024-03-29", "ADDTENANT": "17000F", "ADDUSER": "kikaku", "EDITDATE": "2024-03-29", "EDITTENANT": null, "EDITUSER": null, "X": -35075.750000000902, "Y": 65820.75 }, "geometry": { "type": "Point", "coordinates": [ -35075.750000000902219, 65820.75 ] } },
{ "type": "Feature", "properties": { "JYUSYU": "スギ", "JYUKO": 21.5, "CHOKKEI": 29.0, "TANBOKUZAISEKI": 0.634, "JUKANCHORITSU": 35, "KEIJOHI": 74, "SHURYOHISU": 0, "DATANENDO": 2023, "UNIQUENO": 61305928, "ADDDATE": "2024-03-29", "ADDTENANT": "17000F", "ADDUSER": "kikaku", "EDITDATE": "2024-03-29", "EDITTENANT": null, "EDITUSER": null, "X": -35073.75, "Y": 65820.75 }, "geometry": { "type": "Point", "coordinates": [ -35073.75, 65820.75 ] } },
{ "type": "Feature", "properties": { "JYUSYU": "スギ", "JYUKO": 19.7, "CHOKKEI": 33.0, "TANBOKUZAISEKI": 0.736, "JUKANCHORITSU": 84, "KEIJOHI": 60, "SHURYOHISU": 0, "DATANENDO": 2023, "UNIQUENO": 61305929, "ADDDATE": "2024-03-29", "ADDTENANT": "17000F", "ADDUSER": "kikaku", "EDITDATE": "2024-03-29", "EDITTENANT": null, "EDITUSER": null, "X": -35070.749999999098, "Y": 65820.75 }, "geometry": { "type": "Point", "coordinates": [ -35070.749999999097781, 65820.75 ] } },
{ "type": "Feature", "properties": { "JYUSYU": "スギ", "JYUKO": 23.6, "CHOKKEI": 36.8, "TANBOKUZAISEKI": 1.077, "JUKANCHORITSU": 25, "KEIJOHI": 64, "SHURYOHISU": 0, "DATANENDO": 2023, "UNIQUENO": 61305930, "ADDDATE": "2024-03-29", "ADDTENANT": "17000F", "ADDUSER": "kikaku", "EDITDATE": "2024-03-29", "EDITTENANT": null, "EDITUSER": null, "X": -35038.75, "Y": 65820.75 }, "geometry": { "type": "Point", "coordinates": [ -35038.75, 65820.75 ] } },
{ "type": "Feature", "properties": { "JYUSYU": "スギ", "JYUKO": 27.2, "CHOKKEI": 46.4, "TANBOKUZAISEKI": 1.889, "JUKANCHORITSU": 34, "KEIJOHI": 59, "SHURYOHISU": 0, "DATANENDO": 2023, "UNIQUENO": 61305933, "ADDDATE": "2024-03-29", "ADDTENANT": "17000F", "ADDUSER": "kikaku", "EDITDATE": "2024-03-29", "EDITTENANT": null, "EDITUSER": null, "X": -35035.249999999098, "Y": 65820.250000001906 }, "geometry": { "type": "Point", "coordinates": [ -35035.249999999097781, 65820.250000001906301 ] } },
{ "type": "Feature", "properties": { "JYUSYU": "スギ", "JYUKO": 24.2, "CHOKKEI": 39.8, "TANBOKUZAISEKI": 1.271, "JUKANCHORITSU": 26, "KEIJOHI": 61, "SHURYOHISU": 0, "DATANENDO": 2023, "UNIQUENO": 61305936, "ADDDATE": "2024-03-29", "ADDTENANT": "17000F", "ADDUSER": "kikaku", "EDITDATE": "2024-03-29", "EDITTENANT": null, "EDITUSER": null, "X": -35031.749999998101, "Y": 65819.750000003696 }, "geometry": { "type": "Point", "coordinates": [ -35031.749999998100975, 65819.750000003696186 ] } },
{ "type": "Feature", "properties": { "JYUSYU": "スギ", "JYUKO": 21.9, "CHOKKEI": 39.1, "TANBOKUZAISEKI": 1.118, "JUKANCHORITSU": 25, "KEIJOHI": 56, "SHURYOHISU": 0, "DATANENDO": 2023, "UNIQUENO": 61305938, "ADDDATE": "2024-03-29", "ADDTENANT": "17000F", "ADDUSER": "kikaku", "EDITDATE": "2024-03-29", "EDITTENANT": null, "EDITUSER": null, "X": -35081.25, "Y": 65819.25 }, "geometry": { "type": "Point", "coordinates": [ -35081.25, 65819.25 ] } },
{ "type": "Feature", "properties": { "JYUSYU": "スギ", "JYUKO": 21.9, "CHOKKEI": 33.0, "TANBOKUZAISEKI": 0.815, "JUKANCHORITSU": 20, "KEIJOHI": 66, "SHURYOHISU": 0, "DATANENDO": 2023, "UNIQUENO": 61305943, "ADDDATE": "2024-03-29", "ADDTENANT": "17000F", "ADDUSER": "kikaku", "EDITDATE": "2024-03-29", "EDITTENANT": null, "EDITUSER": null, "X": -35078.25, "Y": 65818.750000001906 }, "geometry": { "type": "Point", "coordinates": [ -35078.25, 65818.750000001906301 ] } },
{ "type": "Feature", "properties": { "JYUSYU": "スギ", "JYUKO": 23.6, "CHOKKEI": 21.5, "TANBOKUZAISEKI": 0.402, "JUKANCHORITSU": 18, "KEIJOHI": 1, "SHURYOHISU": 0, "DATANENDO": 2023, "UNIQUENO": 61305944, "ADDDATE": "2024-03-29", "ADDTENANT": "17000F", "ADDUSER": "kikaku", "EDITDATE": "2024-03-29", "EDITTENANT": null, "EDITUSER": null, "X": -35059.75, "Y": 65818.750000001906 }, "geometry": { "type": "Point", "coordinates": [ -35059.75, 65818.750000001906301 ] } },
{ "type": "Feature", "properties": { "JYUSYU": "スギ", "JYUKO": 27.0, "CHOKKEI": 53.2, "TANBOKUZAISEKI": 2.403, "JUKANCHORITSU": 89, "KEIJOHI": 51, "SHURYOHISU": 0, "DATANENDO": 2023, "UNIQUENO": 61305945, "ADDDATE": "2024-03-29", "ADDTENANT": "17000F", "ADDUSER": "kikaku", "EDITDATE": "2024-03-29", "EDITTENANT": null, "EDITUSER": null, "X": -35041.749999998101, "Y": 65817.75 }, "geometry": { "type": "Point", "coordinates": [ -35041.749999998100975, 65817.75 ] } },
{ "type": "Feature", "properties": { "JYUSYU": "スギ", "JYUKO": 24.6, "CHOKKEI": 41.2, "TANBOKUZAISEKI": 1.372, "JUKANCHORITSU": 47, "KEIJOHI": 60, "SHURYOHISU": 0, "DATANENDO": 2023, "UNIQUENO": 61305946, "ADDDATE": "2024-03-29", "ADDTENANT": "17000F", "ADDUSER": "kikaku", "EDITDATE": "2024-03-29", "EDITTENANT": null, "EDITUSER": null, "X": -35059.75, "Y": 65817.250000001906 }, "geometry": { "type": "Point", "coordinates": [ -35059.75, 65817.250000001906301 ] } },
{ "type": "Feature", "properties": { "JYUSYU": "スギ", "JYUKO": 22.3, "CHOKKEI": 35.1, "TANBOKUZAISEKI": 0.929, "JUKANCHORITSU": 37, "KEIJOHI": 64, "SHURYOHISU": 0, "DATANENDO": 2023, "UNIQUENO": 61305949, "ADDDATE": "2024-03-29", "ADDTENANT": "17000F", "ADDUSER": "kikaku", "EDITDATE": "2024-03-29", "EDITTENANT": null, "EDITUSER": null, "X": -35028.75, "Y": 65816.750000001906 }, "geometry": { "type": "Point", "coordinates": [ -35028.75, 65816.750000001906301 ] } },
{ "type": "Feature", "properties": { "JYUSYU": "スギ", "JYUKO": 22.6, "CHOKKEI": 40.2, "TANBOKUZAISEKI": 1.208, "JUKANCHORITSU": 45, "KEIJOHI": 56, "SHURYOHISU": 0, "DATANENDO": 2023, "UNIQUENO": 61305951, "ADDDATE": "2024-03-29", "ADDTENANT": "17000F", "ADDUSER": "kikaku", "EDITDATE": "2024-03-29", "EDITTENANT": null, "EDITUSER": null, "X": -35051.749999998101, "Y": 65816.25 }, "geometry": { "type": "Point", "coordinates": [ -35051.749999998100975, 65816.25 ] } },
{ "type": "Feature", "properties": { "JYUSYU": "スギ", "JYUKO": 28.2, "CHOKKEI": 49.1, "TANBOKUZAISEKI": 2.169, "JUKANCHORITSU": 62, "KEIJOHI": 57, "SHURYOHISU": 0, "DATANENDO": 2023, "UNIQUENO": 61305952, "ADDDATE": "2024-03-29", "ADDTENANT": "17000F", "ADDUSER": "kikaku", "EDITDATE": "2024-03-29", "EDITTENANT": null, "EDITUSER": null, "X": -35072.75, "Y": 65815.750000001906 }, "geometry": { "type": "Point", "coordinates": [ -35072.75, 65815.750000001906301 ] } },
{ "type": "Feature", "properties": { "JYUSYU": "スギ", "JYUKO": 27.7, "CHOKKEI": 45.1, "TANBOKUZAISEKI": 1.82, "JUKANCHORITSU": 46, "KEIJOHI": 61, "SHURYOHISU": 0, "DATANENDO": 2023, "UNIQUENO": 61305954, "ADDDATE": "2024-03-29", "ADDTENANT": "17000F", "ADDUSER": "kikaku", "EDITDATE": "2024-03-29", "EDITTENANT": null, "EDITUSER": null, "X": -35056.75, "Y": 65815.250000001906 }, "geometry": { "type": "Point", "coordinates": [ -35056.75, 65815.250000001906301 ] } },
{ "type": "Feature", "properties": { "JYUSYU": "スギ", "JYUKO": 23.4, "CHOKKEI": 41.2, "TANBOKUZAISEKI": 1.311, "JUKANCHORITSU": 50, "KEIJOHI": 57, "SHURYOHISU": 0, "DATANENDO": 2023, "UNIQUENO": 61305957, "ADDDATE": "2024-03-29", "ADDTENANT": "17000F", "ADDUSER": "kikaku", "EDITDATE": "2024-03-29", "EDITTENANT": null, "EDITUSER": null, "X": -35032.249999999098, "Y": 65814.75 }, "geometry": { "type": "Point", "coordinates": [ -35032.249999999097781, 65814.75 ] } },
{ "type": "Feature", "properties": { "JYUSYU": "スギ", "JYUKO": 23.5, "CHOKKEI": 43.3, "TANBOKUZAISEKI": 1.439, "JUKANCHORITSU": 56, "KEIJOHI": 54, "SHURYOHISU": 0, "DATANENDO": 2023, "UNIQUENO": 61305959, "ADDDATE": "2024-03-29", "ADDTENANT": "17000F", "ADDUSER": "kikaku", "EDITDATE": "2024-03-29", "EDITTENANT": null, "EDITUSER": null, "X": -35080.749999999098, "Y": 65814.250000001906 }, "geometry": { "type": "Point", "coordinates": [ -35080.749999999097781, 65814.250000001906301 ] } },
{ "type": "Feature", "properties": { "JYUSYU": "スギ", "JYUKO": 25.5, "CHOKKEI": 51.0, "TANBOKUZAISEKI": 2.11, "JUKANCHORITSU": 93, "KEIJOHI": 50, "SHURYOHISU": 0, "DATANENDO": 2023, "UNIQUENO": 61305960, "ADDDATE": "2024-03-29", "ADDTENANT": "17000F", "ADDUSER": "kikaku", "EDITDATE": "2024-03-29", "EDITTENANT": null, "EDITUSER": null, "X": -35067.749999999098, "Y": 65814.250000001906 }, "geometry": { "type": "Point", "coordinates": [ -35067.749999999097781, 65814.250000001906301 ] } },
{ "type": "Feature", "properties": { "JYUSYU": "スギ", "JYUKO": 27.6, "CHOKKEI": 47.8, "TANBOKUZAISEKI": 2.022, "JUKANCHORITSU": 40, "KEIJOHI": 58, "SHURYOHISU": 0, "DATANENDO": 2023, "UNIQUENO": 61305961, "ADDDATE": "2024-03-29", "ADDTENANT": "17000F", "ADDUSER": "kikaku", "EDITDATE": "2024-03-29", "EDITTENANT": null, "EDITUSER": null, "X": -35037.25, "Y": 65814.250000001906 }, "geometry": { "type": "Point", "coordinates": [ -35037.25, 65814.250000001906301 ] } },
{ "type": "Feature", "properties": { "JYUSYU": "スギ", "JYUKO": 26.6, "CHOKKEI": 42.4, "TANBOKUZAISEKI": 1.565, "JUKANCHORITSU": 28, "KEIJOHI": 63, "SHURYOHISU": 0, "DATANENDO": 2023, "UNIQUENO": 61305962, "ADDDATE": "2024-03-29", "ADDTENANT": "17000F", "ADDUSER": "kikaku", "EDITDATE": "2024-03-29", "EDITTENANT": null, "EDITUSER": null, "X": -35055.75, "Y": 65813.750000001906 }, "geometry": { "type": "Point", "coordinates": [ -35055.75, 65813.750000001906301 ] } },
{ "type": "Feature", "properties": { "JYUSYU": "スギ", "JYUKO": 21.3, "CHOKKEI": 33.5, "TANBOKUZAISEKI": 0.816, "JUKANCHORITSU": 56, "KEIJOHI": 64, "SHURYOHISU": 0, "DATANENDO": 2023, "UNIQUENO": 61305964, "ADDDATE": "2024-03-29", "ADDTENANT": "17000F", "ADDUSER": "kikaku", "EDITDATE": "2024-03-29", "EDITTENANT": null, "EDITUSER": null, "X": -35060.249999998101, "Y": 65812.75 }, "geometry": { "type": "Point", "coordinates": [ -35060.249999998100975, 65812.75 ] } },
{ "type": "Feature", "properties": { "JYUSYU": "スギ", "JYUKO": 21.6, "CHOKKEI": 40.4, "TANBOKUZAISEKI": 1.167, "JUKANCHORITSU": 91, "KEIJOHI": 54, "SHURYOHISU": 0, "DATANENDO": 2023, "UNIQUENO": 61305965, "ADDDATE": "2024-03-29", "ADDTENANT": "17000F", "ADDUSER": "kikaku", "EDITDATE": "2024-03-29", "EDITTENANT": null, "EDITUSER": null, "X": -35048.750000000902, "Y": 65812.75 }, "geometry": { "type": "Point", "coordinates": [ -35048.750000000902219, 65812.75 ] } },
{ "type": "Feature", "properties": { "JYUSYU": "スギ", "JYUKO": 27.9, "CHOKKEI": 43.8, "TANBOKUZAISEKI": 1.746, "JUKANCHORITSU": 46, "KEIJOHI": 64, "SHURYOHISU": 0, "DATANENDO": 2023, "UNIQUENO": 61305968, "ADDDATE": "2024-03-29", "ADDTENANT": "17000F", "ADDUSER": "kikaku", "EDITDATE": "2024-03-29", "EDITTENANT": null, "EDITUSER": null, "X": -35071.749999999098, "Y": 65812.250000001906 }, "geometry": { "type": "Point", "coordinates": [ -35071.749999999097781, 65812.250000001906301 ] } },
{ "type": "Feature", "properties": { "JYUSYU": "スギ", "JYUKO": 24.9, "CHOKKEI": 42.7, "TANBOKUZAISEKI": 1.484, "JUKANCHORITSU": 44, "KEIJOHI": 58, "SHURYOHISU": 0, "DATANENDO": 2023, "UNIQUENO": 61305971, "ADDDATE": "2024-03-29", "ADDTENANT": "17000F", "ADDUSER": "kikaku", "EDITDATE": "2024-03-29", "EDITTENANT": null, "EDITUSER": null, "X": -35076.249999999098, "Y": 65811.75 }, "geometry": { "type": "Point", "coordinates": [ -35076.249999999097781, 65811.75 ] } },
{ "type": "Feature", "properties": { "JYUSYU": "スギ", "JYUKO": 22.0, "CHOKKEI": 31.6, "TANBOKUZAISEKI": 0.758, "JUKANCHORITSU": 91, "KEIJOHI": 70, "SHURYOHISU": 0, "DATANENDO": 2023, "UNIQUENO": 61305974, "ADDDATE": "2024-03-29", "ADDTENANT": "17000F", "ADDUSER": "kikaku", "EDITDATE": "2024-03-29", "EDITTENANT": null, "EDITUSER": null, "X": -35043.749999999098, "Y": 65810.750000001906 }, "geometry": { "type": "Point", "coordinates": [ -35043.749999999097781, 65810.750000001906301 ] } },
{ "type": "Feature", "properties": { "JYUSYU": "スギ", "JYUKO": 25.1, "CHOKKEI": 38.2, "TANBOKUZAISEKI": 1.219, "JUKANCHORITSU": 35, "KEIJOHI": 66, "SHURYOHISU": 0, "DATANENDO": 2023, "UNIQUENO": 61305976, "ADDDATE": "2024-03-29", "ADDTENANT": "17000F", "ADDUSER": "kikaku", "EDITDATE": "2024-03-29", "EDITTENANT": null, "EDITUSER": null, "X": -35052.249999999098, "Y": 65810.25 }, "geometry": { "type": "Point", "coordinates": [ -35052.249999999097781, 65810.25 ] } },
{ "type": "Feature", "properties": { "JYUSYU": "スギ", "JYUKO": 25.0, "CHOKKEI": 34.1, "TANBOKUZAISEKI": 0.99, "JUKANCHORITSU": 33, "KEIJOHI": 73, "SHURYOHISU": 0, "DATANENDO": 2023, "UNIQUENO": 61305980, "ADDDATE": "2024-03-29", "ADDTENANT": "17000F", "ADDUSER": "kikaku", "EDITDATE": "2024-03-29", "EDITTENANT": null, "EDITUSER": null, "X": -35041.749999998101, "Y": 65809.75 }, "geometry": { "type": "Point", "coordinates": [ -35041.749999998100975, 65809.75 ] } },
{ "type": "Feature", "properties": { "JYUSYU": "スギ", "JYUKO": 23.8, "CHOKKEI": 41.0, "TANBOKUZAISEKI": 1.321, "JUKANCHORITSU": 92, "KEIJOHI": 58, "SHURYOHISU": 0, "DATANENDO": 2023, "UNIQUENO": 61305983, "ADDDATE": "2024-03-29", "ADDTENANT": "17000F", "ADDUSER": "kikaku", "EDITDATE": "2024-03-29", "EDITTENANT": null, "EDITUSER": null, "X": -35057.749999999098, "Y": 65809.250000001906 }, "geometry": { "type": "Point", "coordinates": [ -35057.749999999097781, 65809.250000001906301 ] } },
{ "type": "Feature", "properties": { "JYUSYU": "スギ", "JYUKO": 19.5, "CHOKKEI": 30.4, "TANBOKUZAISEKI": 0.628, "JUKANCHORITSU": 21, "KEIJOHI": 64, "SHURYOHISU": 0, "DATANENDO": 2023, "UNIQUENO": 61305986, "ADDDATE": "2024-03-29", "ADDTENANT": "17000F", "ADDUSER": "kikaku", "EDITDATE": "2024-03-29", "EDITTENANT": null, "EDITUSER": null, "X": -35075.25, "Y": 65808.749999998094 }, "geometry": { "type": "Point", "coordinates": [ -35075.25, 65808.749999998093699 ] } },
{ "type": "Feature", "properties": { "JYUSYU": "スギ", "JYUKO": 23.1, "CHOKKEI": 25.5, "TANBOKUZAISEKI": 0.537, "JUKANCHORITSU": 30, "KEIJOHI": 91, "SHURYOHISU": 0, "DATANENDO": 2023, "UNIQUENO": 61305987, "ADDDATE": "2024-03-29", "ADDTENANT": "17000F", "ADDUSER": "kikaku", "EDITDATE": "2024-03-29", "EDITTENANT": null, "EDITUSER": null, "X": -35050.749999999098, "Y": 65808.25 }, "geometry": { "type": "Point", "coordinates": [ -35050.749999999097781, 65808.25 ] } },
{ "type": "Feature", "properties": { "JYUSYU": "スギ", "JYUKO": 24.9, "CHOKKEI": 33.6, "TANBOKUZAISEKI": 0.959, "JUKANCHORITSU": 55, "KEIJOHI": 74, "SHURYOHISU": 0, "DATANENDO": 2023, "UNIQUENO": 61305988, "ADDDATE": "2024-03-29", "ADDTENANT": "17000F", "ADDUSER": "kikaku", "EDITDATE": "2024-03-29", "EDITTENANT": null, "EDITUSER": null, "X": -35044.25, "Y": 65808.25 }, "geometry": { "type": "Point", "coordinates": [ -35044.25, 65808.25 ] } },
{ "type": "Feature", "properties": { "JYUSYU": "スギ", "JYUKO": 29.1, "CHOKKEI": 48.5, "TANBOKUZAISEKI": 2.19, "JUKANCHORITSU": 35, "KEIJOHI": 60, "SHURYOHISU": 0, "DATANENDO": 2023, "UNIQUENO": 61305989, "ADDDATE": "2024-03-29", "ADDTENANT": "17000F", "ADDUSER": "kikaku", "EDITDATE": "2024-03-29", "EDITTENANT": null, "EDITUSER": null, "X": -35037.749999999098, "Y": 65808.25 }, "geometry": { "type": "Point", "coordinates": [ -35037.749999999097781, 65808.25 ] } },
{ "type": "Feature", "properties": { "JYUSYU": "スギ", "JYUKO": 19.0, "CHOKKEI": 27.1, "TANBOKUZAISEKI": 0.498, "JUKANCHORITSU": 16, "KEIJOHI": 70, "SHURYOHISU": 0, "DATANENDO": 2023, "UNIQUENO": 61305995, "ADDDATE": "2024-03-29", "ADDTENANT": "17000F", "ADDUSER": "kikaku", "EDITDATE": "2024-03-29", "EDITTENANT": null, "EDITUSER": null, "X": -35071.25, "Y": 65807.249999998094 }, "geometry": { "type": "Point", "coordinates": [ -35071.25, 65807.249999998093699 ] } },
{ "type": "Feature", "properties": { "JYUSYU": "スギ", "JYUKO": 25.6, "CHOKKEI": 39.5, "TANBOKUZAISEKI": 1.327, "JUKANCHORITSU": 34, "KEIJOHI": 65, "SHURYOHISU": 0, "DATANENDO": 2023, "UNIQUENO": 61305996, "ADDDATE": "2024-03-29", "ADDTENANT": "17000F", "ADDUSER": "kikaku", "EDITDATE": "2024-03-29", "EDITTENANT": null, "EDITUSER": null, "X": -35053.249999999098, "Y": 65807.249999998094 }, "geometry": { "type": "Point", "coordinates": [ -35053.249999999097781, 65807.249999998093699 ] } },
{ "type": "Feature", "properties": { "JYUSYU": "スギ", "JYUKO": 19.1, "CHOKKEI": 32.5, "TANBOKUZAISEKI": 0.693, "JUKANCHORITSU": 27, "KEIJOHI": 59, "SHURYOHISU": 0, "DATANENDO": 2023, "UNIQUENO": 61305999, "ADDDATE": "2024-03-29", "ADDTENANT": "17000F", "ADDUSER": "kikaku", "EDITDATE": "2024-03-29", "EDITTENANT": null, "EDITUSER": null, "X": -35075.25, "Y": 65806.75 }, "geometry": { "type": "Point", "coordinates": [ -35075.25, 65806.75 ] } },
{ "type": "Feature", "properties": { "JYUSYU": "スギ", "JYUKO": 22.8, "CHOKKEI": 30.9, "TANBOKUZAISEKI": 0.753, "JUKANCHORITSU": 29, "KEIJOHI": 74, "SHURYOHISU": 0, "DATANENDO": 2023, "UNIQUENO": 61306000, "ADDDATE": "2024-03-29", "ADDTENANT": "17000F", "ADDUSER": "kikaku", "EDITDATE": "2024-03-29", "EDITTENANT": null, "EDITUSER": null, "X": -35050.249999998101, "Y": 65806.75 }, "geometry": { "type": "Point", "coordinates": [ -35050.249999998100975, 65806.75 ] } },
{ "type": "Feature", "properties": { "JYUSYU": "スギ", "JYUKO": 18.0, "CHOKKEI": 22.4, "TANBOKUZAISEKI": 0.331, "JUKANCHORITSU": 15, "KEIJOHI": 80, "SHURYOHISU": 0, "DATANENDO": 2023, "UNIQUENO": 61306001, "ADDDATE": "2024-03-29", "ADDTENANT": "17000F", "ADDUSER": "kikaku", "EDITDATE": "2024-03-29", "EDITTENANT": null, "EDITUSER": null, "X": -35072.75, "Y": 65806.250000001906 }, "geometry": { "type": "Point", "coordinates": [ -35072.75, 65806.250000001906301 ] } },
{ "type": "Feature", "properties": { "JYUSYU": "スギ", "JYUKO": 23.5, "CHOKKEI": 36.1, "TANBOKUZAISEKI": 1.029, "JUKANCHORITSU": 48, "KEIJOHI": 65, "SHURYOHISU": 0, "DATANENDO": 2023, "UNIQUENO": 61306002, "ADDDATE": "2024-03-29", "ADDTENANT": "17000F", "ADDUSER": "kikaku", "EDITDATE": "2024-03-29", "EDITTENANT": null, "EDITUSER": null, "X": -35046.249999999098, "Y": 65806.250000001906 }, "geometry": { "type": "Point", "coordinates": [ -35046.249999999097781, 65806.250000001906301 ] } },
{ "type": "Feature", "properties": { "JYUSYU": "スギ", "JYUKO": 28.6, "CHOKKEI": 58.4, "TANBOKUZAISEKI": 3.024, "JUKANCHORITSU": 96, "KEIJOHI": 49, "SHURYOHISU": 0, "DATANENDO": 2023, "UNIQUENO": 61306005, "ADDDATE": "2024-03-29", "ADDTENANT": "17000F", "ADDUSER": "kikaku", "EDITDATE": "2024-03-29", "EDITTENANT": null, "EDITUSER": null, "X": -35066.75, "Y": 65805.750000003696 }, "geometry": { "type": "Point", "coordinates": [ -35066.75, 65805.750000003696186 ] } },
{ "type": "Feature", "properties": { "JYUSYU": "スギ", "JYUKO": 25.6, "CHOKKEI": 31.5, "TANBOKUZAISEKI": 0.873, "JUKANCHORITSU": 99, "KEIJOHI": 81, "SHURYOHISU": 0, "DATANENDO": 2023, "UNIQUENO": 61306006, "ADDDATE": "2024-03-29", "ADDTENANT": "17000F", "ADDUSER": "kikaku", "EDITDATE": "2024-03-29", "EDITTENANT": null, "EDITUSER": null, "X": -35040.749999999098, "Y": 65805.750000003696 }, "geometry": { "type": "Point", "coordinates": [ -35040.749999999097781, 65805.750000003696186 ] } },
{ "type": "Feature", "properties": { "JYUSYU": "スギ", "JYUKO": 22.9, "CHOKKEI": 27.4, "TANBOKUZAISEKI": 0.607, "JUKANCHORITSU": 41, "KEIJOHI": 84, "SHURYOHISU": 0, "DATANENDO": 2023, "UNIQUENO": 61306008, "ADDDATE": "2024-03-29", "ADDTENANT": "17000F", "ADDUSER": "kikaku", "EDITDATE": "2024-03-29", "EDITTENANT": null, "EDITUSER": null, "X": -35052.249999999098, "Y": 65805.25 }, "geometry": { "type": "Point", "coordinates": [ -35052.249999999097781, 65805.25 ] } },
{ "type": "Feature", "properties": { "JYUSYU": "スギ", "JYUKO": 26.5, "CHOKKEI": 50.8, "TANBOKUZAISEKI": 2.177, "JUKANCHORITSU": 96, "KEIJOHI": 52, "SHURYOHISU": 0, "DATANENDO": 2023, "UNIQUENO": 61306011, "ADDDATE": "2024-03-29", "ADDTENANT": "17000F", "ADDUSER": "kikaku", "EDITDATE": "2024-03-29", "EDITTENANT": null, "EDITUSER": null, "X": -35057.250000000902, "Y": 65804.750000001906 }, "geometry": { "type": "Point", "coordinates": [ -35057.250000000902219, 65804.750000001906301 ] } },
{ "type": "Feature", "properties": { "JYUSYU": "スギ", "JYUKO": 27.5, "CHOKKEI": 40.2, "TANBOKUZAISEKI": 1.472, "JUKANCHORITSU": 18, "KEIJOHI": 68, "SHURYOHISU": 0, "DATANENDO": 2023, "UNIQUENO": 61306012, "ADDDATE": "2024-03-29", "ADDTENANT": "17000F", "ADDUSER": "kikaku", "EDITDATE": "2024-03-29", "EDITTENANT": null, "EDITUSER": null, "X": -35042.75, "Y": 65804.250000003696 }, "geometry": { "type": "Point", "coordinates": [ -35042.75, 65804.250000003696186 ] } },
{ "type": "Feature", "properties": { "JYUSYU": "スギ", "JYUKO": 25.7, "CHOKKEI": 32.1, "TANBOKUZAISEKI": 0.909, "JUKANCHORITSU": 14, "KEIJOHI": 80, "SHURYOHISU": 0, "DATANENDO": 2023, "UNIQUENO": 61306013, "ADDDATE": "2024-03-29", "ADDTENANT": "17000F", "ADDUSER": "kikaku", "EDITDATE": "2024-03-29", "EDITTENANT": null, "EDITUSER": null, "X": -35040.749999999098, "Y": 65804.250000003696 }, "geometry": { "type": "Point", "coordinates": [ -35040.749999999097781, 65804.250000003696186 ] } },
{ "type": "Feature", "properties": { "JYUSYU": "スギ", "JYUKO": 14.0, "CHOKKEI": 20.5, "TANBOKUZAISEKI": 0.22, "JUKANCHORITSU": 15, "KEIJOHI": 68, "SHURYOHISU": 0, "DATANENDO": 2023, "UNIQUENO": 61306018, "ADDDATE": "2024-03-29", "ADDTENANT": "17000F", "ADDUSER": "kikaku", "EDITDATE": "2024-03-29", "EDITTENANT": null, "EDITUSER": null, "X": -35070.249999998101, "Y": 65802.750000003696 }, "geometry": { "type": "Point", "coordinates": [ -35070.249999998100975, 65802.750000003696186 ] } },
{ "type": "Feature", "properties": { "JYUSYU": "スギ", "JYUKO": 21.7, "CHOKKEI": 24.8, "TANBOKUZAISEKI": 0.481, "JUKANCHORITSU": 27, "KEIJOHI": 88, "SHURYOHISU": 0, "DATANENDO": 2023, "UNIQUENO": 61306019, "ADDDATE": "2024-03-29", "ADDTENANT": "17000F", "ADDUSER": "kikaku", "EDITDATE": "2024-03-29", "EDITTENANT": null, "EDITUSER": null, "X": -35048.750000000902, "Y": 65802.750000003696 }, "geometry": { "type": "Point", "coordinates": [ -35048.750000000902219, 65802.750000003696186 ] } },
{ "type": "Feature", "properties": { "JYUSYU": "スギ", "JYUKO": 24.9, "CHOKKEI": 22.4, "TANBOKUZAISEKI": 0.456, "JUKANCHORITSU": 10, "KEIJOHI": 1, "SHURYOHISU": 0, "DATANENDO": 2023, "UNIQUENO": 61306020, "ADDDATE": "2024-03-29", "ADDTENANT": "17000F", "ADDUSER": "kikaku", "EDITDATE": "2024-03-29", "EDITTENANT": null, "EDITUSER": null, "X": -35046.249999999098, "Y": 65802.750000003696 }, "geometry": { "type": "Point", "coordinates": [ -35046.249999999097781, 65802.750000003696186 ] } },
{ "type": "Feature", "properties": { "JYUSYU": "スギ", "JYUKO": 25.8, "CHOKKEI": 30.5, "TANBOKUZAISEKI": 0.833, "JUKANCHORITSU": 12, "KEIJOHI": 85, "SHURYOHISU": 0, "DATANENDO": 2023, "UNIQUENO": 61306021, "ADDDATE": "2024-03-29", "ADDTENANT": "17000F", "ADDUSER": "kikaku", "EDITDATE": "2024-03-29", "EDITTENANT": null, "EDITUSER": null, "X": -35043.249999998101, "Y": 65802.750000003696 }, "geometry": { "type": "Point", "coordinates": [ -35043.249999998100975, 65802.750000003696186 ] } },
{ "type": "Feature", "properties": { "JYUSYU": "スギ", "JYUKO": 19.0, "CHOKKEI": 29.8, "TANBOKUZAISEKI": 0.589, "JUKANCHORITSU": 33, "KEIJOHI": 64, "SHURYOHISU": 0, "DATANENDO": 2023, "UNIQUENO": 61306026, "ADDDATE": "2024-03-29", "ADDTENANT": "17000F", "ADDUSER": "kikaku", "EDITDATE": "2024-03-29", "EDITTENANT": null, "EDITUSER": null, "X": -35073.249999999098, "Y": 65801.750000001906 }, "geometry": { "type": "Point", "coordinates": [ -35073.249999999097781, 65801.750000001906301 ] } },
{ "type": "Feature", "properties": { "JYUSYU": "スギ", "JYUKO": 25.0, "CHOKKEI": 29.5, "TANBOKUZAISEKI": 0.756, "JUKANCHORITSU": 13, "KEIJOHI": 85, "SHURYOHISU": 0, "DATANENDO": 2023, "UNIQUENO": 61306027, "ADDDATE": "2024-03-29", "ADDTENANT": "17000F", "ADDUSER": "kikaku", "EDITDATE": "2024-03-29", "EDITTENANT": null, "EDITUSER": null, "X": -35045.249999999098, "Y": 65801.750000001906 }, "geometry": { "type": "Point", "coordinates": [ -35045.249999999097781, 65801.750000001906301 ] } },
{ "type": "Feature", "properties": { "JYUSYU": "スギ", "JYUKO": 18.3, "CHOKKEI": 20.0, "TANBOKUZAISEKI": 0.273, "JUKANCHORITSU": 41, "KEIJOHI": 92, "SHURYOHISU": 0, "DATANENDO": 2023, "UNIQUENO": 61306028, "ADDDATE": "2024-03-29", "ADDTENANT": "17000F", "ADDUSER": "kikaku", "EDITDATE": "2024-03-29", "EDITTENANT": null, "EDITUSER": null, "X": -35070.749999999098, "Y": 65801.250000003696 }, "geometry": { "type": "Point", "coordinates": [ -35070.749999999097781, 65801.250000003696186 ] } },
{ "type": "Feature", "properties": { "JYUSYU": "スギ", "JYUKO": 25.4, "CHOKKEI": 44.2, "TANBOKUZAISEKI": 1.611, "JUKANCHORITSU": 58, "KEIJOHI": 58, "SHURYOHISU": 0, "DATANENDO": 2023, "UNIQUENO": 61306029, "ADDDATE": "2024-03-29", "ADDTENANT": "17000F", "ADDUSER": "kikaku", "EDITDATE": "2024-03-29", "EDITTENANT": null, "EDITUSER": null, "X": -35063.249999999098, "Y": 65801.250000003696 }, "geometry": { "type": "Point", "coordinates": [ -35063.249999999097781, 65801.250000003696186 ] } },
{ "type": "Feature", "properties": { "JYUSYU": "スギ", "JYUKO": 24.7, "CHOKKEI": 34.2, "TANBOKUZAISEKI": 0.984, "JUKANCHORITSU": 15, "KEIJOHI": 72, "SHURYOHISU": 0, "DATANENDO": 2023, "UNIQUENO": 61306032, "ADDDATE": "2024-03-29", "ADDTENANT": "17000F", "ADDUSER": "kikaku", "EDITDATE": "2024-03-29", "EDITTENANT": null, "EDITUSER": null, "X": -35044.749999999098, "Y": 65800.75 }, "geometry": { "type": "Point", "coordinates": [ -35044.749999999097781, 65800.75 ] } },
{ "type": "Feature", "properties": { "JYUSYU": "スギ", "JYUKO": 23.0, "CHOKKEI": 36.2, "TANBOKUZAISEKI": 1.013, "JUKANCHORITSU": 42, "KEIJOHI": 64, "SHURYOHISU": 0, "DATANENDO": 2023, "UNIQUENO": 61306039, "ADDDATE": "2024-03-29", "ADDTENANT": "17000F", "ADDUSER": "kikaku", "EDITDATE": "2024-03-29", "EDITTENANT": null, "EDITUSER": null, "X": -35050.249999998101, "Y": 65799.25 }, "geometry": { "type": "Point", "coordinates": [ -35050.249999998100975, 65799.25 ] } },
{ "type": "Feature", "properties": { "JYUSYU": "スギ", "JYUKO": 25.3, "CHOKKEI": 44.4, "TANBOKUZAISEKI": 1.625, "JUKANCHORITSU": 37, "KEIJOHI": 57, "SHURYOHISU": 0, "DATANENDO": 2023, "UNIQUENO": 61306043, "ADDDATE": "2024-03-29", "ADDTENANT": "17000F", "ADDUSER": "kikaku", "EDITDATE": "2024-03-29", "EDITTENANT": null, "EDITUSER": null, "X": -35056.249999999098, "Y": 65798.250000001906 }, "geometry": { "type": "Point", "coordinates": [ -35056.249999999097781, 65798.250000001906301 ] } },
{ "type": "Feature", "properties": { "JYUSYU": "スギ", "JYUKO": 24.4, "CHOKKEI": 43.4, "TANBOKUZAISEKI": 1.5, "JUKANCHORITSU": 48, "KEIJOHI": 56, "SHURYOHISU": 0, "DATANENDO": 2023, "UNIQUENO": 61306050, "ADDDATE": "2024-03-29", "ADDTENANT": "17000F", "ADDUSER": "kikaku", "EDITDATE": "2024-03-29", "EDITTENANT": null, "EDITUSER": null, "X": -35051.749999998101, "Y": 65796.750000001906 }, "geometry": { "type": "Point", "coordinates": [ -35051.749999998100975, 65796.750000001906301 ] } },
{ "type": "Feature", "properties": { "JYUSYU": "スギ", "JYUKO": 23.2, "CHOKKEI": 36.6, "TANBOKUZAISEKI": 1.046, "JUKANCHORITSU": 36, "KEIJOHI": 63, "SHURYOHISU": 0, "DATANENDO": 2023, "UNIQUENO": 61306061, "ADDDATE": "2024-03-29", "ADDTENANT": "17000F", "ADDUSER": "kikaku", "EDITDATE": "2024-03-29", "EDITTENANT": null, "EDITUSER": null, "X": -35056.249999999098, "Y": 65794.25 }, "geometry": { "type": "Point", "coordinates": [ -35056.249999999097781, 65794.25 ] } },
{ "type": "Feature", "properties": { "JYUSYU": "スギ", "JYUKO": 16.1, "CHOKKEI": 23.4, "TANBOKUZAISEKI": 0.321, "JUKANCHORITSU": 26, "KEIJOHI": 69, "SHURYOHISU": 0, "DATANENDO": 2023, "UNIQUENO": 61306068, "ADDDATE": "2024-03-29", "ADDTENANT": "17000F", "ADDUSER": "kikaku", "EDITDATE": "2024-03-29", "EDITTENANT": null, "EDITUSER": null, "X": -35052.75, "Y": 65792.250000001906 }, "geometry": { "type": "Point", "coordinates": [ -35052.75, 65792.250000001906301 ] } },
{ "type": "Feature", "properties": { "JYUSYU": "スギ", "JYUKO": 15.5, "CHOKKEI": 32.0, "TANBOKUZAISEKI": 0.55, "JUKANCHORITSU": 37, "KEIJOHI": 48, "SHURYOHISU": 0, "DATANENDO": 2023, "UNIQUENO": 61306072, "ADDDATE": "2024-03-29", "ADDTENANT": "17000F", "ADDUSER": "kikaku", "EDITDATE": "2024-03-29", "EDITTENANT": null, "EDITUSER": null, "X": -35048.25, "Y": 65791.25 }, "geometry": { "type": "Point", "coordinates": [ -35048.25, 65791.25 ] } }
]
}
